Expected_Return,Risk_Volatility,Sharpe_Ratio,Weight_Tech_stock_data,Weight_Healthcare_stock_data,Weight_Energy_stock_data,Weight_Crypto_stock_data,Portfolio_Type
0.150007266,0.199376285,0.652069855,0.337163745,0.031748422,0.318406288,0.312681545,Simulated Portfolio
0.179210352,0.196869694,0.808709297,0.355056585,0.078613688,0.314728835,0.251600892,Simulated Portfolio
0.425304492,0.234924102,1.725257168,0.392978571,0.466319906,0.054115944,0.086585579,Simulated Portfolio
0.318493512,0.211680658,1.41011236,0.139513872,0.321072209,0.001862006,0.537551912,Simulated Portfolio
0.306148748,0.198962987,1.438200906,0.332434449,0.271476986,0.057826804,0.338261762,Simulated Portfolio
0.182932261,0.201507048,0.808568548,0.162609961,0.131651619,0.411824186,0.293914234,Simulated Portfolio
0.30736839,0.200122111,1.435965216,0.285248488,0.291308086,0.133842995,0.28960043,Simulated Portfolio
0.317291118,0.212888984,1.396460787,0.187826691,0.345847857,0.297240523,0.169084929,Simulated Portfolio
0.272626446,0.218924242,1.153944596,0.136858053,0.300313447,0.484202708,0.078625792,Simulated Portfolio
0.346764924,0.219142567,1.49110658,0.121961285,0.383340235,0.086011643,0.408686837,Simulated Portfolio
0.144666627,0.212162583,0.587599498,0.215487355,0.008048015,0.015579432,0.760885198,Simulated Portfolio
0.226379455,0.20276542,1.017823723,0.135962728,0.170292866,0.068476885,0.625267521,Simulated Portfolio
0.209178632,0.19632969,0.963576278,0.268713499,0.151962258,0.362987798,0.216336444,Simulated Portfolio
0.23266791,0.194408591,1.093922391,0.389815468,0.147446606,0.170386158,0.292351767,Simulated Portfolio
0.257608694,0.196031468,1.212094649,0.242992246,0.226995847,0.251316952,0.278694954,Simulated Portfolio
0.394681456,0.229924437,1.629585187,0.313578083,0.445930138,0.205278289,0.03521349,Simulated Portfolio
0.21419516,0.208781658,0.930135154,0.056566622,0.194397717,0.323945399,0.425090262,Simulated Portfolio
0.544060232,0.299249446,1.751248798,0.176224712,0.714783101,0.083933204,0.025058983,Simulated Portfolio
0.208497204,0.197481808,0.95450414,0.427844696,0.101581302,0.194187407,0.276386595,Simulated Portfolio
0.39531928,0.2474258,1.516896298,0.148852833,0.494172029,0.348553607,0.008421531,Simulated Portfolio
0.233738299,0.198200449,1.078394627,0.174260346,0.203336642,0.294458953,0.327944059,Simulated Portfolio
0.239849258,0.194368956,1.131092442,0.297996818,0.189081918,0.274541311,0.238379953,Simulated Portfolio
0.302945092,0.20504299,1.37993058,0.194359282,0.310430923,0.21929118,0.275918616,Simulated Portfolio
0.349813247,0.219373126,1.503435055,0.476443289,0.335541871,0.178792789,0.00922205,Simulated Portfolio
0.416676931,0.260225697,1.524357259,0.087251768,0.540064471,0.329923293,0.042760469,Simulated Portfolio
0.144833366,0.205449222,0.607611774,0.420920239,0.009002314,0.329967944,0.240109503,Simulated Portfolio
0.212791901,0.193506887,0.996305113,0.325826343,0.136673174,0.270181656,0.267318827,Simulated Portfolio
0.384090887,0.251829527,1.445783151,0.002955232,0.490828997,0.262673479,0.243542293,Simulated Portfolio
0.265395305,0.197762295,1.24085992,0.233461861,0.243510301,0.262161764,0.260866074,Simulated Portfolio
0.362029017,0.22746862,1.503631655,0.106321079,0.423716154,0.178214908,0.291747858,Simulated Portfolio
0.228712769,0.197178726,1.058495372,0.424498817,0.139423066,0.212771464,0.223306652,Simulated Portfolio
0.130289184,0.203722781,0.541368928,0.224505556,0.005624256,0.215448654,0.554421534,Simulated Portfolio
0.324353995,0.227010016,1.340707341,0.03590986,0.379382526,0.245556001,0.339151613,Simulated Portfolio
0.331822737,0.218387975,1.427838403,0.119572021,0.374007647,0.219538913,0.286881419,Simulated Portfolio
0.316306253,0.228479327,1.296862422,0.01411938,0.371326743,0.261521694,0.353032182,Simulated Portfolio
0.228741411,0.192724009,1.08311057,0.337903587,0.154452351,0.206810619,0.300833443,Simulated Portfolio
0.305428823,0.215138741,1.326719778,0.199472735,0.333568123,0.383210611,0.08374853,Simulated Portfolio
0.136816192,0.201342437,0.58018664,0.332241826,0.009916199,0.319319303,0.338522672,Simulated Portfolio
0.320718346,0.219389498,1.370705295,0.146411447,0.364333704,0.339082509,0.15017234,Simulated Portfolio
0.178273225,0.198543905,0.797169899,0.337893326,0.08785969,0.379060063,0.195186921,Simulated Portfolio
0.128383608,0.2178441,0.497528316,0.030731495,0.065136248,0.445032964,0.459099293,Simulated Portfolio
0.333361361,0.231951794,1.350976232,0.004155504,0.392043189,0.173499586,0.43030172,Simulated Portfolio
0.377419417,0.236048911,1.514175244,0.123142743,0.458344544,0.269743762,0.14876895,Simulated Portfolio
0.272072991,0.197960854,1.273347662,0.424688054,0.201561862,0.10589935,0.267850734,Simulated Portfolio
0.335519983,0.228682854,1.379727326,0.024835176,0.383900888,0.106072297,0.485191639,Simulated Portfolio
0.261735484,0.19407659,1.245567456,0.297752204,0.216959231,0.191162385,0.294126179,Simulated Portfolio
0.226822379,0.197409172,1.047683735,0.209816405,0.190113594,0.337540902,0.262529099,Simulated Portfolio
0.203492964,0.202057544,0.908122311,0.113818852,0.163958571,0.311223223,0.410999354,Simulated Portfolio
0.336735841,0.233191775,1.358263349,0.145845405,0.404322414,0.439922064,0.009910116,Simulated Portfolio
0.251584768,0.196946287,1.175877803,0.188091643,0.220849893,0.2042857,0.386772763,Simulated Portfolio
0.323052065,0.215385843,1.407019427,0.117113127,0.356269232,0.194645095,0.331972546,Simulated Portfolio
0.103117534,0.224026171,0.371017072,0.013617487,0.027950992,0.473640696,0.484790825,Simulated Portfolio
0.234568901,0.197666243,1.0855111,0.237910398,0.159123648,0.011549503,0.591416452,Simulated Portfolio
0.342263608,0.206761691,1.558623389,0.355330949,0.330281229,0.061458865,0.252928957,Simulated Portfolio
0.164191815,0.206644778,0.697776232,0.099708092,0.110308445,0.409290851,0.380692611,Simulated Portfolio
0.294254921,0.211809451,1.294819092,0.094461431,0.313397676,0.218461675,0.373679218,Simulated Portfolio
0.229204265,0.201410391,1.038696484,0.275701619,0.192443711,0.421728161,0.110126509,Simulated Portfolio
0.24531616,0.200483764,1.123862377,0.452285321,0.164746584,0.226201063,0.156767032,Simulated Portfolio
0.321589096,0.219080468,1.376613345,0.187275012,0.361646775,0.365735535,0.085342678,Simulated Portfolio
0.219758764,0.197075198,1.013616968,0.206578908,0.178489691,0.337679803,0.277251598,Simulated Portfolio
0.301909436,0.213616606,1.319698133,0.181105529,0.328543087,0.364446802,0.125904582,Simulated Portfolio
0.236329832,0.219102522,0.987345239,0.022120686,0.251288419,0.426201891,0.300389004,Simulated Portfolio
0.336728835,0.207060986,1.529640329,0.315080389,0.33783816,0.1430768,0.204004652,Simulated Portfolio
0.373951805,0.21575009,1.640563877,0.286412666,0.394947499,0.039216688,0.279423146,Simulated Portfolio
0.296145429,0.202956224,1.360615721,0.19709963,0.296428186,0.204899335,0.301572849,Simulated Portfolio
0.300792309,0.225087683,1.247479675,0.021858228,0.347738926,0.300258668,0.330144178,Simulated Portfolio
0.307127579,0.208906742,1.374429451,0.188836757,0.325545631,0.276296091,0.209321521,Simulated Portfolio
0.173150397,0.195287996,0.784228421,0.295323082,0.065078792,0.199668049,0.439930077,Simulated Portfolio
0.184935043,0.197334938,0.835812678,0.399573989,0.066164584,0.196226026,0.3380354,Simulated Portfolio
0.299471223,0.209047804,1.336877104,0.128020934,0.29404402,0.033519237,0.544415809,Simulated Portfolio
0.428927036,0.236694466,1.727657778,0.345036031,0.484060587,0.077160014,0.093743367,Simulated Portfolio
0.406800139,0.263236785,1.469400025,0.030252497,0.535269208,0.34625297,0.088225324,Simulated Portfolio
0.06892787,0.247403755,0.197765267,0.064929749,0.005043335,0.851651925,0.078374991,Simulated Portfolio
0.23810457,0.196123338,1.112078613,0.370645571,0.17270923,0.273028763,0.183616435,Simulated Portfolio
0.295131406,0.209706326,1.311984292,0.105204277,0.303835259,0.142723786,0.448236678,Simulated Portfolio
0.153292498,0.211759685,0.629451722,0.063580124,0.101663951,0.439756725,0.394999199,Simulated Portfolio
0.26565591,0.196253021,1.251730589,0.248311677,0.237388072,0.229972023,0.284328227,Simulated Portfolio
0.415697119,0.230600159,1.715944688,0.339007363,0.460292973,0.06091544,0.139784224,Simulated Portfolio
0.325507017,0.233573616,1.307968863,0.02667052,0.395211079,0.346385967,0.231732434,Simulated Portfolio
0.342311499,0.220173913,1.463895042,0.292296235,0.374298497,0.331057999,0.002347269,Simulated Portfolio
0.129004386,0.205157056,0.531321652,0.161414233,0.033983095,0.374231734,0.430370939,Simulated Portfolio
0.331358822,0.205795445,1.512952931,0.260392717,0.335068608,0.114980037,0.289558637,Simulated Portfolio
0.450425869,0.248484712,1.732202618,0.205765246,0.541566437,0.036042902,0.216625415,Simulated Portfolio
0.296308881,0.20835613,1.32613752,0.193739037,0.310986814,0.318242716,0.177031433,Simulated Portfolio
0.184327764,0.207814384,0.790742974,0.23742405,0.136303158,0.542849966,0.083422825,Simulated Portfolio
0.13192302,0.223034226,0.501819932,0.190473337,0.073234896,0.701556812,0.034734955,Simulated Portfolio
0.194164687,0.195456399,0.891066689,0.317585128,0.11349687,0.333001685,0.235916318,Simulated Portfolio
0.335333928,0.207263482,1.521415764,0.234154057,0.341467809,0.071533126,0.352845008,Simulated Portfolio
0.331282306,0.222641514,1.398132367,0.076965333,0.380194146,0.214546653,0.328293869,Simulated Portfolio
0.314966056,0.203984611,1.446021121,0.414025443,0.280131188,0.125685662,0.180157707,Simulated Portfolio
0.251869992,0.193253509,1.199822934,0.344288181,0.186974907,0.154088178,0.314648734,Simulated Portfolio
0.249536947,0.204003831,1.125159983,0.448247723,0.182082537,0.303310689,0.066359052,Simulated Portfolio
0.309051182,0.204634171,1.412526466,0.208557755,0.314899803,0.190038401,0.286504042,Simulated Portfolio
0.302532245,0.210777414,1.340429411,0.132302898,0.324634325,0.249713225,0.293349553,Simulated Portfolio
0.364289116,0.214645079,1.603992588,0.36348819,0.373418177,0.11526896,0.147824674,Simulated Portfolio
0.450713659,0.249391776,1.727056388,0.283722649,0.538601079,0.124526604,0.053149668,Simulated Portfolio
0.15714584,0.197448707,0.694589707,0.277588915,0.056513925,0.331743497,0.334153663,Simulated Portfolio
0.218907678,0.192776025,1.031807132,0.33972676,0.137804039,0.212657697,0.309811504,Simulated Portfolio
0.224613091,0.199179349,1.027280652,0.186661015,0.192843513,0.357085512,0.26340996,Simulated Portfolio
0.302025986,0.205803874,1.370362861,0.279249883,0.302771734,0.296597429,0.121380955,Simulated Portfolio
0.230021586,0.194649916,1.078970853,0.298906329,0.174997586,0.300192158,0.225903927,Simulated Portfolio
0.26489042,0.198489177,1.233772155,0.398234504,0.209090384,0.231682307,0.160992804,Simulated Portfolio
0.176472924,0.200247972,0.781395801,0.420325364,0.042697186,0.154285417,0.382692033,Simulated Portfolio
0.240732248,0.201010258,1.098114346,0.320305691,0.200305095,0.388485802,0.090903412,Simulated Portfolio
0.298918002,0.208873932,1.335341369,0.417598506,0.271600182,0.290701776,0.020099535,Simulated Portfolio
0.187817306,0.209780915,0.799964602,0.440948037,0.094188,0.449465634,0.015398329,Simulated Portfolio
0.378041601,0.227388519,1.574580824,0.279305748,0.429678346,0.257857531,0.033158375,Simulated Portfolio
0.329296815,0.236469845,1.307975715,0.03346971,0.405121381,0.384391277,0.177017631,Simulated Portfolio
0.313041207,0.217589956,1.346758888,0.128722405,0.35245309,0.324172672,0.194651833,Simulated Portfolio
0.244755767,0.206466423,1.088582654,0.276794669,0.223508028,0.457737414,0.041959889,Simulated Portfolio
0.181080216,0.196327072,0.820468693,0.202932483,0.107851611,0.301651701,0.387564205,Simulated Portfolio
0.220076685,0.203094397,0.985141334,0.111890492,0.194560463,0.324035422,0.369513623,Simulated Portfolio
0.340151589,0.208375313,1.536418034,0.267134955,0.351279903,0.133331393,0.248253749,Simulated Portfolio
0.124457809,0.215192877,0.485414806,0.052769335,0.041481733,0.338348338,0.567400593,Simulated Portfolio
0.255634924,0.197327296,1.194132431,0.27477096,0.224084636,0.303288628,0.197855777,Simulated Portfolio
0.341222009,0.211165473,1.521186225,0.195024146,0.35963059,0.078802142,0.366543122,Simulated Portfolio
0.247016117,0.219977405,1.03199743,0.620124223,0.128044623,0.149751341,0.102079812,Simulated Portfolio
0.323743586,0.216184968,1.405017143,0.139577582,0.361548939,0.262279915,0.236593564,Simulated Portfolio
0.348655445,0.233390507,1.408178289,0.027499261,0.416778076,0.194164941,0.361557722,Simulated Portfolio
0.313167725,0.216415029,1.35465511,0.552050536,0.25284503,0.132725039,0.062379394,Simulated Portfolio
0.337105645,0.21761968,1.457155184,0.315284231,0.3597596,0.319780011,0.005176158,Simulated Portfolio
0.249418935,0.194397479,1.180153862,0.382601037,0.175174539,0.149013534,0.29321089,Simulated Portfolio
0.249236502,0.211326079,1.084752542,0.112166661,0.257212636,0.42542199,0.205198712,Simulated Portfolio
0.569043408,0.315419893,1.740674638,0.134602868,0.764343014,0.073707519,0.0273466,Simulated Portfolio
0.271199532,0.197137622,1.274234363,0.310183665,0.238137496,0.249623924,0.202054916,Simulated Portfolio
0.381641013,0.2600506,1.39065633,0.009815091,0.502503992,0.404986357,0.08269456,Simulated Portfolio
0.312799515,0.212634996,1.377005298,0.540680686,0.239879389,0.013385621,0.206054304,Simulated Portfolio
0.320676055,0.207072365,1.45203371,0.187450199,0.329940913,0.116153134,0.366455755,Simulated Portfolio
0.222451486,0.210861295,0.960116869,0.073040974,0.216629466,0.414561371,0.29576819,Simulated Portfolio
0.17689102,0.204005911,0.769051343,0.449764476,0.030771427,0.09363776,0.425826337,Simulated Portfolio
0.170705728,0.204845008,0.735706131,0.341029643,0.086328212,0.479718026,0.092924119,Simulated Portfolio
0.212332228,0.209853859,0.916505558,0.163383715,0.195206902,0.51800109,0.123408294,Simulated Portfolio
0.232234779,0.196298162,1.081185769,0.209793496,0.194757064,0.298313346,0.297136094,Simulated Portfolio
0.364232804,0.234408271,1.468518161,0.129533909,0.441015874,0.324952359,0.104497858,Simulated Portfolio
0.262500709,0.220292255,1.100813594,0.001581925,0.28437715,0.294018675,0.42002225,Simulated Portfolio
0.308822612,0.20066271,1.439343724,0.390742049,0.262701973,0.034328426,0.312227552,Simulated Portfolio
0.325986669,0.212066671,1.442879583,0.14866462,0.332808375,0.005377909,0.513149096,Simulated Portfolio
0.295297765,0.228279812,1.205966318,0.664805997,0.186684693,0.010101591,0.13840772,Simulated Portfolio
0.247708374,0.196601144,1.158225067,0.310728797,0.204133904,0.305687558,0.179449741,Simulated Portfolio
0.232660644,0.206384786,1.030408531,0.075047052,0.207120696,0.192146765,0.525685486,Simulated Portfolio
0.274803241,0.201619092,1.263785279,0.178610037,0.268414225,0.251167574,0.301808164,Simulated Portfolio
0.33744757,0.21198504,1.497499869,0.208778508,0.363943853,0.189442333,0.237835307,Simulated Portfolio
0.266727921,0.193868259,1.272657635,0.318288456,0.213209978,0.119269321,0.349232245,Simulated Portfolio
0.194023867,0.215989503,0.805705209,0.002684863,0.172801763,0.353419488,0.471093885,Simulated Portfolio
0.460890306,0.270332593,1.630918054,0.067447577,0.598555294,0.150488046,0.183509083,Simulated Portfolio
0.264110853,0.196624138,1.241510097,0.384140696,0.183541445,0.009792981,0.422524879,Simulated Portfolio
0.249553652,0.196656958,1.167279579,0.282990118,0.212409593,0.306125314,0.198474975,Simulated Portfolio
0.264338891,0.226469941,1.078902082,0.047990242,0.304271406,0.502397233,0.145341118,Simulated Portfolio
0.244266533,0.200565927,1.118168656,0.339720044,0.200353343,0.367334877,0.092591736,Simulated Portfolio
0.335096482,0.217440488,1.449115964,0.21644061,0.372560848,0.306181483,0.104817059,Simulated Portfolio
0.234175062,0.192910036,1.110232866,0.277271917,0.162788856,0.106781209,0.453158018,Simulated Portfolio
0.22088541,0.201873051,0.99510761,0.21834663,0.189527344,0.430738972,0.161387055,Simulated Portfolio
0.289337729,0.198950195,1.353794743,0.393853959,0.242174097,0.148495969,0.215475975,Simulated Portfolio
0.217336073,0.200814086,0.982680434,0.147513986,0.186477464,0.349904551,0.316103998,Simulated Portfolio
0.298467648,0.209894135,1.326705241,0.492955764,0.246303595,0.20066839,0.060072251,Simulated Portfolio
0.135557056,0.216780728,0.533059639,0.024655567,0.067881939,0.355682643,0.551779852,Simulated Portfolio
0.25652514,0.201824649,1.171933861,0.165366608,0.246021784,0.307955693,0.280655915,Simulated Portfolio
0.172899634,0.213842976,0.715008913,0.055851672,0.142422838,0.484679903,0.317045587,Simulated Portfolio
0.245045808,0.197427647,1.139890038,0.375659234,0.185197093,0.28448252,0.154661152,Simulated Portfolio
0.329232514,0.210964619,1.465802726,0.353870214,0.330992662,0.252245829,0.062891296,Simulated Portfolio
0.269886323,0.197835895,1.263099012,0.222565567,0.249646405,0.232193289,0.295594739,Simulated Portfolio
0.300030709,0.20753121,1.349342632,0.369936411,0.283945134,0.305450623,0.040667831,Simulated Portfolio
0.288686784,0.197090325,1.363267245,0.264416279,0.259146445,0.103993084,0.372444192,Simulated Portfolio
0.268440234,0.197592307,1.257337585,0.301069143,0.237571292,0.270838713,0.190520853,Simulated Portfolio
0.310178539,0.207473801,1.398627379,0.267251014,0.318037382,0.288120148,0.126591457,Simulated Portfolio
0.347328235,0.207951849,1.574057827,0.308607616,0.347477008,0.061113348,0.282802028,Simulated Portfolio
0.147152807,0.214734519,0.592139577,0.454032778,0.024509552,0.47506314,0.04639453,Simulated Portfolio
0.268608996,0.19700677,1.261931234,0.219020984,0.24400165,0.19838712,0.338590246,Simulated Portfolio
0.380530077,0.233872557,1.541566404,0.121473922,0.456790136,0.209684478,0.212051464,Simulated Portfolio
0.335484304,0.219083877,1.440016073,0.185633991,0.378803218,0.30606736,0.129495431,Simulated Portfolio
0.280729667,0.214748153,1.21411832,0.048569975,0.286532671,0.120835199,0.544062155,Simulated Portfolio
0.264727823,0.20165243,1.213612069,0.469944287,0.169191926,0.010932444,0.349931343,Simulated Portfolio
0.214955921,0.196472084,0.992283065,0.418587373,0.113251104,0.184327524,0.283833999,Simulated Portfolio
0.153866481,0.207905929,0.643880054,0.08258656,0.082424802,0.300531622,0.534457015,Simulated Portfolio
0.313662993,0.210208389,1.397008914,0.173617836,0.336361126,0.249286624,0.240734413,Simulated Portfolio
0.110088805,0.217384699,0.414421098,0.059071829,0.028472281,0.446220398,0.466235492,Simulated Portfolio
0.266503092,0.208327785,1.183246354,0.086334041,0.253734838,0.109849016,0.550082106,Simulated Portfolio
0.250659305,0.206696435,1.11593267,0.530378495,0.140562828,0.066335189,0.262723489,Simulated Portfolio
0.328517117,0.231031564,1.335389467,0.03590376,0.394065699,0.307553911,0.26247663,Simulated Portfolio
0.404579992,0.252971689,1.520249139,0.109819348,0.515217943,0.331459312,0.043503397,Simulated Portfolio
0.28471119,0.19667846,1.345908393,0.307170919,0.25268392,0.171753546,0.268391615,Simulated Portfolio
0.213626755,0.198154821,0.977148848,0.227474126,0.169562755,0.383094875,0.219868245,Simulated Portfolio
0.144613495,0.222881002,0.559103262,0.523321545,0.006415135,0.465627763,0.004635557,Simulated Portfolio
0.33811662,0.215076283,1.4790874,0.367622307,0.345691057,0.26727786,0.019408776,Simulated Portfolio
0.224466493,0.199659126,1.024077877,0.463214399,0.115668825,0.134935659,0.286181117,Simulated Portfolio
0.272267413,0.208090889,1.212294368,0.089823919,0.2717933,0.182108378,0.456274403,Simulated Portfolio
0.337154848,0.222640218,1.424517326,0.139766264,0.389755055,0.303951492,0.166527188,Simulated Portfolio
0.223852363,0.206063224,0.989270961,0.283988275,0.189339388,0.485276675,0.041395662,Simulated Portfolio
0.350824414,0.248707689,1.330173649,0.046196931,0.448979552,0.458202135,0.046621382,Simulated Portfolio
0.428336246,0.263040258,1.552371674,0.111584682,0.555351113,0.325899505,0.007164701,Simulated Portfolio
0.193876086,0.196265316,0.885923657,0.188686752,0.131099408,0.289334096,0.390879744,Simulated Portfolio
0.300681584,0.207913601,1.349991455,0.401698707,0.27692082,0.285604284,0.035776189,Simulated Portfolio
0.382119433,0.225171162,1.608196316,0.177534151,0.435404955,0.093794092,0.293266801,Simulated Portfolio
0.171345166,0.205573395,0.736209889,0.465332228,0.021226355,0.117501234,0.395940183,Simulated Portfolio
0.310817326,0.209617903,1.38736874,0.177297705,0.33176275,0.257536712,0.233402832,Simulated Portfolio
0.221397402,0.203997685,0.987253372,0.167207341,0.199585768,0.429920685,0.203286206,Simulated Portfolio
0.162033553,0.20744659,0.684675284,0.092600537,0.083734457,0.209197483,0.614467524,Simulated Portfolio
0.215103064,0.21269796,0.91727755,0.030478184,0.203476473,0.346982118,0.419063225,Simulated Portfolio
0.327199434,0.205224693,1.496893132,0.324952888,0.321714792,0.161010488,0.192321832,Simulated Portfolio
0.34842419,0.21614108,1.519489906,0.256235296,0.380652564,0.24178045,0.12133169,Simulated Portfolio
0.314991822,0.235411069,1.253092404,0.026782211,0.385693613,0.418583344,0.168940831,Simulated Portfolio
0.31607593,0.203877694,1.452223264,0.230246812,0.300827925,0.005090224,0.463835039,Simulated Portfolio
0.336369798,0.232041033,1.363421779,0.033033095,0.404106425,0.273772886,0.289087595,Simulated Portfolio
0.397427553,0.230775191,1.635477157,0.47266303,0.410229121,0.108949315,0.008158534,Simulated Portfolio
0.153758551,0.202042753,0.66203093,0.187110431,0.078002235,0.422553735,0.312333598,Simulated Portfolio
0.279940733,0.218816918,1.18793709,0.023631504,0.305052766,0.248263974,0.423051756,Simulated Portfolio
0.254460334,0.198555139,1.180832368,0.402300676,0.193165692,0.255464728,0.149068903,Simulated Portfolio
0.267059154,0.196487252,1.257380067,0.404332142,0.199204767,0.127727525,0.268735566,Simulated Portfolio
0.138345375,0.201272918,0.587984596,0.204437846,0.034106761,0.30583793,0.455617463,Simulated Portfolio
0.26555209,0.214642068,1.144007292,0.549942231,0.185569766,0.255205793,0.009282209,Simulated Portfolio
0.383011049,0.224679598,1.615683191,0.345182885,0.418263892,0.190892707,0.045660516,Simulated Portfolio
0.208097472,0.196620909,0.956650403,0.33477005,0.136344412,0.34829817,0.180587368,Simulated Portfolio
0.242724156,0.199019887,1.119105026,0.398356293,0.178300269,0.294739509,0.128603929,Simulated Portfolio
0.280444382,0.204658659,1.272579345,0.20281543,0.282526923,0.323616722,0.191040925,Simulated Portfolio
0.391306673,0.224248042,1.65578558,0.22252919,0.437162985,0.044126306,0.29618152,Simulated Portfolio
0.123334854,0.203649841,0.507414361,0.218508659,0.011894337,0.358274434,0.41132257,Simulated Portfolio
0.177725246,0.197023373,0.800540788,0.235900585,0.103926695,0.366833823,0.293338897,Simulated Portfolio
0.121756237,0.218653314,0.465377064,0.051314022,0.023636177,0.226942857,0.698106945,Simulated Portfolio
0.205335598,0.193278341,0.958905156,0.298268439,0.129622675,0.277322317,0.29478657,Simulated Portfolio
0.266724261,0.196237708,1.257272434,0.375487033,0.211668696,0.192537071,0.220307201,Simulated Portfolio
0.230211549,0.194693687,1.07970398,0.204772167,0.17743399,0.176140886,0.441652958,Simulated Portfolio
0.143477153,0.211155335,0.584769277,0.46346235,0.004721452,0.377897057,0.153919142,Simulated Portfolio
0.312606554,0.218147685,1.341323216,0.068695909,0.346141701,0.187819347,0.397343043,Simulated Portfolio
0.283916299,0.204890037,1.28808752,0.256112923,0.281095792,0.342035109,0.120756175,Simulated Portfolio
0.144479817,0.216178564,0.575819426,0.148453251,0.092463095,0.617576117,0.141507538,Simulated Portfolio
0.144791027,0.20397425,0.611797945,0.307354952,0.045405296,0.461740475,0.185499277,Simulated Portfolio
0.380764251,0.217520389,1.658530735,0.380828303,0.387619894,0.022594605,0.208957198,Simulated Portfolio
0.294571903,0.219792701,1.249231217,0.037488913,0.328211326,0.251110519,0.383189242,Simulated Portfolio
0.293154152,0.199786129,1.367232819,0.25958916,0.280255765,0.207670192,0.252484883,Simulated Portfolio
0.151644049,0.207797368,0.633521253,0.326033001,0.060824742,0.519318299,0.093823958,Simulated Portfolio
0.305503045,0.199262086,1.432801647,0.294701164,0.28352139,0.110255853,0.311521593,Simulated Portfolio
0.373809128,0.220649329,1.603490612,0.397059044,0.388527761,0.154379195,0.060034,Simulated Portfolio
0.214564523,0.203798565,0.954690352,0.410209289,0.139362308,0.393904723,0.05652368,Simulated Portfolio
0.267363094,0.204573985,1.209162021,0.136660753,0.266539229,0.279362158,0.31743786,Simulated Portfolio
0.153237431,0.199333691,0.668414004,0.358620772,0.027895654,0.272339416,0.341144158,Simulated Portfolio
0.354825884,0.212447368,1.576041571,0.240640978,0.376179117,0.089326812,0.293853093,Simulated Portfolio
0.259442151,0.193996039,1.234263093,0.35558037,0.196997659,0.145479266,0.301942705,Simulated Portfolio
0.250469685,0.196668785,1.171867132,0.395074281,0.158733248,0.016325178,0.429867293,Simulated Portfolio
0.261709563,0.194448044,1.243054739,0.316885023,0.215076141,0.20468318,0.263355657,Simulated Portfolio
0.344059603,0.208008544,1.557914866,0.264976365,0.34260442,0.002029454,0.390389762,Simulated Portfolio
0.248291194,0.193397186,1.180426662,0.259364037,0.200766451,0.192165301,0.347704211,Simulated Portfolio
0.213704591,0.203702098,0.950920943,0.097280069,0.183331062,0.300419071,0.418969798,Simulated Portfolio
0.2576359,0.195780024,1.213790329,0.291019981,0.219893296,0.264230608,0.224856115,Simulated Portfolio
0.166332116,0.208390292,0.702202171,0.068416377,0.112456623,0.349332294,0.469794706,Simulated Portfolio
0.104215827,0.215466976,0.390852598,0.191080108,0.010876063,0.583075763,0.214968067,Simulated Portfolio
0.342618789,0.221384077,1.457280905,0.0985861,0.387418766,0.144217217,0.369777917,Simulated Portfolio
0.356827337,0.229854664,1.465392657,0.055430748,0.410301459,0.065124749,0.469143043,Simulated Portfolio
0.15772109,0.198395291,0.694175196,0.353845507,0.034399611,0.254730346,0.357024536,Simulated Portfolio
0.290509176,0.208267919,1.298851868,0.369120635,0.272372946,0.344946956,0.013559463,Simulated Portfolio
0.216466167,0.193634398,1.014624305,0.361015505,0.130821123,0.221804065,0.286359307,Simulated Portfolio
0.226767547,0.192011016,1.076852518,0.298300384,0.153835637,0.170490644,0.377373335,Minimum Volatility
0.20091126,0.20194466,0.89584572,0.472684986,0.073824546,0.140311492,0.313178977,Simulated Portfolio
0.210652113,0.210334574,0.906423085,0.046074624,0.192298293,0.341625322,0.420001761,Simulated Portfolio
0.232876043,0.198208437,1.074000921,0.440413732,0.142013001,0.198408563,0.219164704,Simulated Portfolio
0.186927972,0.208499389,0.800616117,0.0690463,0.152901308,0.390021702,0.388030691,Simulated Portfolio
0.126743376,0.209887257,0.508574831,0.16726873,0.046708913,0.521036639,0.264985718,Simulated Portfolio
0.286177894,0.203388099,1.30871912,0.292512453,0.275303865,0.316257174,0.115926508,Simulated Portfolio
0.355005348,0.211850858,1.581326373,0.279306574,0.372688941,0.115937991,0.232066494,Simulated Portfolio
0.280767252,0.198728137,1.312180831,0.254639726,0.263454749,0.238723134,0.243182391,Simulated Portfolio
0.182685601,0.197221433,0.824888035,0.322545454,0.09663969,0.365454969,0.215359886,Simulated Portfolio
0.205501212,0.209522023,0.885354242,0.062556106,0.185780041,0.386295458,0.365368395,Simulated Portfolio
0.385186019,0.224937831,1.623497552,0.42284819,0.401657307,0.138709551,0.036784952,Simulated Portfolio
0.282464858,0.197709922,1.327524974,0.397134021,0.226896589,0.125394229,0.25057516,Simulated Portfolio
0.251686418,0.197884002,1.170819349,0.230616584,0.225812434,0.307919539,0.235651444,Simulated Portfolio
0.298592926,0.220204224,1.265157049,0.066823215,0.339098329,0.32777801,0.266300445,Simulated Portfolio
0.424520116,0.23756194,1.702798503,0.468033979,0.450287105,0.045253795,0.036425121,Simulated Portfolio
0.278460298,0.196003837,1.318649174,0.286255138,0.246521939,0.178943934,0.288278989,Simulated Portfolio
0.269757885,0.200909609,1.243135588,0.166265727,0.258498897,0.222809114,0.352426261,Simulated Portfolio
0.285385846,0.215338343,1.232413338,0.142134274,0.312530641,0.410277099,0.135057985,Simulated Portfolio
0.383794149,0.249024944,1.460874334,0.069536571,0.487935971,0.343045069,0.099482389,Simulated Portfolio
0.382264658,0.219811085,1.648072742,0.391920266,0.39468773,0.076347939,0.137044065,Simulated Portfolio
0.292917621,0.197636074,1.380909951,0.325780132,0.260992274,0.150821289,0.262406305,Simulated Portfolio
0.233595442,0.207733347,1.028219328,0.091453455,0.226656959,0.365418071,0.316471515,Simulated Portfolio
0.216443484,0.195072505,1.00702805,0.348216078,0.113483308,0.059093844,0.47920677,Simulated Portfolio
0.174262532,0.199071904,0.77490861,0.160429068,0.101780739,0.285277975,0.452512219,Simulated Portfolio
0.288455716,0.213356436,1.258249904,0.542985059,0.21818632,0.186433224,0.052395398,Simulated Portfolio
0.081764869,0.242489557,0.25471146,0.039548917,0.025123773,0.795733625,0.139593684,Simulated Portfolio
0.28208803,0.217638288,1.204236774,0.094970861,0.313968106,0.398634301,0.192426732,Simulated Portfolio
0.251055803,0.195900016,1.179457809,0.203353243,0.216189571,0.196175036,0.38428215,Simulated Portfolio
0.311008448,0.201893372,1.44139674,0.408787839,0.259997076,0.007645758,0.323569326,Simulated Portfolio
0.212743825,0.19306546,0.998334063,0.243372278,0.147291591,0.234966721,0.37436941,Simulated Portfolio
0.381003661,0.239214987,1.509118079,0.086101325,0.46767181,0.239950448,0.206276417,Simulated Portfolio
0.157518078,0.198906432,0.691370695,0.361123659,0.036438913,0.285500646,0.316936783,Simulated Portfolio
0.358583413,0.226677198,1.493680953,0.085139946,0.410777617,0.088530116,0.415552321,Simulated Portfolio
0.299163894,0.197824465,1.411169716,0.322635701,0.264380168,0.084515745,0.328468385,Simulated Portfolio
0.393479468,0.2567559,1.454609096,0.012266422,0.510345581,0.303745931,0.173642066,Simulated Portfolio
0.289522499,0.199246049,1.352711885,0.252241903,0.275130735,0.206257324,0.266370037,Simulated Portfolio
0.292573133,0.19778624,1.378119799,0.368476133,0.248083051,0.112897083,0.270543733,Simulated Portfolio
0.185005042,0.198569338,0.830969391,0.156625852,0.120235762,0.278390963,0.444747424,Simulated Portfolio
0.379647268,0.22139752,1.624441267,0.20155315,0.418158478,0.022364162,0.35792421,Simulated Portfolio
0.239449113,0.212694099,1.031759294,0.038527092,0.240142538,0.313647573,0.407682798,Simulated Portfolio
0.303911027,0.223404928,1.27083601,0.102146266,0.351735231,0.409340721,0.136777781,Simulated Portfolio
0.180196233,0.196201655,0.816487674,0.270975219,0.100586882,0.356394454,0.272043444,Simulated Portfolio
0.160665018,0.210984243,0.66670864,0.510219403,0.010155865,0.24650653,0.233118202,Simulated Portfolio
0.263261464,0.19755064,1.231387879,0.23374153,0.240105445,0.264978729,0.261174296,Simulated Portfolio
0.267204237,0.197910113,1.249073294,0.254896892,0.244154446,0.273761316,0.227187345,Simulated Portfolio
0.32247549,0.208809559,1.448571088,0.182488135,0.340002918,0.166308527,0.31120042,Simulated Portfolio
0.369860025,0.243999073,1.433858008,0.049622145,0.464496348,0.318753556,0.167127952,Simulated Portfolio
0.214558735,0.194491096,1.000347777,0.321287353,0.144653003,0.304172547,0.229887098,Simulated Portfolio
0.218578474,0.205885242,0.96451048,0.387536976,0.156021068,0.440350264,0.016091693,Simulated Portfolio
0.266443333,0.215613429,1.14298694,0.15733985,0.285102865,0.477616168,0.079941117,Simulated Portfolio
0.355379703,0.223917939,1.497779521,0.263108063,0.400645405,0.3180673,0.018179232,Simulated Portfolio
0.302215554,0.209376277,1.347886963,0.153874764,0.321593129,0.261470795,0.263061311,Simulated Portfolio
0.192268663,0.194196023,0.88708646,0.262404777,0.116527195,0.302390871,0.318677156,Simulated Portfolio
0.282272842,0.202385823,1.295905208,0.264974953,0.272884073,0.310849429,0.151291545,Simulated Portfolio
0.323637137,0.222800473,1.362820885,0.052081866,0.367442887,0.181140311,0.399334936,Simulated Portfolio
0.412475065,0.238954599,1.642467089,0.213697235,0.493122008,0.191038988,0.10214177,Simulated Portfolio
0.213649109,0.196080141,0.987601845,0.330693247,0.145283652,0.336603781,0.187419319,Simulated Portfolio
0.173105508,0.194917017,0.785490718,0.290188935,0.070914968,0.240995919,0.397900179,Simulated Portfolio
0.282038943,0.199103929,1.316091266,0.203578101,0.257608802,0.095211273,0.443601824,Simulated Portfolio
0.23240026,0.207837295,1.021954508,0.482466439,0.149944527,0.334245827,0.033343208,Simulated Portfolio
0.273891391,0.20327174,1.249024542,0.368297697,0.241185913,0.323634323,0.066882067,Simulated Portfolio
0.30714497,0.21329764,1.346217283,0.105002083,0.333163577,0.213180985,0.348653356,Simulated Portfolio
0.380228012,0.220953385,1.630334887,0.367022181,0.40281657,0.135570056,0.094591193,Simulated Portfolio
0.213584731,0.192180984,1.007304297,0.297533678,0.132196691,0.179135399,0.391134232,Simulated Portfolio
0.098117267,0.21820397,0.358001128,0.069828699,0.001357745,0.40938888,0.519424676,Simulated Portfolio
0.250259487,0.196176532,1.173736146,0.339692266,0.199870312,0.277248323,0.183189099,Simulated Portfolio
0.268110789,0.209589259,1.183795344,0.117802301,0.279854062,0.350701292,0.251642346,Simulated Portfolio
0.175902673,0.196552328,0.793186601,0.234122646,0.098755174,0.347436493,0.319685687,Simulated Portfolio
0.240020479,0.220606446,0.997343836,0.627397456,0.102060312,0.045618493,0.224923739,Simulated Portfolio
0.170736173,0.197307106,0.763967277,0.328969726,0.072055922,0.342781006,0.256193346,Simulated Portfolio
0.289103562,0.200370889,1.343027238,0.257991136,0.277762106,0.242739197,0.221507561,Simulated Portfolio
0.281456112,0.207660255,1.259057068,0.293429979,0.275568915,0.387623851,0.043377255,Simulated Portfolio
0.27214749,0.201019202,1.254345295,0.267028946,0.256237583,0.321245318,0.155488154,Simulated Portfolio
0.258904637,0.206567496,1.156545158,0.263523835,0.247139011,0.430638995,0.058698159,Simulated Portfolio
0.157777312,0.197065868,0.699143455,0.250313043,0.055366731,0.272154167,0.422166059,Simulated Portfolio
0.147277711,0.202452704,0.628678741,0.343057292,0.036564259,0.40639485,0.213983599,Simulated Portfolio
0.328290272,0.220021158,1.401184667,0.1260776,0.374876863,0.287243285,0.211802251,Simulated Portfolio
0.281316501,0.195397914,1.337355637,0.316527649,0.238062416,0.113293621,0.332116314,Simulated Portfolio
0.315213015,0.200725835,1.470727549,0.341062596,0.287863705,0.076570683,0.294503017,Simulated Portfolio
0.278460037,0.203473201,1.270241175,0.270991286,0.268816994,0.340903561,0.11928816,Simulated Portfolio
0.130764108,0.206670461,0.535945522,0.260303373,0.034273608,0.500056969,0.205366051,Simulated Portfolio
0.287952821,0.205072468,1.306625037,0.157604171,0.29332334,0.237386248,0.31168624,Simulated Portfolio
0.229977336,0.200520065,1.047163714,0.473363974,0.12489886,0.147627992,0.254109174,Simulated Portfolio
0.324716123,0.205889327,1.479999608,0.434881384,0.286063164,0.066261315,0.212794137,Simulated Portfolio
0.178887105,0.196591965,0.808207522,0.275123696,0.09865008,0.365363422,0.260862802,Simulated Portfolio
0.249276345,0.208747249,1.09834427,0.083881098,0.250252625,0.324599543,0.341266734,Simulated Portfolio
0.278620934,0.220439799,1.173204361,0.033018762,0.312051651,0.339371158,0.315558428,Simulated Portfolio
0.343099815,0.223781207,1.443820148,0.20142454,0.393860046,0.345349664,0.05936575,Simulated Portfolio
0.299558681,0.203594208,1.373117059,0.458314307,0.242242001,0.099236463,0.200207229,Simulated Portfolio
0.278994578,0.209046743,1.238931414,0.164393201,0.29192037,0.364568319,0.17911811,Simulated Portfolio
0.173839115,0.201904037,0.761941749,0.256585016,0.054543827,0.044165571,0.644705586,Simulated Portfolio
0.296541438,0.210513655,1.313650832,0.158197907,0.317623487,0.316509526,0.207669081,Simulated Portfolio
0.357480852,0.233942895,1.442577905,0.03755768,0.427004118,0.167394615,0.368043587,Simulated Portfolio
0.285358051,0.206209806,1.286835265,0.302262405,0.277095403,0.357544599,0.063097593,Simulated Portfolio
0.281366133,0.222326353,1.175596726,0.001380784,0.311485204,0.247693826,0.439440185,Simulated Portfolio
0.114407654,0.213643636,0.441893122,0.129714477,0.03305186,0.528408191,0.308825472,Simulated Portfolio
0.316817929,0.231293998,1.283292827,0.031468195,0.381023381,0.360679145,0.22682928,Simulated Portfolio
0.157992934,0.19793713,0.697155374,0.333788411,0.033605265,0.214083845,0.418522478,Simulated Portfolio
0.190090767,0.198098873,0.858615518,0.203296055,0.13267509,0.378711653,0.285317202,Simulated Portfolio
0.371943328,0.224322937,1.568913692,0.514784649,0.354433891,0.075406908,0.055374552,Simulated Portfolio
0.171426324,0.199124047,0.760462265,0.360988283,0.069228554,0.357563662,0.212219501,Simulated Portfolio
0.296237995,0.198304987,1.392995708,0.376388211,0.249280179,0.08210616,0.29222545,Simulated Portfolio
0.249851112,0.193965473,1.18501045,0.368727747,0.180113055,0.162908276,0.288250922,Simulated Portfolio
0.427148615,0.243903968,1.669298859,0.133632245,0.510647228,0.00534466,0.350375867,Simulated Portfolio
0.186345816,0.19562365,0.850335918,0.367562728,0.08061249,0.247667572,0.30415721,Simulated Portfolio
0.329313537,0.220434687,1.403198113,0.122532025,0.376840326,0.283505934,0.217121715,Simulated Portfolio
0.3657766,0.22971761,1.505224614,0.202178588,0.429637385,0.317641672,0.050542356,Simulated Portfolio
0.28324797,0.208887179,1.260239963,0.433667899,0.245100496,0.320054885,0.00117672,Simulated Portfolio
0.342444696,0.216147357,1.491781811,0.315742247,0.363960284,0.278656314,0.041641155,Simulated Portfolio
0.187357001,0.20271231,0.825588742,0.107202309,0.13496213,0.292450345,0.465385217,Simulated Portfolio
0.20313192,0.203191371,0.901278035,0.367670938,0.132083368,0.433714105,0.066531589,Simulated Portfolio
0.36635959,0.219975741,1.574535392,0.280005999,0.403842897,0.21235744,0.103793664,Simulated Portfolio
0.305617877,0.206272736,1.384661309,0.213692623,0.316196596,0.257804436,0.212306345,Simulated Portfolio
0.44136722,0.244409536,1.724021191,0.496322762,0.46949335,0.005205788,0.0289781,Simulated Portfolio
0.326154737,0.2120659,1.443677353,0.183208238,0.353986401,0.230542174,0.232263187,Simulated Portfolio
0.296652265,0.209024558,1.323539529,0.203634255,0.311796075,0.334901947,0.149667722,Simulated Portfolio
0.33564299,0.207214659,1.52326574,0.285467266,0.342004982,0.148700382,0.223827369,Simulated Portfolio
0.121206514,0.218155746,0.463918627,0.032078581,0.048659958,0.413450477,0.505810984,Simulated Portfolio
0.331902996,0.235633952,1.32367595,0.101952481,0.404947244,0.448494696,0.044605578,Simulated Portfolio
0.236206932,0.194724087,1.110324541,0.245323126,0.192789338,0.278385801,0.283501735,Simulated Portfolio
0.309416456,0.214318733,1.350402051,0.149813604,0.341216965,0.314735196,0.194234235,Simulated Portfolio
0.284660949,0.199040146,1.329686272,0.223671356,0.270040339,0.190879712,0.315408593,Simulated Portfolio
0.462730419,0.253893624,1.743763443,0.312460131,0.552854517,0.113424441,0.021260911,Simulated Portfolio
0.282879377,0.1956829,1.343394734,0.337114076,0.234288873,0.09051154,0.338085512,Simulated Portfolio
0.371342815,0.215583674,1.629728302,0.336090005,0.387336556,0.088241079,0.18833236,Simulated Portfolio
0.396435318,0.260016506,1.447736234,0.064199525,0.518009655,0.402953459,0.014837361,Simulated Portfolio
0.172491214,0.197281327,0.772963239,0.237084296,0.094670563,0.366990552,0.301254588,Simulated Portfolio
0.155907075,0.200074972,0.679280738,0.206961919,0.074394659,0.391635195,0.327008227,Simulated Portfolio
0.148633312,0.207192727,0.620838935,0.096120981,0.077243061,0.353036362,0.473599595,Simulated Portfolio
0.17851605,0.198206277,0.799752927,0.172240323,0.110141708,0.31131198,0.406305989,Simulated Portfolio
0.291588047,0.198762615,1.366394015,0.245177497,0.274767329,0.162967722,0.317087452,Simulated Portfolio
0.326736182,0.213175288,1.438891838,0.230254305,0.353590934,0.289648391,0.12650637,Simulated Portfolio
0.153712546,0.197744697,0.676187771,0.269087573,0.040447744,0.235006754,0.455457928,Simulated Portfolio
0.309965882,0.207937493,1.394485804,0.286421382,0.315491328,0.298879978,0.099207311,Simulated Portfolio
0.301569356,0.201124263,1.399977064,0.246481056,0.29433972,0.183953967,0.275225257,Simulated Portfolio
0.321991882,0.213455708,1.414775387,0.154815537,0.353242448,0.241448488,0.250493527,Simulated Portfolio
0.220817031,0.196662346,1.021125981,0.352054567,0.11510589,0.015532475,0.517307069,Simulated Portfolio
0.190914537,0.209216273,0.816927551,0.102940432,0.163934751,0.475254075,0.257870743,Simulated Portfolio
0.310355654,0.212705518,1.365059343,0.148282858,0.338871275,0.279495897,0.23334997,Simulated Portfolio
0.354243132,0.209338445,1.596663869,0.311869301,0.35323426,0.014490549,0.32040589,Simulated Portfolio
0.295724817,0.205898294,1.33913114,0.230223279,0.301904264,0.306155334,0.161717123,Simulated Portfolio
0.17384937,0.20763813,0.740949507,0.445410687,0.063797121,0.404659864,0.086132327,Simulated Portfolio
0.259606183,0.200758126,1.193506776,0.151988618,0.243932302,0.226279237,0.377799842,Simulated Portfolio
0.311971646,0.227113932,1.28557347,0.055215831,0.368479729,0.361928699,0.214375741,Simulated Portfolio
0.246944654,0.1969328,1.152396421,0.410840874,0.173373511,0.212057535,0.20372808,Simulated Portfolio
0.287234467,0.203511726,1.313115817,0.192745232,0.288827331,0.263246048,0.255181388,Simulated Portfolio
0.308947739,0.221421789,1.304965245,0.068673424,0.353925607,0.30487006,0.272530908,Simulated Portfolio
0.325323437,0.231936909,1.316407288,0.057360179,0.393112114,0.377755531,0.171772176,Simulated Portfolio
0.572599741,0.327325306,1.688227983,0.039638842,0.789769638,0.090749188,0.079842333,Simulated Portfolio
0.244457543,0.192426431,1.166459003,0.30618242,0.182027189,0.162180085,0.349610306,Simulated Portfolio
0.269536607,0.203861358,1.224050549,0.498416373,0.177122917,0.05047815,0.27398256,Simulated Portfolio
0.203483055,0.196138158,0.93547863,0.364582693,0.118128352,0.308293242,0.208995712,Simulated Portfolio
0.317282268,0.230263139,1.291054528,0.013721723,0.377349378,0.296860508,0.312068391,Simulated Portfolio
0.224959197,0.208735579,0.981908299,0.508247694,0.128653364,0.303257392,0.05984155,Simulated Portfolio
0.270246583,0.212604741,1.177050814,0.054692841,0.279959297,0.226026311,0.439321552,Simulated Portfolio
0.213889587,0.195122733,0.993680154,0.285895557,0.153357101,0.332755626,0.227991715,Simulated Portfolio
0.219845304,0.194143978,1.029366485,0.244352792,0.165855503,0.288448107,0.301343598,Simulated Portfolio
0.302796329,0.217310817,1.301344925,0.055585411,0.327511371,0.154438241,0.462464978,Simulated Portfolio
0.308414619,0.199479785,1.445833816,0.342019927,0.276032255,0.077487555,0.304460263,Simulated Portfolio
0.239582313,0.197532372,1.111626978,0.327629709,0.190301895,0.333044648,0.149023748,Simulated Portfolio
0.334890291,0.205760392,1.530373694,0.28741545,0.334904984,0.103551547,0.274128019,Simulated Portfolio
0.161359962,0.209507995,0.67472347,0.156861297,0.110892281,0.54071854,0.191527882,Simulated Portfolio
0.375752811,0.232757352,1.528427816,0.597774945,0.339225168,0.019356946,0.043642941,Simulated Portfolio
0.120551078,0.207651284,0.484230467,0.270977412,0.013662092,0.49178772,0.223572776,Simulated Portfolio
0.361554045,0.222816691,1.532892546,0.194546877,0.413762018,0.235126083,0.156565022,Simulated Portfolio
0.383737282,0.221968915,1.638685678,0.436992138,0.388130214,0.068586375,0.106291273,Simulated Portfolio
0.132566261,0.202793216,0.555079027,0.302231137,0.017785356,0.400476292,0.279507215,Simulated Portfolio
0.216571571,0.198565902,0.989956329,0.349706284,0.150679849,0.367986669,0.131627198,Simulated Portfolio
0.296009472,0.204897848,1.347058908,0.43121525,0.255338286,0.218062492,0.095383972,Simulated Portfolio
0.27889157,0.230971658,1.120880248,0.043467035,0.331021614,0.508522941,0.116988409,Simulated Portfolio
0.462616574,0.265179022,1.669123641,0.075978935,0.584473522,0.021743675,0.317803868,Simulated Portfolio
0.135367644,0.213918678,0.539306082,0.380761696,0.025522445,0.542496213,0.051219646,Simulated Portfolio
0.226219017,0.198538786,1.038683784,0.448238552,0.117488961,0.102354512,0.331917975,Simulated Portfolio
0.320828407,0.213651671,1.408032079,0.195793851,0.350890308,0.300255296,0.153060545,Simulated Portfolio
0.31026303,0.204340199,1.420489123,0.437277123,0.267147841,0.12048622,0.175088815,Simulated Portfolio
0.267003655,0.20034468,1.232893508,0.272404489,0.246942154,0.326083611,0.154569746,Simulated Portfolio
0.211497906,0.216115952,0.886088715,0.01523438,0.205991922,0.396683079,0.382090619,Simulated Portfolio
0.354878261,0.219844538,1.523250308,0.15921312,0.400475574,0.167652057,0.272659249,Simulated Portfolio
0.372279063,0.243876992,1.444494865,0.016581504,0.46363484,0.227202807,0.292580848,Simulated Portfolio
0.350968601,0.242241151,1.366277362,0.012195351,0.43917565,0.323701695,0.224927304,Simulated Portfolio
0.2280185,0.208760534,0.996445522,0.070077042,0.218657859,0.347004005,0.364261094,Simulated Portfolio
0.365220442,0.222334825,1.552705209,0.309785963,0.401834751,0.256831246,0.03154804,Simulated Portfolio
0.286155399,0.215276702,1.236340937,0.105720878,0.314900107,0.364132705,0.21524631,Simulated Portfolio
0.175826403,0.208547911,0.747197142,0.461855877,0.062758299,0.392386068,0.082999756,Simulated Portfolio
0.284703176,0.201846976,1.311405211,0.461057281,0.216114246,0.099944082,0.222884391,Simulated Portfolio
0.18117239,0.204919782,0.78651455,0.111146486,0.137024073,0.404271532,0.347557909,Simulated Portfolio
0.30107841,0.203415189,1.381796568,0.297429263,0.293608689,0.261539961,0.147422087,Simulated Portfolio
0.224310028,0.196236888,1.041139772,0.275476024,0.174822197,0.345509007,0.204192771,Simulated Portfolio
0.498653106,0.30110277,1.589666897,0.008535276,0.685187436,0.238253841,0.068023447,Simulated Portfolio
0.389667919,0.242604362,1.523748032,0.046733368,0.477132337,0.134832422,0.341301874,Simulated Portfolio
0.268056393,0.205234247,1.2086501,0.340818829,0.242818678,0.379632356,0.036730137,Simulated Portfolio
0.355007184,0.212896129,1.573571044,0.223865762,0.375924546,0.059391159,0.340818532,Simulated Portfolio
0.157260316,0.197099517,0.696401074,0.292807063,0.050149613,0.300197741,0.356845583,Simulated Portfolio
0.272757471,0.208991468,1.209415257,0.104866383,0.283338176,0.293437058,0.318358383,Simulated Portfolio
0.335190175,0.22391474,1.407634779,0.097263479,0.389905968,0.269506396,0.243324157,Simulated Portfolio
0.183233531,0.198360961,0.822911577,0.324999101,0.09997422,0.388932644,0.186094035,Simulated Portfolio
0.366999168,0.221053482,1.5697521,0.367956558,0.389506449,0.216508701,0.026028293,Simulated Portfolio
0.133590228,0.201319736,0.564227979,0.249421064,0.012448794,0.26211674,0.476013402,Simulated Portfolio
0.201123795,0.201522724,0.898776038,0.174141513,0.161879606,0.418689521,0.245289359,Simulated Portfolio
0.307506448,0.223368255,1.287141038,0.103580974,0.356265895,0.397454871,0.14269826,Simulated Portfolio
0.256085945,0.194305175,1.215026541,0.361816585,0.180801028,0.068711775,0.388670612,Simulated Portfolio
0.195221585,0.194966797,0.898725258,0.288951868,0.093261439,0.106954664,0.510832029,Simulated Portfolio
0.236070568,0.192900515,1.120114003,0.257497604,0.173381075,0.137684527,0.431436794,Simulated Portfolio
0.456701923,0.255878191,1.706678952,0.137973904,0.561976525,0.013287658,0.286761913,Simulated Portfolio
0.372742671,0.227676678,1.549314032,0.110080137,0.425124025,0.041730688,0.42306515,Simulated Portfolio
0.187266148,0.193867411,0.86278631,0.285052742,0.100658284,0.276651835,0.337637139,Simulated Portfolio
0.277776507,0.201159034,1.281456279,0.195077839,0.270728323,0.252432795,0.281761043,Simulated Portfolio
0.40515452,0.236613129,1.627781693,0.195767714,0.483168454,0.186630255,0.134433577,Simulated Portfolio
0.150321537,0.204577387,0.637028065,0.123203974,0.07466135,0.348106777,0.4540279,Simulated Portfolio
0.420596016,0.235495347,1.701078264,0.297272727,0.4832856,0.11852616,0.100915513,Simulated Portfolio
0.310870361,0.20303776,1.432592444,0.295009021,0.304422196,0.207003832,0.193564951,Simulated Portfolio
0.222231328,0.19574629,1.033129816,0.260914689,0.172746302,0.336242716,0.230096293,Simulated Portfolio
0.198006817,0.20020522,0.889121756,0.429251003,0.068087166,0.069123458,0.433538373,Simulated Portfolio
0.253286946,0.200248512,1.164987166,0.179519893,0.237236023,0.302859633,0.28038445,Simulated Portfolio
0.333169124,0.23446183,1.33569342,0.07829454,0.406298843,0.405957223,0.109449394,Simulated Portfolio
0.305973164,0.241533754,1.183988403,0.732594516,0.194105957,0.020307065,0.052992463,Simulated Portfolio
0.190923323,0.193430298,0.883642967,0.264700653,0.104658963,0.226727567,0.403912816,Simulated Portfolio
0.25938566,0.205429409,1.165294009,0.196377738,0.255741252,0.394122214,0.153758796,Simulated Portfolio
0.292494448,0.197895814,1.37695913,0.377802507,0.244041106,0.094526863,0.283629525,Simulated Portfolio
0.259873421,0.196000072,1.223843539,0.263624319,0.227760906,0.256168373,0.252446401,Simulated Portfolio
0.198854173,0.193902212,0.922393669,0.267452051,0.107503509,0.140595206,0.484449234,Simulated Portfolio
0.272695368,0.196885801,1.283461614,0.343136298,0.231579321,0.22330241,0.201981972,Simulated Portfolio
0.147403808,0.207064615,0.61528527,0.360914808,0.042132221,0.477611394,0.119341578,Simulated Portfolio
0.357407856,0.211887619,1.592390616,0.277754999,0.373910139,0.089241304,0.259093558,Simulated Portfolio
0.170620887,0.206994438,0.727656685,0.076165065,0.110686393,0.284728556,0.528419986,Simulated Portfolio
0.132651059,0.206805008,0.544721138,0.12600065,0.040856862,0.325641392,0.507501095,Simulated Portfolio
0.343365683,0.208245732,1.552808211,0.374700399,0.333013072,0.097415337,0.194871192,Simulated Portfolio
0.184249646,0.194258577,0.845520687,0.273244524,0.086759446,0.186934446,0.453061584,Simulated Portfolio
0.287213245,0.20807081,1.284241863,0.108512812,0.286921804,0.121103926,0.483461457,Simulated Portfolio
0.29319579,0.196991308,1.386841846,0.302854578,0.257654557,0.084677704,0.354813162,Simulated Portfolio
0.332122232,0.220150801,1.417765596,0.081699516,0.362364826,0.06173769,0.494197968,Simulated Portfolio
0.216771622,0.202037885,0.973934277,0.252757072,0.178062379,0.446449991,0.122730558,Simulated Portfolio
0.30110727,0.204149302,1.376969049,0.318333643,0.291123307,0.271942679,0.118600371,Simulated Portfolio
0.313308539,0.217764385,1.346907752,0.086387599,0.350697243,0.242122212,0.320792946,Simulated Portfolio
0.161263114,0.206633108,0.683642208,0.417071555,0.048909729,0.419279272,0.114739444,Simulated Portfolio
0.319264928,0.203265782,1.472283846,0.40952443,0.273802865,0.00471676,0.311955945,Simulated Portfolio
0.377299408,0.223188638,1.600885296,0.459475051,0.378464031,0.114648755,0.047412163,Simulated Portfolio
0.249767844,0.193534628,1.187218259,0.310872293,0.178995923,0.067853212,0.442278573,Simulated Portfolio
0.131193402,0.207123161,0.53684678,0.149919492,0.048816692,0.448545594,0.352718223,Simulated Portfolio
0.397317812,0.227766402,1.656599957,0.421878346,0.419360797,0.109904166,0.048856692,Simulated Portfolio
0.226140638,0.204963358,1.005743855,0.116773293,0.210164154,0.373728581,0.299333972,Simulated Portfolio
0.241859306,0.197583355,1.12286435,0.228551643,0.211265013,0.325249622,0.234933723,Simulated Portfolio
0.215529621,0.206219926,0.94816066,0.149378956,0.195803405,0.455988239,0.198829401,Simulated Portfolio
0.202412493,0.197057279,0.925682593,0.252361409,0.14521823,0.379609665,0.222810696,Simulated Portfolio
0.315409517,0.212478728,1.390301607,0.114927018,0.334115775,0.117348983,0.433608224,Simulated Portfolio
0.486780974,0.260212558,1.793844914,0.294570417,0.584754711,0.0058076,0.114867273,Simulated Portfolio
0.274527893,0.199171046,1.27793622,0.201141813,0.259652191,0.216328773,0.322877223,Simulated Portfolio
0.194168314,0.203006766,0.857943391,0.128307378,0.154768776,0.390661452,0.326262394,Simulated Portfolio
0.37068679,0.213980923,1.638869414,0.372642216,0.369044507,0.000909624,0.257403653,Simulated Portfolio
0.230806725,0.193266916,1.090754328,0.364610318,0.149073113,0.172700174,0.313616396,Simulated Portfolio
0.252342542,0.195481527,1.188565204,0.26297128,0.216108058,0.266661313,0.25425935,Simulated Portfolio
0.411465329,0.263740498,1.48428221,0.016238394,0.540802698,0.304098539,0.13886037,Simulated Portfolio
0.342302119,0.229918195,1.401812151,0.069237778,0.408927162,0.283019266,0.238815794,Simulated Portfolio
0.132771264,0.206595263,0.545856001,0.300411894,0.029270342,0.490049171,0.180268593,Simulated Portfolio
0.402713455,0.254623508,1.503056246,0.083947825,0.516807116,0.332538639,0.06670642,Simulated Portfolio
0.150427798,0.208943767,0.6242244,0.242187107,0.078506049,0.557358237,0.121948607,Simulated Portfolio
0.338858882,0.223103577,1.429196639,0.110067819,0.392413256,0.256881651,0.240637274,Simulated Portfolio
0.366985958,0.239861477,1.446609776,0.00792975,0.44093265,0.10190453,0.44923307,Simulated Portfolio
0.342075548,0.234080923,1.375915403,0.086518746,0.416355713,0.373862993,0.123262548,Simulated Portfolio
0.348311461,0.219461515,1.49598649,0.248360883,0.38753644,0.288651442,0.075451235,Simulated Portfolio
0.139270641,0.200604555,0.594555997,0.28503515,0.028480179,0.36706773,0.319416941,Simulated Portfolio
0.320949664,0.211984425,1.419678186,0.16986782,0.348559548,0.240204468,0.241368164,Simulated Portfolio
0.180522527,0.199611617,0.804174272,0.425185086,0.056530266,0.218178546,0.300106102,Simulated Portfolio
0.216338313,0.207059702,0.948220786,0.524658242,0.083699554,0.078871153,0.312771051,Simulated Portfolio
0.327339514,0.208934706,1.470983542,0.261009553,0.341936858,0.230573394,0.166480195,Simulated Portfolio
0.4301935,0.23813857,1.72249922,0.287190023,0.497738743,0.08544691,0.129624324,Simulated Portfolio
0.196204172,0.194296836,0.906881324,0.325490482,0.11056966,0.291330239,0.272609619,Simulated Portfolio
0.18345482,0.196871974,0.830259468,0.329752849,0.064628752,0.099763668,0.505854731,Simulated Portfolio
0.373057586,0.226730345,1.557169531,0.270120959,0.424487334,0.27255011,0.032841596,Simulated Portfolio
0.292967406,0.205337952,1.329356819,0.209361161,0.299338526,0.293097317,0.198202996,Simulated Portfolio
0.301496454,0.210366142,1.338126237,0.533344472,0.223148555,0.025871817,0.217635156,Simulated Portfolio
0.156273456,0.203420862,0.669908947,0.325261155,0.014576965,0.068137011,0.592024869,Simulated Portfolio
0.165353828,0.201386484,0.721765561,0.219832229,0.095111047,0.447174236,0.237882488,Simulated Portfolio
0.377858628,0.224463205,1.594286369,0.1758443,0.431057029,0.116364572,0.276734099,Simulated Portfolio
0.34841965,0.219856509,1.493790889,0.489491473,0.330210251,0.174200057,0.00609822,Simulated Portfolio
0.19803049,0.202604511,0.878709408,0.465264974,0.085437042,0.266822503,0.182475481,Simulated Portfolio
0.154128405,0.204955547,0.654426811,0.203037127,0.084398936,0.494240955,0.218322982,Simulated Portfolio
0.250808303,0.19352863,1.192631312,0.323992122,0.195055501,0.20583217,0.275120207,Simulated Portfolio
0.321715507,0.209067114,1.443151445,0.454767413,0.287704732,0.152853118,0.104674738,Simulated Portfolio
0.281615588,0.199807133,1.309340583,0.213227716,0.270260714,0.220726599,0.295784972,Simulated Portfolio
0.157331715,0.206311404,0.665652563,0.099904744,0.094596172,0.377764127,0.427734957,Simulated Portfolio
0.210711311,0.19865187,0.960027769,0.306611919,0.151896054,0.397414766,0.14407726,Simulated Portfolio
0.101420579,0.225996397,0.360273792,0.09555848,0.033826821,0.669932809,0.200681891,Simulated Portfolio
0.207808628,0.207409461,0.905496921,0.50024526,0.100065542,0.30035608,0.099333118,Simulated Portfolio
0.203149626,0.205848169,0.889731624,0.20757517,0.169163726,0.500283979,0.122977125,Simulated Portfolio
0.397901549,0.248967065,1.517877671,0.009909639,0.486367916,0.037856381,0.465866065,Simulated Portfolio
0.240065544,0.193762037,1.1357516,0.375186431,0.161078661,0.155244263,0.308490645,Simulated Portfolio
0.243334331,0.193991576,1.151257882,0.265938134,0.197844367,0.248978949,0.28723855,Simulated Portfolio
0.180922429,0.212854147,0.756022055,0.529912563,0.018150754,0.051592534,0.40034415,Simulated Portfolio
0.257881954,0.193267388,1.230843741,0.31131938,0.203852556,0.158183577,0.326644487,Simulated Portfolio
0.180642294,0.194585405,0.825561883,0.302729252,0.087027955,0.285281044,0.324961748,Simulated Portfolio
0.121031223,0.218461629,0.462466676,0.324331303,0.020845242,0.624685652,0.030137803,Simulated Portfolio
0.189632546,0.209235671,0.810724794,0.451921029,0.092575541,0.426529727,0.028973702,Simulated Portfolio
0.196408563,0.201150446,0.876998123,0.140614084,0.153334507,0.365106893,0.340944516,Simulated Portfolio
0.232233016,0.213412281,0.99447424,0.57855028,0.098826268,0.057157083,0.265466369,Simulated Portfolio
0.342849737,0.239820998,1.346211301,0.082706319,0.425594289,0.433636809,0.058062583,Simulated Portfolio
0.258998771,0.194959695,1.225888103,0.325146554,0.211847272,0.229243494,0.233762681,Simulated Portfolio
0.306374153,0.214300212,1.336322308,0.274868357,0.322520719,0.3913738,0.011237123,Simulated Portfolio
0.223085092,0.199369931,1.018634511,0.444784329,0.107020605,0.055333985,0.392861081,Simulated Portfolio
0.355136065,0.253056888,1.324350689,0.013661379,0.461103691,0.447936249,0.077298681,Simulated Portfolio
0.312424017,0.229387741,1.274802285,0.013146725,0.369927919,0.304194008,0.312731348,Simulated Portfolio
0.325300505,0.205237366,1.487548351,0.428404016,0.282999487,0.022724099,0.265872398,Simulated Portfolio
0.401663032,0.231610873,1.647863195,0.314807003,0.455756425,0.188388672,0.041047899,Simulated Portfolio
0.211771991,0.193531286,0.990909506,0.362146905,0.115602113,0.164678208,0.357572775,Simulated Portfolio
0.236763436,0.198686263,1.090983508,0.216312757,0.207694844,0.350398755,0.225593644,Simulated Portfolio
0.264147244,0.197275087,1.237597951,0.23692992,0.240097668,0.256991131,0.265981281,Simulated Portfolio
0.26440035,0.198821585,1.229244552,0.4291249,0.175623644,0.007603758,0.387647699,Simulated Portfolio
0.181075681,0.204362595,0.788185731,0.460719942,0.035593513,0.090023748,0.413662796,Simulated Portfolio
0.127111732,0.202546597,0.528825136,0.232306379,0.009015165,0.300917396,0.45776106,Simulated Portfolio
0.305278548,0.198812285,1.434914086,0.330010988,0.27206849,0.07158196,0.326338563,Simulated Portfolio
0.270261938,0.223720832,1.118634934,0.071128687,0.307941705,0.482590498,0.13833911,Simulated Portfolio
0.266103631,0.202660951,1.214361372,0.144833339,0.258889565,0.246288446,0.349988651,Simulated Portfolio
0.31971636,0.203858342,1.470218767,0.240076946,0.319084416,0.119016459,0.321822179,Simulated Portfolio
0.184513133,0.193997354,0.848017406,0.269694987,0.090482184,0.208689624,0.431133205,Simulated Portfolio
0.181308161,0.20890433,0.772162839,0.443810129,0.080310233,0.432122414,0.043757224,Simulated Portfolio
0.363300607,0.239829528,1.431435944,0.041882955,0.449307059,0.275315914,0.233494073,Simulated Portfolio
0.395171322,0.230578529,1.627086982,0.18654158,0.461059264,0.132720495,0.219678661,Simulated Portfolio
0.176258456,0.209796782,0.744808642,0.058413428,0.136259461,0.389193799,0.416133312,Simulated Portfolio
0.138716461,0.201449671,0.589310771,0.314766473,0.002408272,0.203496324,0.479328931,Simulated Portfolio
0.337053581,0.245715271,1.290329164,0.039478453,0.427978336,0.471629415,0.060913796,Simulated Portfolio
0.16911437,0.202832725,0.735159328,0.131630551,0.109262842,0.377943021,0.381163587,Simulated Portfolio
0.251683712,0.192825725,1.201518692,0.298303721,0.191537237,0.125462907,0.384696134,Simulated Portfolio
0.304540485,0.201540997,1.411824341,0.228703741,0.284601113,0.033802782,0.452892364,Simulated Portfolio
0.322725064,0.207432613,1.459389918,0.250944861,0.334567265,0.220569145,0.193918729,Simulated Portfolio
0.281261203,0.19837667,1.31699561,0.263862747,0.26189808,0.232588131,0.241651042,Simulated Portfolio
0.234402615,0.196717379,1.089901748,0.174334233,0.193311094,0.201885346,0.430469327,Simulated Portfolio
0.303694232,0.20913827,1.356491239,0.156535958,0.322612432,0.252696681,0.268154929,Simulated Portfolio
0.132415644,0.208579426,0.538958447,0.119764571,0.054883345,0.435974522,0.389377562,Simulated Portfolio
0.28791357,0.207531977,1.29095079,0.138808001,0.299768663,0.263144349,0.298278987,Simulated Portfolio
0.144412213,0.209137123,0.594883448,0.183628691,0.076950799,0.542780932,0.196639578,Simulated Portfolio
0.328284776,0.212825117,1.44853568,0.49277621,0.289190651,0.12801009,0.090023049,Simulated Portfolio
0.37609348,0.232288476,1.532979538,0.176111661,0.447763423,0.280663399,0.095461517,Simulated Portfolio
0.245306155,0.203648966,1.106345688,0.437680571,0.178738095,0.32042573,0.063155604,Simulated Portfolio
0.318464655,0.216687332,1.377397802,0.113893233,0.356070279,0.254013818,0.276022669,Simulated Portfolio
0.346922976,0.210787659,1.550958806,0.326765676,0.355775465,0.163055746,0.154403112,Simulated Portfolio
0.293059113,0.234020494,1.166817097,0.007195836,0.354960076,0.449125543,0.188718544,Simulated Portfolio
0.166810009,0.217953637,0.673583661,0.031282591,0.139535372,0.51121964,0.317962397,Simulated Portfolio
0.331785758,0.21360735,1.459620926,0.166717669,0.363291472,0.202078077,0.267912782,Simulated Portfolio
0.30411371,0.208471823,1.36283986,0.152070641,0.320615554,0.223399578,0.303914227,Simulated Portfolio
0.315535994,0.201435411,1.467150151,0.378615509,0.279468905,0.058771834,0.283143752,Simulated Portfolio
0.156469672,0.209167525,0.65244197,0.489378091,0.001430794,0.203041018,0.306150097,Simulated Portfolio
0.401512658,0.228871702,1.666928042,0.46624866,0.410657706,0.044211388,0.078882247,Simulated Portfolio
0.201577626,0.2065555,0.87907427,0.102054666,0.175383569,0.415787384,0.306774382,Simulated Portfolio
0.289749428,0.217362906,1.241009486,0.038205141,0.30729196,0.147926244,0.506576655,Simulated Portfolio
0.311976822,0.226846446,1.287112172,0.00316812,0.353967325,0.163241506,0.479623049,Simulated Portfolio
0.288351147,0.215836314,1.243308607,0.575956375,0.205683251,0.133811989,0.084548386,Simulated Portfolio
0.458792197,0.251061249,1.747749597,0.235121472,0.552287518,0.048983221,0.163607789,Simulated Portfolio
0.256362528,0.202991709,1.164394983,0.197756447,0.246881407,0.366117626,0.18924452,Simulated Portfolio
0.263541049,0.211040823,1.153999713,0.100495756,0.27656705,0.363026133,0.259911061,Simulated Portfolio
0.174027311,0.221290575,0.696040994,0.570061724,0.036306969,0.361526892,0.032104415,Simulated Portfolio
0.260615292,0.193714694,1.242111725,0.287334752,0.214506114,0.171236938,0.326922196,Simulated Portfolio
0.210722781,0.203891697,0.935412199,0.432583423,0.125621697,0.368740345,0.073054535,Simulated Portfolio
0.14044137,0.205922521,0.584886827,0.136150869,0.042258845,0.240686858,0.580903427,Simulated Portfolio
0.292225691,0.208889584,1.303203755,0.37612665,0.27391936,0.343662335,0.006291655,Simulated Portfolio
0.349350377,0.209335449,1.573313923,0.351413184,0.347448663,0.096205139,0.204933014,Simulated Portfolio
0.182250655,0.202147915,0.802633335,0.329664671,0.104844518,0.450450171,0.11504064,Simulated Portfolio
0.317217542,0.205971501,1.443003228,0.355022809,0.30632745,0.221911456,0.116738285,Simulated Portfolio
0.211577765,0.192791721,0.993703279,0.256666382,0.143264203,0.23829376,0.361775654,Simulated Portfolio
0.191059207,0.20946634,0.81664294,0.521342381,0.040199673,0.076040823,0.362417122,Simulated Portfolio
0.3283808,0.206965565,1.490010187,0.367110577,0.318020056,0.176791537,0.13807783,Simulated Portfolio
0.31509951,0.20631811,1.430313171,0.406494422,0.290287506,0.19667872,0.106539351,Simulated Portfolio
0.273399083,0.20796444,1.218473133,0.118380534,0.282523954,0.297791351,0.30130416,Simulated Portfolio
0.154785506,0.201697047,0.668257207,0.27683975,0.066431442,0.446755011,0.209973796,Simulated Portfolio
0.195006084,0.206711722,0.846619059,0.074258859,0.1603911,0.344001071,0.421348969,Simulated Portfolio
0.231261666,0.193569772,1.091398019,0.297491886,0.149863834,0.07181424,0.48083004,Simulated Portfolio
0.171314373,0.200728549,0.75382587,0.423973111,0.038193171,0.19647506,0.341358658,Simulated Portfolio
0.410752395,0.240262332,1.626357292,0.120355679,0.493048229,0.074820084,0.311776008,Simulated Portfolio
0.298348299,0.215343653,1.292577215,0.252550942,0.316732294,0.425037453,0.005679311,Simulated Portfolio
0.276599293,0.208097666,1.233071463,0.124706152,0.287259758,0.300634205,0.287399886,Simulated Portfolio
0.24486912,0.197931323,1.136096685,0.267980691,0.211105532,0.339997578,0.180916198,Simulated Portfolio
0.414176576,0.25811521,1.527134241,0.04502538,0.534395422,0.255316237,0.165262961,Simulated Portfolio
0.36792266,0.22599446,1.539518535,0.548209721,0.339489943,0.059446428,0.052853908,Simulated Portfolio
0.216296581,0.213125523,0.92103742,0.037638508,0.208931235,0.385852043,0.367578214,Simulated Portfolio
0.236705796,0.192565265,1.125362854,0.30128384,0.163264092,0.110491611,0.424960457,Simulated Portfolio
0.124250946,0.207122176,0.50333068,0.1490465,0.03202732,0.407660049,0.411266132,Simulated Portfolio
0.264731049,0.196424136,1.245931656,0.215407764,0.235536063,0.178419258,0.370636916,Simulated Portfolio
0.310607433,0.199723697,1.455047334,0.323675497,0.282309584,0.070486603,0.323528316,Simulated Portfolio
0.290646154,0.196579001,1.37678059,0.319998743,0.251507114,0.096074052,0.33242009,Simulated Portfolio
0.242785818,0.201686452,1.104614694,0.265622375,0.215450111,0.402393056,0.116534458,Simulated Portfolio
0.200081412,0.194524022,0.925754103,0.251694632,0.133639892,0.316048208,0.298617269,Simulated Portfolio
0.388668356,0.23164219,1.591542353,0.20370882,0.457457626,0.222021863,0.116811691,Simulated Portfolio
0.13801388,0.202035968,0.584123122,0.202989245,0.043000626,0.382180797,0.371829331,Simulated Portfolio
0.278312434,0.195850798,1.318924593,0.364043359,0.225234588,0.121473531,0.289248522,Simulated Portfolio
0.347045791,0.218445635,1.497149579,0.134645245,0.386041489,0.123452613,0.355860653,Simulated Portfolio
0.259141365,0.19750988,1.210781786,0.383499943,0.203310472,0.244130148,0.169059437,Simulated Portfolio
0.28683725,0.196066992,1.360949372,0.321467092,0.243070343,0.082994064,0.352468502,Simulated Portfolio
0.254023728,0.193645963,1.208513332,0.257813613,0.203728433,0.132099584,0.406358369,Simulated Portfolio
0.282192345,0.211085088,1.242116854,0.101541225,0.300189122,0.292738573,0.305531081,Simulated Portfolio
0.164888879,0.216476539,0.669305226,0.230757033,0.115663439,0.64072697,0.012852559,Simulated Portfolio
0.362245114,0.215346644,1.589275355,0.235550066,0.392024673,0.106573175,0.265852086,Simulated Portfolio
0.16989732,0.197665379,0.758338768,0.211977839,0.092863075,0.351492199,0.343666888,Simulated Portfolio
0.307289823,0.205398105,1.398697535,0.205141196,0.315928644,0.218721576,0.260208585,Simulated Portfolio
0.287240273,0.196513552,1.359907604,0.34872174,0.242348548,0.112199057,0.296730655,Simulated Portfolio
0.183059513,0.196504867,0.829798848,0.193012942,0.111222698,0.28627989,0.40948447,Simulated Portfolio
0.427465412,0.236490565,1.722966882,0.306165539,0.489183205,0.082187008,0.122464249,Simulated Portfolio
0.159603918,0.207358017,0.673250642,0.113332714,0.070149874,0.162585321,0.653932092,Simulated Portfolio
0.129995218,0.215427335,0.510590815,0.206062538,0.057432625,0.621615054,0.114889784,Simulated Portfolio
0.227522848,0.205716785,1.008779369,0.084894242,0.20945941,0.30010977,0.405536578,Simulated Portfolio
0.362452161,0.239013238,1.432774871,0.024128388,0.443929665,0.216205156,0.31573679,Simulated Portfolio
0.255411248,0.196808568,1.19614329,0.208762733,0.228050603,0.240148599,0.323038064,Simulated Portfolio
0.234761202,0.193175063,1.111743919,0.345912069,0.163905753,0.210829537,0.279352642,Simulated Portfolio
0.530796649,0.291093169,1.754753127,0.136507585,0.68924697,0.002854165,0.171391281,Simulated Portfolio
0.179473453,0.196335111,0.812251317,0.299555477,0.0937064,0.352677906,0.254060217,Simulated Portfolio
0.190511167,0.208224804,0.81888019,0.336975413,0.126402145,0.52163772,0.014984722,Simulated Portfolio
0.325687787,0.202822162,1.507171523,0.298672138,0.310092347,0.046808356,0.344427158,Simulated Portfolio
0.318660016,0.203164391,1.470041159,0.281285705,0.314112194,0.154901928,0.249700173,Simulated Portfolio
0.238455006,0.219643236,0.994590181,0.025619697,0.255778146,0.438188017,0.280414139,Simulated Portfolio
0.224757269,0.194548539,1.052473951,0.267643889,0.172187543,0.305461908,0.25470666,Simulated Portfolio
0.344670119,0.221411474,1.466365375,0.158305653,0.39506614,0.267979027,0.178649179,Simulated Portfolio
0.20784643,0.210766766,0.891252607,0.073009328,0.149915725,0.070900035,0.706174912,Simulated Portfolio
0.201232233,0.197716352,0.916627434,0.3203308,0.131026494,0.381046242,0.167596464,Simulated Portfolio
0.248407137,0.193675792,1.179327236,0.352441015,0.183673884,0.188683753,0.275201348,Simulated Portfolio
0.164978356,0.209707038,0.691337579,0.471378181,0.00151553,0.054524752,0.472581537,Simulated Portfolio
0.322673357,0.212168043,1.42657373,0.252647028,0.344011083,0.30219343,0.101148459,Simulated Portfolio
0.226926339,0.196180464,1.054775458,0.330984344,0.166846077,0.325253842,0.176915737,Simulated Portfolio
0.340170476,0.222373647,1.439786058,0.088484177,0.387763122,0.167034498,0.356718203,Simulated Portfolio
0.164262892,0.197767791,0.729455949,0.361436122,0.043447656,0.247264824,0.347851398,Simulated Portfolio
0.303627315,0.222591273,1.274206804,0.043528114,0.347868963,0.293216572,0.315386351,Simulated Portfolio
0.21157049,0.208107743,0.920535138,0.513210731,0.069441364,0.011858874,0.405489031,Simulated Portfolio
0.346219662,0.223832416,1.457428144,0.198835166,0.398005117,0.331043325,0.072116392,Simulated Portfolio
0.196410567,0.193325272,0.912506502,0.296999879,0.100808596,0.164577717,0.437613808,Simulated Portfolio
0.311201742,0.209291613,1.391368424,0.219620509,0.328835232,0.291370494,0.160173765,Simulated Portfolio
0.35540909,0.220197049,1.523222455,0.182304037,0.402503858,0.211569928,0.203622177,Simulated Portfolio
0.250285399,0.198418969,1.16060173,0.34103558,0.204894066,0.320560712,0.133509641,Simulated Portfolio
0.452407547,0.271182478,1.59452613,0.070327745,0.593587404,0.235400971,0.100683879,Simulated Portfolio
0.430927505,0.240886778,1.705894811,0.190414807,0.508973593,0.022584526,0.278027073,Simulated Portfolio
0.228815005,0.207330451,1.007160326,0.065112906,0.207833976,0.238336926,0.488716193,Simulated Portfolio
0.260281756,0.197108426,1.219033407,0.215730001,0.235440126,0.241985038,0.306844835,Simulated Portfolio
0.325102448,0.230152279,1.32565469,0.002868582,0.378756181,0.179938622,0.438436615,Simulated Portfolio
0.303693247,0.211348434,1.34230116,0.196271086,0.325613737,0.337343926,0.140771252,Simulated Portfolio
0.226599616,0.203690204,1.014283514,0.189793151,0.204964335,0.433799416,0.171443098,Simulated Portfolio
0.144459397,0.200174833,0.62175347,0.331570232,0.02446141,0.329210102,0.314758256,Simulated Portfolio
0.312779339,0.204479992,1.431823902,0.245334953,0.316743641,0.207100922,0.230820484,Simulated Portfolio
0.242263321,0.212198319,1.04743205,0.572285568,0.117415042,0.057903367,0.252396023,Simulated Portfolio
0.230024135,0.195265406,1.07558292,0.203599444,0.186620917,0.253260541,0.356519097,Simulated Portfolio
0.328679925,0.212315574,1.45387321,0.347328701,0.334206482,0.276997966,0.041466851,Simulated Portfolio
0.366903666,0.230713916,1.503609629,0.071233974,0.425432022,0.06970853,0.433625473,Simulated Portfolio
0.226271931,0.198708691,1.038061951,0.280334519,0.182255381,0.386294831,0.15111527,Simulated Portfolio
0.426047345,0.271594179,1.495051718,0.04984726,0.567766961,0.368909814,0.013475966,Simulated Portfolio
0.269548626,0.201560239,1.23808459,0.345451638,0.237744121,0.323088241,0.093715999,Simulated Portfolio
0.437553836,0.257124387,1.623937118,0.16947186,0.552127115,0.253860635,0.024540391,Simulated Portfolio
0.342845301,0.207199997,1.558133715,0.319994339,0.341109892,0.089787203,0.249108566,Simulated Portfolio
0.226825237,0.201436938,1.026749309,0.47134043,0.128517654,0.219851808,0.180290108,Simulated Portfolio
0.36400394,0.220608368,1.559342206,0.361325938,0.386920801,0.228096827,0.023656434,Simulated Portfolio
0.331653081,0.211141458,1.476039259,0.217511397,0.355872824,0.218824222,0.207791556,Simulated Portfolio
0.301189117,0.198354502,1.417608951,0.342672903,0.258979668,0.04077691,0.357570519,Simulated Portfolio
0.140114587,0.202861634,0.592101055,0.278344689,0.040116499,0.441398753,0.240140059,Simulated Portfolio
0.235209725,0.197504818,1.089642914,0.222340921,0.201920868,0.333881433,0.241856778,Simulated Portfolio
0.431284534,0.244935454,1.679154762,0.145103953,0.518820829,0.03100252,0.305072699,Simulated Portfolio
0.18417354,0.213354014,0.769488874,0.051239029,0.160087605,0.462392822,0.326280543,Simulated Portfolio
0.351868957,0.233153546,1.42339228,0.083626182,0.426121824,0.309909162,0.180342831,Simulated Portfolio
0.314155612,0.208009717,1.414143609,0.461575732,0.273488389,0.153720306,0.111215573,Simulated Portfolio
0.266615521,0.197250451,1.250265938,0.258225418,0.241087659,0.261783208,0.238903715,Simulated Portfolio
0.324650686,0.230991713,1.31888145,0.054761362,0.390659412,0.363165072,0.191414154,Simulated Portfolio
0.369926154,0.22661903,1.544116371,0.533821763,0.350350124,0.099120111,0.016708002,Simulated Portfolio
0.315773844,0.206155069,1.434715363,0.258972777,0.322988469,0.236406058,0.181632696,Simulated Portfolio
0.369882078,0.255782151,1.367890905,0.028283162,0.482349035,0.434415927,0.054951876,Simulated Portfolio
0.370048625,0.228164331,1.534195212,0.098859132,0.419464836,0.016602675,0.465073357,Simulated Portfolio
0.372943254,0.222884878,1.583522651,0.43176473,0.382465886,0.168715722,0.017053662,Simulated Portfolio
0.279611642,0.206672117,1.256152237,0.111419561,0.279768851,0.175284433,0.433527154,Simulated Portfolio
0.262827111,0.196071302,1.238463296,0.29152448,0.22762806,0.254609334,0.226238127,Simulated Portfolio
0.282169838,0.200970063,1.304521848,0.185640192,0.27371964,0.199978426,0.340661741,Simulated Portfolio
0.365731893,0.223611764,1.546125692,0.128110629,0.407701613,0.024997217,0.439190541,Simulated Portfolio
0.302789319,0.201060499,1.406488693,0.243326471,0.295083793,0.16786748,0.293722256,Simulated Portfolio
0.268313112,0.207088303,1.199068748,0.09871184,0.254050598,0.105091954,0.542145608,Simulated Portfolio
0.229611345,0.217570161,0.963419542,0.180347811,0.229640078,0.581009432,0.009002679,Simulated Portfolio
0.158806223,0.20892977,0.664367854,0.463225873,0.03028227,0.369457216,0.13703464,Simulated Portfolio
0.157216866,0.216272515,0.634462803,0.019822238,0.091951825,0.237078115,0.651147822,Simulated Portfolio
0.233002276,0.193629307,1.100051841,0.290941581,0.177664755,0.267544751,0.263848913,Simulated Portfolio
0.219325225,0.195419629,1.019985688,0.402459472,0.116516896,0.124435693,0.356587939,Simulated Portfolio
0.447998628,0.24635429,1.737329715,0.392036343,0.510144802,0.090351285,0.00746757,Simulated Portfolio
0.150759421,0.199820172,0.654385488,0.193375775,0.056782257,0.299042275,0.450799693,Simulated Portfolio
0.195459525,0.195701381,0.89656764,0.191992569,0.128088642,0.246601582,0.433317207,Simulated Portfolio
0.243150608,0.200872985,1.110904026,0.293479819,0.209429536,0.389107582,0.107983063,Simulated Portfolio
0.31427769,0.227907056,1.291217985,0.008260369,0.365513106,0.233620397,0.392606128,Simulated Portfolio
0.262035677,0.194558917,1.244022534,0.25779836,0.223879941,0.184179344,0.334142354,Simulated Portfolio
0.276382076,0.194991017,1.314840447,0.289830508,0.235595308,0.12353529,0.351038894,Simulated Portfolio
0.294635557,0.201658865,1.361881895,0.212319036,0.290462511,0.199981777,0.297236676,Simulated Portfolio
0.187781572,0.201853258,0.831205667,0.24098675,0.132231658,0.464854204,0.161927388,Simulated Portfolio
0.271415481,0.201752746,1.246156429,0.186316753,0.26493816,0.282562576,0.266182511,Simulated Portfolio
0.196385437,0.200954908,0.877736397,0.453201293,0.066659916,0.116573281,0.36356551,Simulated Portfolio
0.272071661,0.206119272,1.22294077,0.127407301,0.276183186,0.277832962,0.31857655,Simulated Portfolio
0.269194677,0.198544381,1.255108183,0.38006985,0.221170876,0.242767193,0.155992081,Simulated Portfolio
0.243389624,0.207489584,1.076630545,0.477252055,0.168633893,0.323636664,0.030477388,Simulated Portfolio
0.290623037,0.212583867,1.273017753,0.074820258,0.300520916,0.134278928,0.490379898,Simulated Portfolio
0.220221363,0.199807872,1.002069444,0.198363969,0.186739377,0.387106445,0.22779021,Simulated Portfolio
0.320576534,0.221204632,1.358816638,0.075985802,0.366276451,0.251345933,0.306391814,Simulated Portfolio
0.304807809,0.203808581,1.397427955,0.232093895,0.307520095,0.225141615,0.235244395,Simulated Portfolio
0.349100075,0.214333713,1.53545642,0.201636348,0.380316102,0.147197157,0.270850394,Simulated Portfolio
0.191659617,0.193372049,0.887716803,0.280335417,0.099438441,0.196367024,0.423859119,Simulated Portfolio
0.204285306,0.198017122,0.930653391,0.171503166,0.157020109,0.32903161,0.342445115,Simulated Portfolio
0.253779829,0.197557401,1.183351408,0.253133256,0.225281706,0.307317304,0.214267734,Simulated Portfolio
0.217382507,0.195341579,1.010447996,0.22969301,0.167662965,0.316754956,0.285889068,Simulated Portfolio
0.173641156,0.198960669,0.772218733,0.174520409,0.088464168,0.204943574,0.532071849,Simulated Portfolio
0.273309676,0.194966358,1.299248129,0.287813455,0.23510298,0.160528882,0.316554682,Simulated Portfolio
0.182137953,0.216165486,0.75006402,0.018040746,0.159469016,0.436573194,0.385917044,Simulated Portfolio
0.241530071,0.22023125,1.005897535,0.040600306,0.261984804,0.468038891,0.229375999,Simulated Portfolio
0.330800695,0.21894499,1.419537825,0.127407853,0.375129782,0.255299649,0.242162717,Simulated Portfolio
0.301491021,0.219622179,1.281705803,0.605749389,0.207254374,0.002991314,0.184004923,Simulated Portfolio
0.290033604,0.225064355,1.199806181,0.002487216,0.300115926,0.030629858,0.666767,Simulated Portfolio
0.265377429,0.193990592,1.264893448,0.28951818,0.213534921,0.098096754,0.398850145,Simulated Portfolio
0.36815305,0.241280767,1.442937433,0.054843582,0.457900933,0.296411042,0.190844443,Simulated Portfolio
0.224099284,0.214822358,0.950083994,0.047924775,0.226270307,0.433099123,0.292705796,Simulated Portfolio
0.287036924,0.204420543,1.306311585,0.253607308,0.284790973,0.32411235,0.137489369,Simulated Portfolio
0.346027159,0.221209573,1.473838385,0.107654446,0.39086807,0.137525623,0.363951862,Simulated Portfolio
0.261952419,0.206154859,1.173644028,0.119322862,0.263157106,0.302924068,0.314595964,Simulated Portfolio
0.395229674,0.224693984,1.669958706,0.350717393,0.428135886,0.105669126,0.115477596,Simulated Portfolio
0.210054758,0.201629188,0.942595462,0.420498593,0.124104976,0.347582419,0.107814012,Simulated Portfolio
0.325868108,0.205438565,1.488854385,0.422964607,0.290228067,0.066347639,0.220459687,Simulated Portfolio
0.248991345,0.193270242,1.184824642,0.306791181,0.195375764,0.208712158,0.289120897,Simulated Portfolio
0.207020179,0.198965494,0.939962881,0.375042624,0.128382802,0.358284224,0.13829035,Simulated Portfolio
0.275862522,0.228882261,1.117878342,0.104170196,0.320097814,0.552679931,0.023052058,Simulated Portfolio
0.332682168,0.205623923,1.520650726,0.256829909,0.332719204,0.071139658,0.339311228,Simulated Portfolio
0.343304457,0.221849489,1.457314408,0.257494026,0.383754799,0.342903696,0.015847479,Simulated Portfolio
0.275484073,0.211900616,1.205678762,0.086365277,0.29280706,0.305006436,0.315821226,Simulated Portfolio
0.33856882,0.229051721,1.390816093,0.138764868,0.401816801,0.382180638,0.077237694,Simulated Portfolio
0.321537943,0.204000344,1.478124681,0.26531122,0.321089363,0.147432417,0.266167,Simulated Portfolio
0.220053632,0.201248727,0.994061603,0.169316829,0.191703537,0.387012689,0.251966944,Simulated Portfolio
0.286080103,0.199228766,1.335550625,0.249812682,0.271599168,0.222737056,0.255851094,Simulated Portfolio
0.356931383,0.233103269,1.445416812,0.033384994,0.418282654,0.096677666,0.451654685,Simulated Portfolio
0.335779687,0.212289785,1.487493555,0.18115475,0.362735579,0.161834422,0.294275249,Simulated Portfolio
0.389480357,0.226246528,1.633087413,0.284981046,0.438464087,0.17503304,0.101521827,Simulated Portfolio
0.431007201,0.256495189,1.602397311,0.146097415,0.546271821,0.264143822,0.043486942,Simulated Portfolio
0.186615784,0.204138654,0.816189296,0.481461201,0.050183742,0.162675575,0.305679482,Simulated Portfolio
0.23236466,0.193329183,1.098461481,0.340779884,0.163020708,0.23017946,0.266019949,Simulated Portfolio
0.150351391,0.199334849,0.65393177,0.342070452,0.029873262,0.3052913,0.322764986,Simulated Portfolio
0.315032167,0.231024806,1.277058391,0.067832053,0.378713836,0.421835368,0.131618743,Simulated Portfolio
0.458189564,0.277780865,1.577464897,0.019570378,0.609163397,0.205257206,0.166009019,Simulated Portfolio
0.233092096,0.192073362,1.109430764,0.30370883,0.163454204,0.167594904,0.365242062,Simulated Portfolio
0.352184539,0.212609207,1.562418407,0.304259799,0.369545385,0.167881243,0.158313573,Simulated Portfolio
0.221993813,0.199138664,1.014337492,0.147079174,0.186599503,0.283393393,0.38292793,Simulated Portfolio
0.23495453,0.1944877,1.105234573,0.362476454,0.142832477,0.058186325,0.436504744,Simulated Portfolio
0.278576128,0.197432548,1.309693518,0.288365899,0.25225996,0.22804306,0.231331081,Simulated Portfolio
0.155423768,0.203651008,0.664979613,0.401133403,0.035779672,0.370255022,0.192831903,Simulated Portfolio
0.202948575,0.194817134,0.939078465,0.328065942,0.124133008,0.310863637,0.236937413,Simulated Portfolio
0.332317269,0.216619112,1.441780767,0.140221117,0.371119958,0.219535767,0.269123159,Simulated Portfolio
0.291546937,0.196753468,1.380137994,0.33360619,0.248487556,0.078557737,0.339348517,Simulated Portfolio
0.164740906,0.197316529,0.733546788,0.28918652,0.070429592,0.355550973,0.284832915,Simulated Portfolio
0.23523857,0.206670676,1.041456746,0.202383862,0.221380464,0.464850984,0.111384691,Simulated Portfolio
0.302588891,0.203077317,1.391533507,0.388394198,0.273011857,0.205799286,0.132794658,Simulated Portfolio
0.255018341,0.214946321,1.093381549,0.091172356,0.272258806,0.435635356,0.200933481,Simulated Portfolio
0.195390832,0.195406665,0.897568324,0.382006119,0.085498358,0.180048195,0.352447328,Simulated Portfolio
0.34419247,0.23013686,1.408694243,0.080955597,0.411964847,0.298691054,0.208388501,Simulated Portfolio
0.124863244,0.210879966,0.497265084,0.102644823,0.044710923,0.434296743,0.418347511,Simulated Portfolio
0.317446967,0.207228072,1.435360393,0.21402434,0.33131242,0.213840832,0.240822409,Simulated Portfolio
0.387928017,0.239292326,1.537567139,0.062707828,0.468278295,0.11039774,0.358616137,Simulated Portfolio
0.204271763,0.206512343,0.892303871,0.485255903,0.061049727,0.005017717,0.448676653,Simulated Portfolio
0.337324859,0.220395938,1.439794496,0.247037605,0.375819153,0.347214852,0.02992839,Simulated Portfolio
0.359722131,0.225908911,1.503801376,0.201129834,0.416843052,0.296876394,0.08515072,Simulated Portfolio
0.274171931,0.214584262,1.184485427,0.055364549,0.293853486,0.285913462,0.364868503,Simulated Portfolio
0.202503019,0.205814914,0.886733694,0.089834306,0.17334222,0.367198536,0.369624938,Simulated Portfolio
0.274227276,0.196333484,1.294874773,0.268150999,0.224851583,0.032772338,0.474225081,Simulated Portfolio
0.233442137,0.19397995,1.100330924,0.268491988,0.18330924,0.274289702,0.273909069,Simulated Portfolio
0.188941827,0.197367649,0.85597527,0.367064962,0.094962969,0.328665509,0.20930656,Simulated Portfolio
0.179995569,0.208940793,0.765745964,0.469699034,0.022184471,0.007822081,0.500294415,Simulated Portfolio
0.382472618,0.22048446,1.643982615,0.241358245,0.420005504,0.056966836,0.281669416,Simulated Portfolio
0.277735707,0.21529313,1.197138561,0.584199904,0.182793622,0.108772097,0.124234377,Simulated Portfolio
0.209088471,0.198293455,0.953578981,0.159609304,0.164782995,0.306573703,0.369033997,Simulated Portfolio
0.249962668,0.196897161,1.167932879,0.425805108,0.160284972,0.082677251,0.331232669,Simulated Portfolio
0.282322376,0.200214033,1.310209739,0.273736729,0.266883324,0.273544099,0.185835848,Simulated Portfolio
0.297543639,0.200202396,1.386315269,0.386874221,0.258638037,0.156737001,0.197750741,Simulated Portfolio
0.181315244,0.198246073,0.813712177,0.36532475,0.084051193,0.345043986,0.205580071,Simulated Portfolio
0.298328566,0.218568608,1.273415099,0.183430604,0.330685915,0.4371235,0.048759981,Simulated Portfolio
0.168154769,0.204108794,0.725861761,0.10645818,0.105358318,0.321490737,0.466692765,Simulated Portfolio
0.344276906,0.209378964,1.548755899,0.316392867,0.351339241,0.148656925,0.183610967,Simulated Portfolio
0.278284562,0.20427008,1.264426794,0.155414063,0.279936638,0.261874022,0.302775278,Simulated Portfolio
0.207987611,0.202456799,0.928531972,0.112098449,0.173009212,0.319170428,0.395721911,Simulated Portfolio
0.381426134,0.247396856,1.460916439,0.072352016,0.482734243,0.338134088,0.106779653,Simulated Portfolio
0.222166194,0.204101987,0.990515558,0.133760084,0.202427672,0.392165009,0.271647235,Simulated Portfolio
0.352850596,0.211525042,1.573575371,0.234651505,0.365798543,0.022588401,0.376961551,Simulated Portfolio
0.335652659,0.227099988,1.389928117,0.099255042,0.396954628,0.324319369,0.179470961,Simulated Portfolio
0.213429653,0.192432006,1.005184411,0.287592603,0.14066712,0.236665313,0.335074963,Simulated Portfolio
0.159948479,0.198881132,0.703679013,0.197450799,0.077193952,0.342530295,0.382824954,Simulated Portfolio
0.31352106,0.203827285,1.440047931,0.249076808,0.315062282,0.188133738,0.247727172,Simulated Portfolio
0.191591393,0.194078469,0.8841341,0.259435839,0.114890267,0.29407447,0.331599425,Simulated Portfolio
0.256406606,0.215337853,1.09784045,0.585808382,0.152357613,0.164982479,0.096851525,Simulated Portfolio
0.214317146,0.194248184,1.000355023,0.303179225,0.14780516,0.306557983,0.242457632,Simulated Portfolio
0.135208917,0.202201267,0.569773469,0.194358595,0.031823569,0.316777079,0.457040757,Simulated Portfolio
0.344787395,0.208940765,1.554447241,0.247135949,0.347258895,0.003359877,0.40224528,Simulated Portfolio
0.32252372,0.217826297,1.388830113,0.101272417,0.361658984,0.223114052,0.313954547,Simulated Portfolio
0.379513537,0.250037361,1.437839269,0.051408027,0.484997303,0.35287213,0.110722541,Simulated Portfolio
0.190488602,0.197419505,0.863585398,0.1935102,0.107383447,0.148529674,0.550576679,Simulated Portfolio
0.342086191,0.23086169,1.395147852,0.07335572,0.410861369,0.308352026,0.207430884,Simulated Portfolio
0.111441609,0.217425188,0.420565847,0.072487071,0.035550203,0.505669528,0.386293199,Simulated Portfolio
0.411730104,0.234367248,1.671437061,0.26715021,0.477690068,0.154115042,0.10104468,Simulated Portfolio
0.252591825,0.202032392,1.151260067,0.14048448,0.239785872,0.27529689,0.344432757,Simulated Portfolio
0.234494062,0.214916677,0.998033588,0.037901897,0.240600067,0.387640073,0.333857963,Simulated Portfolio
0.315323634,0.201587694,1.464988404,0.270419122,0.303832107,0.101204961,0.32454381,Simulated Portfolio
0.147672393,0.209745472,0.608701545,0.327161502,0.056413259,0.541447845,0.074977394,Simulated Portfolio
0.260266903,0.20766555,1.156989704,0.237428389,0.254993389,0.436987618,0.070590604,Simulated Portfolio
0.248198219,0.199508988,1.143799187,0.21191951,0.226637313,0.336728565,0.224714612,Simulated Portfolio
0.329429021,0.204245261,1.514987517,0.272911552,0.319777025,0.034686105,0.372625318,Simulated Portfolio
0.203875004,0.200951248,0.915022953,0.386935311,0.123586256,0.381538646,0.107939788,Simulated Portfolio
0.321152095,0.209816856,1.435309351,0.161887343,0.340236858,0.156275,0.341600799,Simulated Portfolio
0.432811746,0.244764873,1.686564498,0.25906179,0.517710272,0.171201738,0.052026199,Simulated Portfolio
0.354741421,0.210275894,1.591915337,0.29473431,0.363499192,0.066707067,0.275059431,Simulated Portfolio
0.29948947,0.222929574,1.253711944,0.611584957,0.219857743,0.145027248,0.023530052,Simulated Portfolio
0.191843535,0.201291706,0.853704001,0.120988848,0.132861946,0.231348805,0.514800401,Simulated Portfolio
0.173204007,0.194925163,0.785963211,0.274975164,0.076540268,0.263361617,0.385122951,Simulated Portfolio
0.425206486,0.254559872,1.591792466,0.083205525,0.538372759,0.187353643,0.191068073,Simulated Portfolio
0.216526089,0.19342447,1.016035299,0.266420803,0.155035349,0.279542683,0.299001165,Simulated Portfolio
0.371871677,0.228001334,1.543287799,0.167271499,0.435966651,0.230146122,0.166615728,Simulated Portfolio
0.243634386,0.198338262,1.12754031,0.29721657,0.204744707,0.34892651,0.149112213,Simulated Portfolio
0.160928354,0.202971669,0.694325248,0.398639097,0.046013056,0.372348455,0.182999392,Simulated Portfolio
0.140780622,0.204343747,0.591065906,0.276000482,0.045622383,0.473975512,0.204401623,Simulated Portfolio
0.183142403,0.202447225,0.805851517,0.452352146,0.062786499,0.273297855,0.2115635,Simulated Portfolio
0.366474009,0.217816569,1.590668748,0.393999141,0.375802678,0.14955032,0.080647861,Simulated Portfolio
0.200501074,0.206421882,0.874428002,0.082522721,0.170845644,0.364241346,0.382390289,Simulated Portfolio
0.319995679,0.204695169,1.465572834,0.282705475,0.320438258,0.190326415,0.206529853,Simulated Portfolio
0.235833062,0.199354647,1.082658796,0.414488275,0.162835347,0.289667905,0.133008472,Simulated Portfolio
0.479242204,0.258244822,1.778321055,0.33360254,0.570410554,0.053759856,0.042227049,Simulated Portfolio
0.436823665,0.241117914,1.728712972,0.414357248,0.484341899,0.070348205,0.030952647,Simulated Portfolio
0.164298934,0.196561553,0.734115758,0.307921997,0.060530628,0.307967444,0.323579931,Simulated Portfolio
0.324734783,0.220355784,1.382921645,0.097848998,0.370666098,0.2609244,0.270560505,Simulated Portfolio
0.336541541,0.207254046,1.52731176,0.376449622,0.323851649,0.122036431,0.177662299,Simulated Portfolio
0.395627309,0.230581517,1.629043444,0.334579472,0.444089674,0.208010561,0.013320293,Simulated Portfolio
0.38830345,0.220323107,1.671651493,0.28439626,0.418962325,0.029311508,0.267329907,Simulated Portfolio
0.309338006,0.202130562,1.431441157,0.298114148,0.299615092,0.193803925,0.208466835,Simulated Portfolio
0.221710373,0.213775331,0.943562438,0.02912945,0.216985612,0.362134129,0.391750809,Simulated Portfolio
0.241793977,0.200582553,1.105749101,0.247150221,0.215079986,0.385790091,0.151979702,Simulated Portfolio
0.184827904,0.194476517,0.847546563,0.258212029,0.103740626,0.29686547,0.341181874,Simulated Portfolio
0.221171704,0.207759064,0.96829327,0.516992435,0.084664048,0.005953406,0.392390112,Simulated Portfolio
0.266836544,0.205629742,1.2003932,0.457320821,0.207695573,0.281010685,0.053972921,Simulated Portfolio
0.376995561,0.224152518,1.592645777,0.159590307,0.424859818,0.052920635,0.362629239,Simulated Portfolio
0.2899393,0.205752812,1.311959226,0.167484032,0.298250349,0.264583786,0.269681833,Simulated Portfolio
0.400422085,0.226699441,1.678090091,0.427950194,0.41684139,0.053571394,0.101637022,Simulated Portfolio
0.131976043,0.203380878,0.550573115,0.184358794,0.033489376,0.361971098,0.420180731,Simulated Portfolio
0.293603031,0.197123066,1.387980805,0.33150124,0.255598519,0.104849414,0.308050828,Simulated Portfolio
0.361307853,0.218746988,1.560285958,0.165614226,0.392068367,0.015243132,0.427074275,Simulated Portfolio
0.135443775,0.205362559,0.562146165,0.370176269,0.010848575,0.403789656,0.2151855,Simulated Portfolio
0.134972439,0.205191045,0.56031899,0.149609193,0.034384444,0.274130241,0.541876121,Simulated Portfolio
0.288553156,0.221007554,1.215131117,0.022089476,0.321926137,0.262240068,0.393744319,Simulated Portfolio
0.391817794,0.230761733,1.611262793,0.232335104,0.456226951,0.209639369,0.101798576,Simulated Portfolio
0.11290965,0.207890508,0.446916266,0.199413762,0.008842474,0.453925553,0.337818211,Simulated Portfolio
0.177666228,0.22088243,0.713801581,0.001452687,0.161834581,0.495451013,0.341261719,Simulated Portfolio
0.324431928,0.20319645,1.498214799,0.29022971,0.31642075,0.104630015,0.288719524,Simulated Portfolio
0.384163922,0.233501881,1.559575968,0.575797332,0.361493226,0.050239432,0.012470009,Simulated Portfolio
0.394529876,0.231158681,1.620228472,0.203345927,0.461783614,0.173202233,0.161668225,Simulated Portfolio
0.269682996,0.194836041,1.281503124,0.30699981,0.2281532,0.183804176,0.281042815,Simulated Portfolio
0.36563805,0.223796518,1.544429974,0.297903074,0.406804497,0.274186711,0.021105717,Simulated Portfolio
0.261735721,0.19923268,1.213333677,0.208263412,0.244739267,0.287007826,0.259989494,Simulated Portfolio
0.222377088,0.197896668,1.022640197,0.298463656,0.170927965,0.375524415,0.155083964,Simulated Portfolio
0.188277061,0.193985563,0.867472086,0.265711692,0.094889974,0.185219564,0.45417877,Simulated Portfolio
0.303822117,0.202362551,1.402542691,0.208117041,0.299179277,0.134068749,0.358634932,Simulated Portfolio
0.217954322,0.195749841,1.011261726,0.245813184,0.135106553,0.062774147,0.556306116,Simulated Portfolio
0.361371111,0.216528752,1.576562503,0.437786765,0.354123691,0.108849763,0.099239781,Simulated Portfolio
0.178394874,0.215454002,0.735167934,0.054926713,0.155201263,0.510374435,0.279497589,Simulated Portfolio
0.415340745,0.242278054,1.631764574,0.135997431,0.504285406,0.12566012,0.234057043,Simulated Portfolio
0.328453353,0.214885088,1.435433959,0.313541566,0.345124645,0.320002194,0.021331596,Simulated Portfolio
0.341328676,0.207657872,1.547394632,0.319015687,0.342664838,0.122985479,0.215333996,Simulated Portfolio
0.355778359,0.214176373,1.567765643,0.346571268,0.36859686,0.172034575,0.112797296,Simulated Portfolio
0.2512862,0.199754969,1.157849547,0.350276059,0.206724868,0.33526944,0.107729633,Simulated Portfolio
0.338339061,0.21810083,1.459595829,0.288121734,0.367087711,0.322009575,0.02278098,Simulated Portfolio
0.333910261,0.21531457,1.457914625,0.262902743,0.361475645,0.301131696,0.074489916,Simulated Portfolio
0.311443538,0.211159322,1.380206832,0.293186651,0.321474437,0.337458534,0.047880378,Simulated Portfolio
0.354084891,0.216775139,1.541158701,0.310657121,0.379460859,0.232451349,0.07743067,Simulated Portfolio
0.390330255,0.225818914,1.639943475,0.351218247,0.426455769,0.162827285,0.059498699,Simulated Portfolio
0.153982768,0.231236851,0.579417889,0.114163888,0.131149045,0.750435291,0.004251776,Simulated Portfolio
0.298009777,0.202191643,1.374981541,0.387066204,0.26560149,0.208085177,0.139247129,Simulated Portfolio
0.308378201,0.204682271,1.408906595,0.436282993,0.267192619,0.146422748,0.15010164,Simulated Portfolio
0.332907789,0.20763439,1.50701331,0.21887911,0.342044418,0.088180658,0.350895813,Simulated Portfolio
0.304905369,0.205884889,1.383809031,0.437679697,0.266436932,0.192113608,0.103769762,Simulated Portfolio
0.268033386,0.19661045,1.261547322,0.259370077,0.240651563,0.239531613,0.260446747,Simulated Portfolio
0.255375135,0.205451998,1.145645393,0.363530547,0.218950602,0.397888798,0.019630053,Simulated Portfolio
0.297577922,0.219991051,1.261769153,0.061332966,0.336914349,0.31598255,0.285770135,Simulated Portfolio
0.284086994,0.201434646,1.311030644,0.274567771,0.271785116,0.290112806,0.163534307,Simulated Portfolio
0.26788503,0.201503709,1.230176016,0.391041357,0.222965798,0.292951243,0.093041601,Simulated Portfolio
0.209608786,0.194051804,0.977103963,0.318364188,0.13553823,0.295248479,0.250849103,Simulated Portfolio
0.232123916,0.205786024,1.030798453,0.412536722,0.170158963,0.400723406,0.016580909,Simulated Portfolio
0.298743972,0.198130645,1.40686955,0.353456265,0.25881468,0.090725432,0.297003622,Simulated Portfolio
0.327185436,0.224140859,1.370501733,0.110540493,0.381663189,0.336027744,0.171768573,Simulated Portfolio
0.253205535,0.206677701,1.128353635,0.511236085,0.166145843,0.213173193,0.109444879,Simulated Portfolio
0.236748771,0.198329911,1.092869807,0.402194431,0.16605336,0.284726354,0.147025855,Simulated Portfolio
0.142405417,0.212076594,0.57717551,0.056960387,0.069633298,0.320458319,0.552947996,Simulated Portfolio
0.168364267,0.210961952,0.703275001,0.516353548,0.009454615,0.139377919,0.334813918,Simulated Portfolio
0.198346024,0.206334091,0.864355586,0.306308167,0.143977641,0.508810464,0.040903728,Simulated Portfolio
0.258545849,0.196501944,1.213961779,0.244658943,0.229725716,0.263008709,0.262606632,Simulated Portfolio
0.314236903,0.201880647,1.457479497,0.375171585,0.284710609,0.115716813,0.224400994,Simulated Portfolio
0.24438232,0.194977755,1.150809845,0.369520932,0.17847206,0.229004706,0.223002301,Simulated Portfolio
0.297156114,0.215621015,1.285385446,0.08759255,0.328139973,0.288748831,0.295518646,Simulated Portfolio
0.162002806,0.207827095,0.683273786,0.469320252,0.003715809,0.112397704,0.414566235,Simulated Portfolio
0.272166629,0.195091674,1.292554538,0.33287866,0.211021313,0.044972226,0.411127801,Simulated Portfolio
0.410140831,0.228505391,1.70735942,0.372346669,0.44378707,0.053918217,0.129948044,Simulated Portfolio
0.137955144,0.207853047,0.567492976,0.373662452,0.021450526,0.460904026,0.143982997,Simulated Portfolio
0.206549154,0.194187207,0.960666551,0.268502845,0.116677972,0.107789738,0.507029445,Simulated Portfolio
0.264350333,0.205786003,1.187400159,0.102146522,0.251257221,0.143981223,0.502615035,Simulated Portfolio
0.145532973,0.202254239,0.620669184,0.330563944,0.003978054,0.142404544,0.523053459,Simulated Portfolio
0.312733349,0.212323824,1.378711743,0.15584841,0.340632911,0.271345156,0.232173523,Simulated Portfolio
0.329610844,0.206712872,1.497782122,0.343885216,0.324335142,0.176587408,0.155192234,Simulated Portfolio
0.336309959,0.207288183,1.525943032,0.239594353,0.334869286,0.010974912,0.41456145,Simulated Portfolio
0.147011005,0.199446957,0.636815958,0.335321784,0.020602231,0.266211726,0.377864259,Simulated Portfolio
0.275233537,0.222443203,1.147409918,0.015997693,0.269168127,0.006755247,0.708078933,Simulated Portfolio
0.300832852,0.211563026,1.327419339,0.135588957,0.325158589,0.283399413,0.255853041,Simulated Portfolio
0.3907936,0.246796575,1.502426037,0.018774185,0.484134292,0.13470588,0.362385643,Simulated Portfolio
0.277488898,0.196325782,1.311538892,0.359506957,0.230071564,0.166591965,0.243829513,Simulated Portfolio
0.357191933,0.238060002,1.416415737,0.015204895,0.43487919,0.203247431,0.346668485,Simulated Portfolio
0.168414112,0.210748829,0.704222712,0.457591105,0.003506796,0.000984624,0.537917475,Simulated Portfolio
0.241370749,0.210122277,1.053532978,0.532445124,0.146512688,0.252140364,0.068901823,Simulated Portfolio
0.309771533,0.211620791,1.369296147,0.130153812,0.334026508,0.22044465,0.31537503,Simulated Portfolio
0.174790107,0.204232472,0.757911343,0.457313021,0.050185259,0.296158554,0.196343166,Simulated Portfolio
0.192195842,0.193627205,0.889316363,0.280221649,0.110282101,0.278429981,0.331066269,Simulated Portfolio
0.296474873,0.215149696,1.285034926,0.128667279,0.327475511,0.354774163,0.189083047,Simulated Portfolio
0.201378638,0.194115451,0.934385374,0.2777313,0.130443221,0.310058705,0.281766774,Simulated Portfolio
0.356915115,0.21240326,1.58620501,0.276551543,0.376121278,0.112844197,0.234482982,Simulated Portfolio
0.21538718,0.200994968,0.97209986,0.460101668,0.091623122,0.06118007,0.38709514,Simulated Portfolio
0.269550749,0.198832482,1.255080388,0.309559558,0.240350882,0.290713411,0.159376148,Simulated Portfolio
0.175516815,0.197393684,0.787851016,0.238104128,0.100752238,0.375525017,0.285618617,Simulated Portfolio
0.273421424,0.214215068,1.183023335,0.075566693,0.295232255,0.338496989,0.290704063,Simulated Portfolio
0.264117033,0.196800697,1.240427688,0.414818925,0.191366654,0.120727624,0.273086797,Simulated Portfolio
0.336900228,0.21171704,1.496810216,0.327885889,0.347130867,0.236938701,0.088044543,Simulated Portfolio
0.175179532,0.218621834,0.709808023,0.582006827,0.009519113,0.140777995,0.267696064,Simulated Portfolio
0.435880608,0.255428979,1.62816533,0.083084219,0.547068995,0.106049233,0.263797554,Simulated Portfolio
0.213421592,0.199954879,0.967326192,0.20681884,0.175514398,0.404345388,0.213321375,Simulated Portfolio
0.301885302,0.234813872,1.200462732,0.080817872,0.365464343,0.520219178,0.033498607,Simulated Portfolio
0.344478796,0.227677063,1.425171216,0.092270366,0.40759574,0.275356705,0.224777188,Simulated Portfolio
0.286197976,0.204112237,1.304174504,0.404518258,0.249531875,0.27062812,0.075321747,Simulated Portfolio
0.286690869,0.213506048,1.249102173,0.555068448,0.209273863,0.156021986,0.079635704,Simulated Portfolio
0.423168851,0.25142536,1.603532957,0.100763049,0.530667371,0.179099966,0.189469614,Simulated Portfolio
0.21045991,0.195546522,0.973987716,0.24874197,0.155061332,0.340268102,0.255928596,Simulated Portfolio
0.318798929,0.231508363,1.290661489,0.00597722,0.380694393,0.291184533,0.322143855,Simulated Portfolio
0.296784877,0.216131745,1.280630371,0.068604083,0.325846252,0.246506359,0.359043306,Simulated Portfolio
0.193578559,0.196271847,0.884378282,0.18650817,0.129749825,0.279137271,0.404604735,Simulated Portfolio
0.170342068,0.233054481,0.645094088,0.011080886,0.169745953,0.680690721,0.138482439,Simulated Portfolio
0.290916217,0.198836112,1.362510131,0.249317804,0.25624274,0.025203363,0.469236094,Simulated Portfolio
0.213575086,0.19338607,1.000977407,0.290188793,0.146077324,0.283350512,0.280383371,Simulated Portfolio
0.212416388,0.200624811,0.959085703,0.378943215,0.139645808,0.380087522,0.101323454,Simulated Portfolio
0.280485425,0.208849442,1.247240226,0.120070294,0.293642097,0.290804585,0.295483023,Simulated Portfolio
0.369137055,0.227127116,1.537187904,0.142839321,0.431471758,0.195393816,0.230295105,Simulated Portfolio
0.238263472,0.194852367,1.120147909,0.363750581,0.170968342,0.245942729,0.219338348,Simulated Portfolio
0.343375853,0.23811076,1.358090046,0.020958043,0.423564653,0.31641229,0.239065014,Simulated Portfolio
0.239735867,0.193579898,1.135117176,0.311720294,0.183079604,0.247021964,0.258178138,Simulated Portfolio
0.273052462,0.212861646,1.188811921,0.108400632,0.293101113,0.375485064,0.223013191,Simulated Portfolio
0.217033772,0.233639338,0.843324473,0.69204215,0.066143032,0.174942148,0.06687267,Simulated Portfolio
0.343690629,0.209308888,1.546473403,0.232661186,0.353750988,0.051185478,0.362402348,Simulated Portfolio
0.156201731,0.201161871,0.677075285,0.292792154,0.064390126,0.433477403,0.209340317,Simulated Portfolio
0.294020656,0.199145745,1.375980472,0.340250382,0.265021777,0.190160262,0.204567579,Simulated Portfolio
0.336542797,0.213202889,1.484702192,0.221806626,0.36550554,0.234971512,0.177716323,Simulated Portfolio
0.259722882,0.198565246,1.207275128,0.344408205,0.218039477,0.299162853,0.138389465,Simulated Portfolio
0.220854523,0.193567905,1.037643729,0.260297161,0.163395419,0.277528605,0.298778815,Simulated Portfolio
0.39059855,0.231139975,1.603351173,0.51737182,0.388095032,0.090640408,0.00389274,Simulated Portfolio
0.22641255,0.214580672,0.961934495,0.046733743,0.229075722,0.421364494,0.302826041,Simulated Portfolio
0.312934594,0.203431872,1.439964109,0.286750321,0.309020278,0.203085814,0.201143588,Simulated Portfolio
0.141793168,0.203300882,0.599078406,0.171608536,0.057564172,0.401525493,0.369301799,Simulated Portfolio
0.19017025,0.212027504,0.802585731,0.255989996,0.14803235,0.584161887,0.011815767,Simulated Portfolio
0.285232864,0.217843892,1.21753638,0.090765577,0.318507283,0.384808255,0.205918884,Simulated Portfolio
0.151647462,0.201321504,0.653916541,0.168015219,0.068842185,0.348183016,0.41495958,Simulated Portfolio
0.190521775,0.205817416,0.828509936,0.399812723,0.105702722,0.444289559,0.050194996,Simulated Portfolio
0.187020317,0.208614478,0.800617095,0.50934429,0.035689328,0.078579907,0.376386476,Simulated Portfolio
0.316765688,0.209384,1.417327433,0.214041847,0.336039436,0.262851767,0.18706695,Simulated Portfolio
0.426894701,0.254254967,1.600341211,0.093916183,0.539534909,0.188858317,0.177690591,Simulated Portfolio
0.333243245,0.213456887,1.467477808,0.147257632,0.359443606,0.119982885,0.373315878,Simulated Portfolio
0.246971174,0.202894372,1.118666681,0.161282994,0.235672915,0.353150129,0.249893962,Simulated Portfolio
0.365915769,0.218148737,1.5856877,0.474218578,0.347669482,0.044850548,0.133261391,Simulated Portfolio
0.238745302,0.210524295,1.039050158,0.560851372,0.119874096,0.111613327,0.207661205,Simulated Portfolio
0.167798941,0.19562234,0.75553202,0.302076438,0.061190156,0.254400096,0.382333311,Simulated Portfolio
0.28872062,0.204339767,1.315067663,0.154879666,0.290186014,0.196247391,0.358686929,Simulated Portfolio
0.335123009,0.227578688,1.384677148,0.033762919,0.385967529,0.142334128,0.437935423,Simulated Portfolio
0.374651479,0.217664321,1.62935054,0.236125625,0.40232204,0.014726352,0.346825984,Simulated Portfolio
0.201344582,0.206542542,0.878001116,0.514232686,0.064691618,0.120812942,0.300262753,Simulated Portfolio
0.139592931,0.200333795,0.596968329,0.320137093,0.011569627,0.274967984,0.393325296,Simulated Portfolio
0.235747616,0.19375569,1.113503381,0.28312987,0.183616578,0.26574769,0.267505862,Simulated Portfolio
0.146486231,0.201927775,0.626393426,0.36126385,0.026573853,0.36227548,0.249886817,Simulated Portfolio
0.459868802,0.24937917,1.763855421,0.253742015,0.546481915,0.013373691,0.186402379,Simulated Portfolio
0.211165627,0.20123637,0.94995565,0.209220015,0.174172928,0.429218109,0.187388948,Simulated Portfolio
0.337885765,0.215057166,1.478145417,0.266796344,0.365203768,0.280830157,0.08716973,Simulated Portfolio
0.197232928,0.197521404,0.897284671,0.208265018,0.142935235,0.368737935,0.280061813,Simulated Portfolio
0.138349717,0.212596938,0.556685897,0.061529079,0.072807824,0.411881667,0.45378143,Simulated Portfolio
0.26605564,0.201439076,1.221489124,0.32989147,0.23623597,0.337333231,0.096539329,Simulated Portfolio
0.290066381,0.196549089,1.374040364,0.330388563,0.248652078,0.096340332,0.324619028,Simulated Portfolio
0.362158722,0.221035079,1.547983806,0.417282609,0.37138512,0.209872806,0.001459464,Simulated Portfolio
0.307025009,0.224686759,1.277445142,0.041984876,0.356701228,0.315367592,0.285946304,Simulated Portfolio
0.355725767,0.236849633,1.417463742,0.072558826,0.436892637,0.327226765,0.163321772,Simulated Portfolio
0.257981515,0.201425158,1.181488536,0.170635246,0.213640884,0.026415929,0.589307941,Simulated Portfolio
0.105147023,0.223274426,0.381355914,0.039939816,0.036376396,0.553956056,0.369727732,Simulated Portfolio
0.074798911,0.240918658,0.227458144,0.012275267,0.011266859,0.73981264,0.236645234,Simulated Portfolio
0.160344678,0.199475982,0.703566799,0.338125771,0.027829208,0.138937885,0.495107136,Simulated Portfolio
0.244035614,0.204343309,1.096368731,0.100397369,0.228704635,0.245961804,0.424936193,Simulated Portfolio
0.352145632,0.211433706,1.57092092,0.256782754,0.370866023,0.108010978,0.264340244,Simulated Portfolio
0.204367935,0.192775943,0.956384556,0.322004722,0.116730003,0.219976201,0.341289074,Simulated Portfolio
0.101796119,0.215706611,0.379200799,0.089022392,0.004898916,0.414799415,0.491279278,Simulated Portfolio
0.30362016,0.231061642,1.227465353,0.038052214,0.364462042,0.422701741,0.174784004,Simulated Portfolio
0.175019673,0.195116918,0.794496318,0.289089973,0.068837409,0.194632306,0.447440311,Simulated Portfolio
0.238482256,0.193613118,1.128447589,0.24535361,0.190548066,0.227177522,0.336920802,Simulated Portfolio
0.242116769,0.198269253,1.120278442,0.281267655,0.205415421,0.352297839,0.161019085,Simulated Portfolio
0.265214857,0.205646399,1.192410169,0.149948159,0.267249838,0.336074687,0.246727316,Simulated Portfolio
0.136600786,0.204378926,0.570512763,0.229876359,0.00848516,0.156637209,0.605001273,Simulated Portfolio
0.337631847,0.235554665,1.348442186,0.095024539,0.412614867,0.419423209,0.072937385,Simulated Portfolio
0.28055359,0.197303034,1.320575684,0.380900769,0.230353833,0.157099802,0.231645596,Simulated Portfolio
0.240817635,0.198660413,1.111533151,0.22049136,0.213188998,0.344042573,0.222277069,Simulated Portfolio
0.206054058,0.195099025,0.953639094,0.279366215,0.141535874,0.337390861,0.24170705,Simulated Portfolio
0.22342195,0.193299218,1.0523682,0.283008734,0.163022305,0.271721297,0.282247664,Simulated Portfolio
0.19467686,0.211504239,0.825878767,0.49853898,0.087337856,0.380761254,0.033361911,Simulated Portfolio
0.298715718,0.206919068,1.34697938,0.327299333,0.291168676,0.320133528,0.061398463,Simulated Portfolio
0.330431228,0.219884793,1.411790344,0.185938135,0.374044525,0.339603454,0.100413886,Simulated Portfolio
0.379236926,0.21784437,1.649053066,0.402580993,0.382001409,0.030629822,0.184787777,Simulated Portfolio
0.343815171,0.20720215,1.562798311,0.351341749,0.334451108,0.067768951,0.246438192,Simulated Portfolio
0.304074804,0.210519201,1.349400924,0.114799264,0.308856181,0.070393828,0.505950727,Simulated Portfolio
0.299504539,0.219136415,1.275481937,0.59153911,0.220673337,0.121436206,0.066351346,Simulated Portfolio
0.158540364,0.198497959,0.697943519,0.355419515,0.039221106,0.285322125,0.320037255,Simulated Portfolio
0.11399109,0.219007775,0.429167825,0.064339586,0.007544903,0.224554553,0.703560958,Simulated Portfolio
0.272985341,0.199849314,1.265880458,0.219558294,0.260236759,0.271011928,0.249193019,Simulated Portfolio
0.21076699,0.195892245,0.973836354,0.319387728,0.14289248,0.341152252,0.196567541,Simulated Portfolio
0.305667825,0.202069875,1.413708125,0.234472315,0.301946094,0.170142378,0.293439213,Simulated Portfolio
0.202657707,0.208654449,0.875407678,0.486563898,0.100496503,0.357310358,0.055629241,Simulated Portfolio
0.267143119,0.200887165,1.230258386,0.153692162,0.250104564,0.171825291,0.424377983,Simulated Portfolio
0.249731174,0.196908974,1.166687167,0.195398578,0.220577602,0.239624803,0.344399017,Simulated Portfolio
0.375427121,0.238384289,1.490983831,0.100314798,0.460831928,0.28465394,0.154199334,Simulated Portfolio
0.150324425,0.198944993,0.65507768,0.224163875,0.054592977,0.333420296,0.387822852,Simulated Portfolio
0.348775936,0.253262284,1.298163831,0.026981558,0.452905533,0.491281447,0.028831462,Simulated Portfolio
0.348244001,0.218766066,1.500433806,0.132189005,0.38674635,0.108403179,0.372661466,Simulated Portfolio
0.396707461,0.23207915,1.623185285,0.142214004,0.459063902,0.027471673,0.371250421,Simulated Portfolio
0.247924668,0.196523674,1.159782244,0.203578074,0.217194752,0.249802209,0.329424965,Simulated Portfolio
0.239544152,0.198300626,1.107127882,0.281462271,0.201589906,0.357797528,0.159150295,Simulated Portfolio
0.225533574,0.205747183,0.99896179,0.40228266,0.162716233,0.418195071,0.016806035,Simulated Portfolio
0.228136738,0.220038935,0.945908675,0.002780323,0.239131808,0.413927691,0.344160178,Simulated Portfolio
0.263731669,0.221433359,1.100699868,0.006181649,0.291464096,0.342037782,0.360316473,Simulated Portfolio
0.352536817,0.219927034,1.512032471,0.134295268,0.394699291,0.115897561,0.355107881,Simulated Portfolio
0.376731381,0.22278465,1.601238602,0.348104253,0.407582363,0.196852242,0.047461142,Simulated Portfolio
0.254319547,0.194650984,1.203793283,0.271952138,0.214544982,0.238817395,0.274685485,Simulated Portfolio
0.388775274,0.223922506,1.646887938,0.4403272,0.396507319,0.07074784,0.092417641,Simulated Portfolio
0.325877533,0.202679289,1.50917015,0.317597233,0.304494276,0.026110208,0.351798283,Simulated Portfolio
0.234669433,0.21671856,0.990544757,0.591673704,0.118831923,0.207827135,0.081667238,Simulated Portfolio
0.277996248,0.19858728,1.299157975,0.262017274,0.258854542,0.251445573,0.227682611,Simulated Portfolio
0.122730676,0.230117246,0.44642754,0.019576244,0.08349597,0.661685442,0.235242344,Simulated Portfolio
0.189560629,0.193890292,0.874518409,0.252146418,0.10942341,0.266930175,0.371499996,Simulated Portfolio
0.397030385,0.228411582,1.65066229,0.213102932,0.455664505,0.101223818,0.230008745,Simulated Portfolio
0.281892644,0.201219416,1.3015277,0.352411029,0.252344544,0.277422188,0.11782224,Simulated Portfolio
0.459346645,0.253557373,1.732730699,0.269255141,0.555672737,0.120418556,0.054653566,Simulated Portfolio
0.364166558,0.227256256,1.514442614,0.259277518,0.41658947,0.318391103,0.00574191,Simulated Portfolio
0.303168413,0.20540162,1.378608472,0.200077203,0.31178779,0.23593516,0.252199847,Simulated Portfolio
0.245748335,0.19726926,1.144366514,0.178554486,0.204340763,0.136819009,0.480285743,Simulated Portfolio
0.246709848,0.196283915,1.155009813,0.351644045,0.191760111,0.27891639,0.177679454,Simulated Portfolio
0.324640148,0.204085184,1.492710746,0.257530397,0.310826338,0.006079832,0.425563434,Simulated Portfolio
0.338113751,0.233417776,1.362851437,0.113885645,0.409120052,0.411877903,0.0651164,Simulated Portfolio
0.368687921,0.222547748,1.566800489,0.462438855,0.36755184,0.152236195,0.017773111,Simulated Portfolio
0.30807187,0.225997295,1.274669549,0.094387187,0.361370167,0.417846969,0.126395678,Simulated Portfolio
0.215201292,0.206363872,0.945908264,0.274577465,0.177903913,0.500487333,0.047031289,Simulated Portfolio
0.252423877,0.19359581,1.200562539,0.326881469,0.196701969,0.20063713,0.275779432,Simulated Portfolio
0.268046394,0.208606303,1.189064712,0.11467085,0.277337125,0.326043341,0.281948684,Simulated Portfolio
0.263300691,0.197757643,1.230297285,0.29014223,0.23309051,0.291035182,0.185732079,Simulated Portfolio
0.429913784,0.239106843,1.714354052,0.30472898,0.497489424,0.113764727,0.084016869,Simulated Portfolio
0.252055712,0.213169385,1.088597749,0.073569285,0.264459457,0.387018355,0.274952903,Simulated Portfolio
0.267643576,0.202129518,1.225172743,0.187654527,0.261096385,0.306863908,0.24438518,Simulated Portfolio
0.199392382,0.192898043,0.929985499,0.277662583,0.1123536,0.188444282,0.421539535,Simulated Portfolio
0.207026272,0.207625909,0.900784844,0.231339735,0.174278038,0.522774058,0.071608169,Simulated Portfolio
0.377365305,0.222153354,1.608642405,0.374042082,0.401102453,0.17300724,0.051848225,Simulated Portfolio
0.31026817,0.203710784,1.424903303,0.261698712,0.310327984,0.214547238,0.213426066,Simulated Portfolio
0.164682698,0.211253168,0.68487824,0.054671519,0.119626099,0.41180743,0.413894952,Simulated Portfolio
0.296654551,0.208980418,1.323830022,0.166118114,0.314220234,0.298568581,0.221093071,Simulated Portfolio
0.322263697,0.224075825,1.348934887,0.614032917,0.247476852,0.050806459,0.087683773,Simulated Portfolio
0.251680387,0.213232456,1.08651559,0.130313782,0.262866981,0.464514692,0.142304545,Simulated Portfolio
0.324300399,0.20734725,1.467588302,0.33569966,0.322029459,0.221398365,0.120872516,Simulated Portfolio
0.238840285,0.203529654,1.075225557,0.498801233,0.138887473,0.174645768,0.187665526,Simulated Portfolio
0.372523704,0.217972632,1.617284244,0.37708532,0.386124174,0.122868881,0.113921626,Simulated Portfolio
0.208427396,0.194662686,0.967968743,0.325406235,0.13382049,0.308550834,0.232222441,Simulated Portfolio
0.197086392,0.204305597,0.866772102,0.090584064,0.15661452,0.307358478,0.445442938,Simulated Portfolio
0.163454086,0.201751293,0.711044198,0.253550051,0.087195767,0.459497099,0.199757083,Simulated Portfolio
0.283463274,0.201421163,1.308021808,0.424473913,0.232531084,0.198895724,0.144099278,Simulated Portfolio
0.218039811,0.207719079,0.953402124,0.437547016,0.142734956,0.413084647,0.006633381,Simulated Portfolio
0.544777818,0.295638993,1.775062933,0.225068229,0.704772471,0.064043554,0.006115745,Simulated Portfolio
0.330997892,0.212890934,1.460832015,0.235709933,0.357388676,0.268163777,0.138737614,Simulated Portfolio
0.276663017,0.214394196,1.197154687,0.06636427,0.298458012,0.304875713,0.330302006,Simulated Portfolio
0.447493941,0.275828469,1.549854306,0.025041101,0.59654849,0.262413442,0.115996967,Simulated Portfolio
0.353389463,0.211088172,1.579384857,0.289338547,0.367779744,0.113505083,0.229376627,Simulated Portfolio
0.111249531,0.215940288,0.422568349,0.071013568,0.027771558,0.441699167,0.459515706,Simulated Portfolio
0.399632298,0.228528052,1.661206558,0.287523119,0.45199967,0.145365143,0.115112069,Simulated Portfolio
0.2695346,0.201982614,1.235426133,0.311339769,0.2461921,0.342066207,0.100401924,Simulated Portfolio
0.317030342,0.226209712,1.313075106,0.157343297,0.368584721,0.443721909,0.030350073,Simulated Portfolio
0.349557011,0.211487363,1.558282282,0.284962307,0.36700838,0.155549252,0.192480061,Simulated Portfolio
0.158374322,0.197607735,0.700247498,0.334905071,0.039562799,0.259696357,0.365835773,Simulated Portfolio
0.391492548,0.232751149,1.596093293,0.117852819,0.454048479,0.024117743,0.403980958,Simulated Portfolio
0.498273227,0.271300634,1.762890195,0.213633914,0.625089368,0.053646831,0.107629887,Simulated Portfolio
0.225153094,0.194926368,1.052464561,0.235078412,0.17790783,0.298258543,0.288755215,Simulated Portfolio
0.32960771,0.209545769,1.477518304,0.47550848,0.285414054,0.051733824,0.187343642,Simulated Portfolio
0.247533401,0.193809269,1.174006807,0.303763764,0.196751895,0.236504646,0.262979695,Simulated Portfolio
0.389339999,0.24132917,1.530440762,0.043202472,0.465777599,0.040060516,0.450959413,Simulated Portfolio
0.367843666,0.228191186,1.524351889,0.560190649,0.339911874,0.082093112,0.017804365,Simulated Portfolio
0.271334108,0.233288392,1.077353682,0.69956569,0.144854165,0.05947717,0.096102974,Simulated Portfolio
0.467328054,0.25176526,1.776766399,0.370686007,0.540648762,0.033731278,0.054933953,Simulated Portfolio
0.309149492,0.205981937,1.403761396,0.181580716,0.318345915,0.176647588,0.32342578,Simulated Portfolio
0.302031458,0.20144834,1.40001877,0.254532438,0.295516601,0.199185479,0.250765482,Simulated Portfolio
0.144379936,0.206285277,0.602951106,0.418380425,0.013041677,0.366159722,0.202418176,Simulated Portfolio
0.408997568,0.236293959,1.646244239,0.287377761,0.475939337,0.20923741,0.027445492,Simulated Portfolio
0.270038208,0.220850894,1.13215846,0.057067543,0.303392603,0.426933434,0.21260642,Simulated Portfolio
0.219802501,0.212662161,0.939530101,0.077995874,0.216513094,0.459076461,0.246414571,Simulated Portfolio
0.146324645,0.22297236,0.566548448,0.020546766,0.113326668,0.571816501,0.294310065,Simulated Portfolio
0.269544659,0.201405851,1.239013946,0.176564083,0.261468967,0.265986298,0.295980652,Simulated Portfolio
0.187246965,0.198587137,0.842184278,0.410190132,0.077676872,0.274473606,0.23765939,Simulated Portfolio
0.213308326,0.200433695,0.964450247,0.298679511,0.161079569,0.42436787,0.11587305,Simulated Portfolio
0.334728811,0.212527202,1.480887194,0.331921407,0.345271068,0.258756036,0.064051489,Simulated Portfolio
0.385806603,0.225134968,1.624832453,0.184302207,0.436219186,0.057787292,0.321691315,Simulated Portfolio
0.117226804,0.216865017,0.448328669,0.055612101,0.042884786,0.458071714,0.443431399,Simulated Portfolio
0.357472829,0.218220412,1.546476912,0.160356843,0.385433002,0.007366072,0.446844082,Simulated Portfolio
0.170456914,0.19693449,0.763994735,0.354786493,0.059296051,0.279781104,0.306136352,Simulated Portfolio
0.360480883,0.219339667,1.55229962,0.4106086,0.368222299,0.197695608,0.023473493,Simulated Portfolio
0.35887011,0.216348001,1.56631958,0.186580571,0.383373529,0.009652771,0.42039313,Simulated Portfolio
0.268048464,0.195645159,1.267848717,0.270437695,0.235693553,0.214835801,0.279032951,Simulated Portfolio
0.369179058,0.219657366,1.589653301,0.30607853,0.401858066,0.194618026,0.097445379,Simulated Portfolio
0.365570143,0.222804443,1.551002028,0.53513064,0.332908587,0.018973551,0.112987221,Simulated Portfolio
0.181076575,0.195634377,0.823355165,0.357177832,0.073603357,0.249571998,0.319646813,Simulated Portfolio
0.147302178,0.205241008,0.62025703,0.15904392,0.075979455,0.456271684,0.308704941,Simulated Portfolio
0.362470446,0.211503048,1.619222267,0.362099808,0.35663774,0.000122234,0.281140219,Simulated Portfolio
0.167829663,0.19701011,0.750365874,0.322412459,0.066724811,0.330436106,0.280426624,Simulated Portfolio
0.260541189,0.197712988,1.216618045,0.299660937,0.227362381,0.297457234,0.175519448,Simulated Portfolio
0.282869238,0.208556799,1.26042037,0.175753989,0.295389706,0.354795173,0.174061132,Simulated Portfolio
0.168258988,0.1981666,0.74815326,0.184083309,0.086093446,0.276929589,0.452893655,Simulated Portfolio
0.408220967,0.229476383,1.69176872,0.2650696,0.462748211,0.077445332,0.194736857,Simulated Portfolio
0.273018193,0.200412451,1.262487395,0.322308786,0.245740662,0.30480133,0.127149223,Simulated Portfolio
0.156416265,0.198898177,0.685859807,0.248406234,0.066768046,0.383384678,0.301441042,Simulated Portfolio
0.361568309,0.219046777,1.559339578,0.340254535,0.386055593,0.224207893,0.049481978,Simulated Portfolio
0.287721778,0.207028935,1.293161163,0.311288824,0.279806113,0.359661991,0.049243071,Simulated Portfolio
0.349153794,0.213807933,1.539483538,0.287786613,0.37210191,0.207827863,0.132283614,Simulated Portfolio
0.354792299,0.209383843,1.598940467,0.353094048,0.345402288,0.003632838,0.297870826,Simulated Portfolio
0.116996947,0.206507151,0.469702606,0.17474753,0.007329253,0.345610066,0.472313151,Simulated Portfolio
0.517627016,0.311075245,1.59969983,0.00731092,0.718231609,0.23806457,0.036392901,Simulated Portfolio
0.273145964,0.199537709,1.268662278,0.203017315,0.259839091,0.240538527,0.296605067,Simulated Portfolio
0.18049326,0.197860791,0.811142311,0.349602921,0.086541079,0.353857183,0.209998817,Simulated Portfolio
0.27578072,0.199872006,1.27972258,0.301816615,0.25262071,0.291390772,0.154171903,Simulated Portfolio
0.235684292,0.196563389,1.097276011,0.274647268,0.193226399,0.333602732,0.198523602,Simulated Portfolio
0.411545186,0.231016611,1.69487893,0.390589361,0.447280354,0.09015593,0.071974356,Simulated Portfolio
0.278900772,0.222539081,1.163394631,0.011642885,0.314024072,0.319573421,0.354759621,Simulated Portfolio
0.283935288,0.210522521,1.253715218,0.107943666,0.301275114,0.286348522,0.304432698,Simulated Portfolio
0.134367381,0.203840966,0.561061808,0.364654043,0.004390478,0.35737989,0.273575589,Simulated Portfolio
0.265035745,0.237804351,1.030409006,0.021939058,0.32082832,0.59054038,0.066692242,Simulated Portfolio
0.158755593,0.19811632,0.700374369,0.238228216,0.050742488,0.201588454,0.509440842,Simulated Portfolio
0.194500624,0.213425356,0.817618986,0.139188842,0.174234439,0.563690209,0.12288651,Simulated Portfolio
0.267481614,0.194341498,1.273436793,0.321462517,0.219599056,0.166209106,0.292729321,Simulated Portfolio
0.206976804,0.211047539,0.885946384,0.0680563,0.192933501,0.432707972,0.306302227,Simulated Portfolio
0.270937892,0.19634249,1.278062085,0.393294556,0.199245851,0.055787578,0.351672016,Simulated Portfolio
0.332059418,0.204633012,1.524971046,0.280252029,0.325462661,0.055112881,0.339172429,Simulated Portfolio
0.118977136,0.209520375,0.472398619,0.121661541,0.0204424,0.346121031,0.511775028,Simulated Portfolio
0.259742793,0.227004815,1.05611325,0.069891763,0.297354547,0.543945403,0.088808286,Simulated Portfolio
0.169541754,0.209085034,0.715219787,0.368404519,0.083569889,0.514710581,0.033315011,Simulated Portfolio
0.313322062,0.209163244,1.402359499,0.425668063,0.28840091,0.235377877,0.05055315,Simulated Portfolio
0.244516782,0.200954872,1.117249756,0.473511375,0.152602535,0.168873544,0.205012546,Simulated Portfolio
0.411656561,0.23353092,1.677107944,0.411838722,0.447579031,0.122982416,0.017599831,Simulated Portfolio
0.296588346,0.201995329,1.369280902,0.264832633,0.290047018,0.247454418,0.197665931,Simulated Portfolio
0.172881536,0.197308845,0.774833668,0.289710408,0.086527937,0.37297881,0.250782845,Simulated Portfolio
0.416010596,0.254891374,1.553644559,0.013023659,0.517097308,0.037408648,0.432470385,Simulated Portfolio
0.155309807,0.205334729,0.658971855,0.165170795,0.049030661,0.127019643,0.6587789,Simulated Portfolio
0.274614574,0.212038898,1.200791818,0.092792272,0.29280042,0.327097427,0.287309882,Simulated Portfolio
0.213693369,0.194830034,0.994165867,0.360144405,0.132706274,0.275937031,0.23121229,Simulated Portfolio
0.263979297,0.202576583,1.204380557,0.171580772,0.257871448,0.308557661,0.261990119,Simulated Portfolio
0.47758837,0.258490945,1.770229786,0.314129351,0.573055508,0.070161532,0.042653609,Simulated Portfolio
0.248437128,0.193103296,1.182978917,0.346615763,0.17652815,0.120231462,0.356624625,Simulated Portfolio
0.256924621,0.214877801,1.102601666,0.049514673,0.235172236,0.038056181,0.677256909,Simulated Portfolio
0.289733302,0.201981721,1.335434216,0.301703062,0.275476229,0.280460984,0.142359725,Simulated Portfolio
0.238616061,0.193697432,1.128647188,0.36389735,0.165630673,0.196833191,0.273638786,Simulated Portfolio
0.238053629,0.198471629,1.098663979,0.153745659,0.202060223,0.191075444,0.453118675,Simulated Portfolio
0.305731621,0.204608532,1.396479504,0.316502735,0.298198511,0.261478249,0.123820504,Simulated Portfolio
0.134846759,0.2020732,0.568342356,0.320602375,0.014444053,0.367645849,0.297307724,Simulated Portfolio
0.398647192,0.227354335,1.665449626,0.415303484,0.421366984,0.097571839,0.065757693,Simulated Portfolio
0.167382148,0.20927543,0.704249649,0.070151337,0.097174818,0.210125501,0.622548344,Simulated Portfolio
0.295554175,0.209900679,1.31278363,0.149721092,0.315242029,0.298187727,0.236849152,Simulated Portfolio
0.307962902,0.217364215,1.324794438,0.16484892,0.343726055,0.379018168,0.112406857,Simulated Portfolio
0.337194953,0.205634141,1.542520865,0.310295526,0.332087169,0.081494784,0.276122522,Simulated Portfolio
0.107332486,0.210923618,0.414047924,0.137428458,0.005533988,0.413361128,0.443676425,Simulated Portfolio
0.291814633,0.199727963,1.360924272,0.283029695,0.27569637,0.224330428,0.216943506,Simulated Portfolio
0.304559635,0.200038749,1.422522568,0.254152295,0.288794641,0.1065689,0.350484163,Simulated Portfolio
0.403144555,0.226329772,1.692859724,0.251792725,0.447980569,0.007887738,0.292338968,Simulated Portfolio
0.299740286,0.208495749,1.341707384,0.320030359,0.29660634,0.339592786,0.043770515,Simulated Portfolio
0.406871618,0.261571301,1.4790293,0.050879436,0.532563806,0.353801928,0.062754831,Simulated Portfolio
0.282833513,0.221451586,1.1868667,0.035222621,0.319956194,0.347762815,0.297058371,Simulated Portfolio
0.33546511,0.225885204,1.396572703,0.134452719,0.393553392,0.351723259,0.12027063,Simulated Portfolio
0.368005716,0.214430524,1.622929933,0.289950138,0.387901685,0.071466399,0.250681778,Simulated Portfolio
0.17153717,0.206177796,0.734982975,0.125452443,0.083771533,0.122457614,0.66831841,Simulated Portfolio
0.461424923,0.250900921,1.759359519,0.265011337,0.551130985,0.046533661,0.137324017,Simulated Portfolio
0.168211218,0.217024218,0.682924789,0.551952582,0.023499862,0.311583133,0.112964424,Simulated Portfolio
0.167236275,0.209233396,0.703693949,0.273764649,0.102366648,0.561410522,0.062458181,Simulated Portfolio
0.276658004,0.199434032,1.286931834,0.232285635,0.262679014,0.257675266,0.247360084,Simulated Portfolio
0.171686703,0.202854452,0.74776127,0.118329967,0.100952935,0.252096947,0.52862015,Simulated Portfolio
0.25137409,0.197589379,1.170984449,0.264705818,0.220285457,0.317818358,0.197190367,Simulated Portfolio
0.324766738,0.20591643,1.480050611,0.405700227,0.299488553,0.133004934,0.161806286,Simulated Portfolio
0.355603927,0.223809061,1.499510007,0.218426567,0.406859525,0.299206774,0.075507134,Simulated Portfolio
0.226148564,0.196832642,1.04732915,0.206687304,0.187576024,0.321464577,0.284272096,Simulated Portfolio
0.323694658,0.204619387,1.484192982,0.422266403,0.281838827,0.026924815,0.268969955,Simulated Portfolio
0.198457414,0.200213279,0.891336553,0.218054116,0.150399134,0.4277785,0.20376825,Simulated Portfolio
0.217242405,0.194830682,1.012378557,0.392804764,0.122904621,0.192799078,0.291491537,Simulated Portfolio
0.30846372,0.20613918,1.399363869,0.170066698,0.315896241,0.148865185,0.365171876,Simulated Portfolio
0.220791789,0.233283933,0.860718467,0.68635779,0.07774709,0.208681965,0.027213155,Simulated Portfolio
0.323971259,0.20639168,1.472788333,0.21454814,0.332873408,0.133907505,0.318670948,Simulated Portfolio
0.278229832,0.198065197,1.303761768,0.217456735,0.24607999,0.075149113,0.461314162,Simulated Portfolio
0.188075307,0.201463868,0.834270225,0.164736381,0.102935915,0.103029342,0.629298361,Simulated Portfolio
0.417687292,0.252339426,1.576001412,0.060882326,0.525457799,0.154630406,0.259029468,Simulated Portfolio
0.194753197,0.195973807,0.891717112,0.27930897,0.124683297,0.35977969,0.236228043,Simulated Portfolio
0.365657646,0.222088797,1.556393889,0.178385386,0.416136696,0.171607861,0.233870058,Simulated Portfolio
0.471776474,0.26926662,1.677803489,0.118923964,0.605761987,0.131362784,0.143951265,Simulated Portfolio
0.428828161,0.247953772,1.648807992,0.155454756,0.528210184,0.159701257,0.156633804,Simulated Portfolio
0.164844975,0.197122847,0.734795471,0.311449232,0.064065879,0.33475107,0.28973382,Simulated Portfolio
0.349613044,0.222524139,1.481246236,0.199998421,0.399797503,0.298939913,0.101264164,Simulated Portfolio
0.31640718,0.20281055,1.461497833,0.34097695,0.300180952,0.161451361,0.197390737,Simulated Portfolio
0.285972564,0.19807051,1.342817582,0.305716464,0.259958281,0.211787916,0.222537339,Simulated Portfolio
0.278301479,0.203103401,1.271773283,0.160272483,0.276169825,0.237695532,0.325862161,Simulated Portfolio
0.312847813,0.201444199,1.453741604,0.392230832,0.26726371,0.016611381,0.323894078,Simulated Portfolio
0.313190922,0.224926704,1.303495393,0.045735912,0.364491044,0.297090599,0.292682445,Simulated Portfolio
0.280168835,0.19676329,1.322242761,0.377013042,0.228332864,0.140017399,0.254636695,Simulated Portfolio
0.320649339,0.211937971,1.418572321,0.499697358,0.275045994,0.130725956,0.094530692,Simulated Portfolio
0.337772538,0.236880758,1.341487342,0.042917678,0.41606029,0.367635602,0.17338643,Simulated Portfolio
0.336978684,0.212261731,1.493338825,0.177155697,0.362547978,0.137052396,0.323243929,Simulated Portfolio
0.303079101,0.21153126,1.338237676,0.179451983,0.326575793,0.328852387,0.165119837,Simulated Portfolio
0.197419914,0.194478297,0.912286444,0.352241949,0.10431814,0.262249744,0.281190166,Simulated Portfolio
0.316452812,0.208361515,1.422781036,0.185893873,0.333921198,0.2074555,0.272729428,Simulated Portfolio
0.370618016,0.233758554,1.499915234,0.18667871,0.44286166,0.334507265,0.035952364,Simulated Portfolio
0.217494616,0.201083353,0.982152987,0.273918692,0.173846209,0.432919657,0.119315443,Simulated Portfolio
0.322516579,0.217005737,1.394048761,0.092128787,0.354672249,0.151524342,0.401674622,Simulated Portfolio
0.21031807,0.214164163,0.888655074,0.047050031,0.158739965,0.069570068,0.724639935,Simulated Portfolio
0.245814586,0.195583471,1.154568866,0.407441025,0.164923934,0.153092908,0.274542133,Simulated Portfolio
0.174431348,0.201039096,0.768165751,0.146765664,0.094206358,0.199492983,0.559534995,Simulated Portfolio
0.254532759,0.194084042,1.208408257,0.279138103,0.211338022,0.2199634,0.289560475,Simulated Portfolio
0.317733872,0.219396979,1.357055475,0.176789415,0.358261644,0.377243841,0.0877051,Simulated Portfolio
0.30700977,0.207445165,1.383545239,0.359898651,0.295460937,0.285669765,0.058970647,Simulated Portfolio
0.301490994,0.202803336,1.387999819,0.194221282,0.289554208,0.066817685,0.449406825,Simulated Portfolio
0.136376321,0.207434923,0.561025691,0.406083401,0.004903634,0.395083053,0.193929912,Simulated Portfolio
0.151110043,0.199721217,0.656465271,0.359436103,0.024417371,0.275260122,0.340886405,Simulated Portfolio
0.220075349,0.201232274,0.994250801,0.348116061,0.161715129,0.406814857,0.083353953,Simulated Portfolio
0.260968384,0.202108142,1.192274498,0.193426532,0.251805412,0.334320389,0.220447667,Simulated Portfolio
0.280020391,0.200154373,1.299099221,0.356038053,0.246558075,0.261764351,0.135639521,Simulated Portfolio
0.296810881,0.209747128,1.319736212,0.149366687,0.316356976,0.288859656,0.245416681,Simulated Portfolio
0.208314949,0.21030112,0.895453859,0.038207478,0.179638531,0.258356619,0.523797372,Simulated Portfolio
0.365800232,0.212832835,1.62475039,0.350222031,0.369768134,0.043356972,0.236652862,Simulated Portfolio
0.304723821,0.204415098,1.392870801,0.183262022,0.294700073,0.046605367,0.475432538,Simulated Portfolio
0.24990183,0.194351193,1.182919576,0.26846556,0.207947264,0.242280475,0.281306701,Simulated Portfolio
0.114535917,0.214112056,0.441525429,0.098756198,0.033838008,0.486541014,0.38086478,Simulated Portfolio
0.195049554,0.197661744,0.88560159,0.286259942,0.128045064,0.393856724,0.19183827,Simulated Portfolio
0.344880753,0.220801661,1.471369153,0.101803746,0.381741333,0.069494659,0.446960262,Simulated Portfolio
0.30013233,0.19876439,1.409368801,0.369215475,0.251039996,0.03000749,0.349737038,Simulated Portfolio
0.250543479,0.218191437,1.056611032,0.010134371,0.265656504,0.323282493,0.400926632,Simulated Portfolio
0.220894864,0.199507331,1.006954795,0.142170078,0.185718885,0.284486374,0.387624663,Simulated Portfolio
0.226449498,0.210521578,0.980657183,0.497057875,0.13962069,0.355995817,0.007325617,Simulated Portfolio
0.159776067,0.215394754,0.648929767,0.506284401,0.027946197,0.400897552,0.064871849,Simulated Portfolio
0.302038138,0.198551834,1.42047612,0.349139357,0.264803932,0.086613901,0.29944281,Simulated Portfolio
0.334058455,0.220266169,1.425813399,0.239301498,0.372657652,0.356258196,0.031782654,Simulated Portfolio
0.22640788,0.201408004,1.024824615,0.416315182,0.151994764,0.33782183,0.093868223,Simulated Portfolio
0.298761361,0.203468193,1.37004884,0.279484056,0.293946661,0.270627444,0.155941838,Simulated Portfolio
0.310712768,0.204606251,1.420840105,0.236080452,0.315725739,0.214413837,0.233779972,Simulated Portfolio
0.34100798,0.230025598,1.395531553,0.027192833,0.396930714,0.138891213,0.43698524,Simulated Portfolio
0.419953634,0.250044967,1.599526832,0.056312677,0.512009502,0.003688798,0.427989023,Simulated Portfolio
0.40073698,0.226279945,1.682592685,0.333603776,0.439759204,0.097270902,0.129366119,Simulated Portfolio
0.185620593,0.202625113,0.817374464,0.43029535,0.07966988,0.344580099,0.145454671,Simulated Portfolio
0.279111344,0.207487368,1.248805393,0.444786554,0.233245828,0.297842622,0.024124997,Simulated Portfolio
0.205237072,0.198609239,0.932670973,0.425403259,0.104692057,0.26312048,0.206784204,Simulated Portfolio
0.264541125,0.199339412,1.226757532,0.210931468,0.248555836,0.282395919,0.258116777,Simulated Portfolio
0.248219709,0.197468853,1.155725097,0.276062878,0.213614052,0.324850416,0.185472654,Simulated Portfolio
0.320967273,0.214129444,1.405538949,0.513877792,0.275080795,0.14777036,0.063271053,Simulated Portfolio
0.224469125,0.20013418,1.021660195,0.342729596,0.168178973,0.389244597,0.099846835,Simulated Portfolio
0.207679499,0.19981548,0.939264061,0.144041071,0.146418121,0.151085107,0.558455701,Simulated Portfolio
0.316095247,0.211177824,1.402113352,0.253408585,0.334067243,0.315308365,0.097215807,Simulated Portfolio
0.244098877,0.211546781,1.059334848,0.567687071,0.121295252,0.056817791,0.254199886,Simulated Portfolio
0.150157492,0.202185988,0.643751294,0.392277208,0.021647851,0.315342947,0.270731995,Simulated Portfolio
0.190496683,0.19484913,0.875018958,0.247738213,0.118067282,0.3185522,0.315642306,Simulated Portfolio
0.26521881,0.20459107,1.198580222,0.191646089,0.262878293,0.362455063,0.183020554,Simulated Portfolio
0.173915903,0.195780309,0.786166412,0.338470095,0.066503606,0.265366129,0.32966017,Simulated Portfolio
0.327495834,0.226372595,1.358361575,0.067878777,0.385455103,0.298878087,0.247788034,Simulated Portfolio
0.247256442,0.196557277,1.156184322,0.413850928,0.170398841,0.187436357,0.228313874,Simulated Portfolio
0.319354436,0.218200464,1.371923917,0.242424984,0.35038333,0.387321725,0.019869962,Simulated Portfolio
0.238130059,0.208097501,1.048210853,0.257192843,0.219194413,0.487613928,0.035998816,Simulated Portfolio
0.276662164,0.198533334,1.292791286,0.428600547,0.205534685,0.078845392,0.287019377,Simulated Portfolio
0.23513907,0.19866165,1.082942125,0.428467991,0.154028395,0.24760891,0.169894704,Simulated Portfolio
0.169088972,0.197236143,0.755890729,0.203265988,0.086983355,0.301235399,0.408515258,Simulated Portfolio
0.362966266,0.240038614,1.428796226,0.673444299,0.301235628,0.001629608,0.023690465,Simulated Portfolio
0.25361062,0.194724284,1.199699468,0.38510179,0.175125622,0.092189149,0.347583438,Simulated Portfolio
0.416394568,0.265898737,1.490772662,0.042665776,0.549433479,0.344644441,0.063256305,Simulated Portfolio
0.117553392,0.211099299,0.46212087,0.105129366,0.023378307,0.366054222,0.505438104,Simulated Portfolio
0.34970772,0.208026663,1.584930101,0.339690913,0.339492316,0.007464169,0.313352602,Simulated Portfolio
0.36636933,0.2218951,1.560959793,0.170104031,0.415543451,0.144019369,0.270333149,Simulated Portfolio
0.270860681,0.201619242,1.244229854,0.474667615,0.187603722,0.082685733,0.25504293,Simulated Portfolio
0.24827982,0.195321723,1.168737491,0.212381006,0.211160834,0.207896014,0.368562146,Simulated Portfolio
0.21726842,0.196749546,1.002637231,0.196991336,0.173876845,0.320761074,0.308370745,Simulated Portfolio
0.286466018,0.197574593,1.34868565,0.251493993,0.263940613,0.156207877,0.328357518,Simulated Portfolio
0.200996304,0.19676142,0.919876998,0.286489952,0.136022355,0.374987162,0.202500531,Simulated Portfolio
0.229531326,0.201161714,1.041606387,0.46352491,0.136542081,0.235801777,0.164131231,Simulated Portfolio
0.158477508,0.203569308,0.680247479,0.322947059,0.066579706,0.464302065,0.146171169,Simulated Portfolio
0.195651065,0.224956635,0.780821887,0.631942655,0.025281355,0.0526786,0.29009739,Simulated Portfolio
0.333232141,0.226290991,1.38420067,0.08738353,0.392526187,0.304493639,0.215596644,Simulated Portfolio
0.206049664,0.209194651,0.889361478,0.115267056,0.188040565,0.476420055,0.220272325,Simulated Portfolio
0.326297373,0.21633774,1.415829584,0.181206625,0.363449808,0.303970196,0.15137337,Simulated Portfolio
0.212465152,0.20068876,0.959023079,0.422848819,0.086748592,0.006693908,0.483708682,Simulated Portfolio
0.317606435,0.215735852,1.379494564,0.106507034,0.351284395,0.215537901,0.32667067,Simulated Portfolio
0.214631073,0.2054725,0.947236602,0.414128717,0.141074983,0.413046298,0.031750002,Simulated Portfolio
0.459366725,0.247297928,1.776669659,0.325851927,0.532679253,0.014525897,0.126942922,Simulated Portfolio
0.278365209,0.210603146,1.226787034,0.23448697,0.285471995,0.425509853,0.054531181,Simulated Portfolio
0.187143969,0.200881279,0.832053489,0.437694588,0.072822177,0.277042513,0.212440722,Simulated Portfolio
0.362342694,0.224500738,1.524906767,0.176662374,0.418972908,0.240131183,0.164233535,Simulated Portfolio
0.16706155,0.199122717,0.738547325,0.391243711,0.037202024,0.200102667,0.371451598,Simulated Portfolio
0.296295003,0.199689476,1.383623257,0.243325609,0.283298215,0.16335858,0.310017596,Simulated Portfolio
0.30689802,0.207561614,1.382230626,0.492998951,0.247304362,0.088001325,0.171695362,Simulated Portfolio
0.417358192,0.244076732,1.628005213,0.097140567,0.500412949,0.006158734,0.39628775,Simulated Portfolio
0.233317544,0.192161554,1.110094815,0.293132585,0.168322805,0.188834827,0.349709783,Simulated Portfolio
0.307498645,0.212038178,1.355881508,0.196347067,0.331618155,0.332623322,0.139411456,Simulated Portfolio
0.287722766,0.239839304,1.116258939,0.724874218,0.173230423,0.097582011,0.004313348,Simulated Portfolio
0.265305393,0.203527474,1.205269186,0.149328986,0.261739507,0.288143793,0.300787714,Simulated Portfolio
0.269788399,0.198958655,1.255478926,0.240499558,0.251976554,0.279888054,0.227635835,Simulated Portfolio
0.300884573,0.213085064,1.318180486,0.263107008,0.31546549,0.393989765,0.027437737,Simulated Portfolio
0.302088165,0.226091971,1.24766998,0.092518568,0.353747123,0.437721418,0.116012891,Simulated Portfolio
0.273024501,0.200436068,1.26237011,0.329917096,0.244091127,0.302469357,0.12352242,Simulated Portfolio
0.429403367,0.244477599,1.674604827,0.144650407,0.516991861,0.042159256,0.296198476,Simulated Portfolio
0.405074451,0.225569774,1.707119016,0.299639833,0.443440864,0.014468654,0.242450649,Simulated Portfolio
0.371166829,0.241032012,1.456930246,0.023830465,0.456030387,0.19100167,0.329137478,Simulated Portfolio
0.188207635,0.207055616,0.812379005,0.082784456,0.152635685,0.390102346,0.374477513,Simulated Portfolio
0.259885669,0.20082152,1.194521731,0.343292798,0.223077711,0.336933593,0.096695898,Simulated Portfolio
0.278046526,0.197978311,1.303408058,0.295159488,0.25212864,0.244771408,0.207940464,Simulated Portfolio
0.221664187,0.207538583,0.971694922,0.065954621,0.202775403,0.300310737,0.43095924,Simulated Portfolio
0.330760886,0.212590414,1.461782209,0.306654843,0.345651014,0.280885048,0.066809095,Simulated Portfolio
0.192254875,0.213943934,0.805140264,0.045617537,0.174385382,0.456499278,0.323497802,Simulated Portfolio
0.16449179,0.199959395,0.722605655,0.177597445,0.091820913,0.368763457,0.361818185,Simulated Portfolio
0.348031715,0.21337466,1.537350851,0.341228324,0.36002219,0.204102922,0.094646564,Simulated Portfolio
0.239088114,0.203975979,1.07408782,0.127102028,0.22684902,0.3417521,0.304296852,Simulated Portfolio
0.256923674,0.196379317,1.206459404,0.222568971,0.228301662,0.241275041,0.307854326,Simulated Portfolio
0.264883099,0.204381138,1.19816878,0.151036887,0.263711149,0.313126251,0.272125713,Simulated Portfolio
0.386353167,0.224880893,1.629098683,0.182961505,0.43196178,0.012615732,0.372460982,Simulated Portfolio
0.299733377,0.217267502,1.287506756,0.054326253,0.326832701,0.190890254,0.427950792,Simulated Portfolio
0.169491467,0.207903738,0.719041748,0.096811568,0.124003909,0.442434626,0.336749897,Simulated Portfolio
0.325128771,0.21197481,1.43945769,0.290960298,0.340582175,0.296108005,0.072349522,Simulated Portfolio
0.300579433,0.201112617,1.395135905,0.247886219,0.293341196,0.191997301,0.266775285,Simulated Portfolio
0.184809509,0.200196867,0.8232372,0.417763525,0.051071095,0.100197658,0.430967721,Simulated Portfolio
0.189914407,0.196866157,0.863096075,0.190457626,0.127783947,0.32137612,0.360382308,Simulated Portfolio
0.512827385,0.298938789,1.648589624,0.052108821,0.69386664,0.172252738,0.081771801,Simulated Portfolio
0.287998274,0.198614222,1.349340804,0.263609507,0.27020646,0.204391552,0.26179248,Simulated Portfolio
0.316961089,0.203956562,1.456001637,0.228726965,0.317803062,0.130881296,0.322588677,Simulated Portfolio
0.371606693,0.219832199,1.599432176,0.18846793,0.405578178,0.013790998,0.392162894,Simulated Portfolio
0.214827199,0.196753803,0.990208051,0.179204766,0.169047719,0.289016186,0.362731329,Simulated Portfolio
0.279480814,0.197139714,1.316228013,0.269227451,0.254822146,0.207529802,0.268420602,Simulated Portfolio
0.282733735,0.199652781,1.315953294,0.266743535,0.267014823,0.258214718,0.208026924,Simulated Portfolio
0.317756182,0.22632797,1.315596045,0.054129572,0.373616005,0.319846889,0.252407534,Simulated Portfolio
0.278817911,0.197690001,1.309210936,0.395548806,0.224347815,0.154230437,0.225872942,Simulated Portfolio
0.276962284,0.202884034,1.266547588,0.188085705,0.274881959,0.288058032,0.248974303,Simulated Portfolio
0.37274645,0.217572596,1.621281613,0.418723558,0.372617053,0.070252051,0.138407338,Simulated Portfolio
0.236961598,0.218979889,0.990783213,0.030706529,0.252642924,0.441274283,0.275376265,Simulated Portfolio
0.233898403,0.213741483,1.000734159,0.581603463,0.111190554,0.140381921,0.166824062,Simulated Portfolio
0.276137314,0.196462922,1.303743787,0.335341862,0.236307292,0.201380325,0.226970521,Simulated Portfolio
0.336144015,0.216409508,1.460860094,0.294381864,0.360699328,0.309952827,0.034965982,Simulated Portfolio
0.330756635,0.209539777,1.483043648,0.24384516,0.348883981,0.213324642,0.193946217,Simulated Portfolio
0.285102414,0.203400433,1.303352264,0.431198347,0.237588373,0.227416181,0.103797099,Simulated Portfolio
0.129317245,0.204167431,0.535429401,0.174833476,0.028322738,0.342971493,0.453872292,Simulated Portfolio
0.354134856,0.233969759,1.428111296,0.039732449,0.42595128,0.209969901,0.32434637,Simulated Portfolio
0.260949668,0.209699958,1.149021061,0.073665722,0.245130608,0.099171238,0.582032432,Simulated Portfolio
0.132164613,0.210542683,0.532740494,0.107605898,0.060529662,0.468125927,0.363738514,Simulated Portfolio
0.314014135,0.208501106,1.410132258,0.17403346,0.331597007,0.205358855,0.289010678,Simulated Portfolio
0.309539915,0.201527221,1.436728566,0.357137769,0.284938465,0.157925779,0.199997988,Simulated Portfolio
0.414919574,0.243758135,1.6201288,0.202842987,0.505048083,0.23853414,0.05357479,Simulated Portfolio
0.151400293,0.212598438,0.618068006,0.355451374,0.060013454,0.560319827,0.024215345,Simulated Portfolio
0.296106275,0.203660057,1.355721289,0.185728777,0.298397083,0.204694548,0.311179592,Simulated Portfolio
0.358451908,0.213764051,1.583296656,0.42874854,0.345766725,0.067861913,0.157622823,Simulated Portfolio
0.297242142,0.221611779,1.251026201,0.086238505,0.340679847,0.389477964,0.183603684,Simulated Portfolio
0.312829218,0.211041634,1.387542413,0.136920164,0.335437428,0.198421264,0.329221143,Simulated Portfolio
0.30033293,0.220461797,1.271571465,0.077015696,0.342313136,0.344783895,0.235887274,Simulated Portfolio
0.351284754,0.210042797,1.577225013,0.404499539,0.334030494,0.036964972,0.224504995,Simulated Portfolio
0.347029602,0.236502453,1.382774672,0.076669203,0.426266466,0.37012588,0.126938451,Simulated Portfolio
0.205483466,0.202354072,0.916628285,0.163301144,0.171447135,0.419149524,0.246102197,Simulated Portfolio
0.270717066,0.19842565,1.263531533,0.428253189,0.190114499,0.035786835,0.345845477,Simulated Portfolio
0.168208298,0.19644671,0.754445304,0.309702441,0.068587265,0.32133704,0.300373254,Simulated Portfolio
0.397713117,0.226337211,1.668806978,0.215057073,0.444486207,0.001652394,0.338804327,Simulated Portfolio
0.390873464,0.246550752,1.50424795,0.041236602,0.489036462,0.207987869,0.261739066,Simulated Portfolio
0.350215812,0.22100141,1.494179659,0.250976869,0.391888534,0.301338764,0.055795832,Simulated Portfolio
0.371567282,0.218517479,1.608874879,0.457132666,0.360214923,0.042071313,0.140581097,Simulated Portfolio
0.203818561,0.195025703,0.942535051,0.264576459,0.140083414,0.335202701,0.260137426,Simulated Portfolio
0.476598793,0.25657205,1.779612367,0.41433553,0.547835294,0.025863277,0.0119659,Simulated Portfolio
0.260224048,0.20077915,1.19645913,0.152665105,0.244890615,0.226373684,0.376070596,Simulated Portfolio
0.201931343,0.222304167,0.818389262,0.019496411,0.205128772,0.533276264,0.242098553,Simulated Portfolio
0.104133348,0.22185704,0.379223251,0.036312814,0.028576318,0.498365537,0.436745331,Simulated Portfolio
0.257665404,0.215478027,1.102968167,0.02834942,0.269840071,0.283118375,0.418692135,Simulated Portfolio
0.250861932,0.193567842,1.192666764,0.306034952,0.19957478,0.215544537,0.27884573,Simulated Portfolio
0.267793033,0.218177504,1.135740523,0.025018991,0.290855241,0.307002527,0.377123242,Simulated Portfolio
0.342842822,0.207281649,1.557507977,0.301628614,0.344137608,0.087320484,0.266913294,Simulated Portfolio
0.363069696,0.215557613,1.591545253,0.338011881,0.380677648,0.154678952,0.126631519,Simulated Portfolio
0.156005971,0.224569083,0.605630876,0.026520454,0.067290964,0.060007292,0.84618129,Simulated Portfolio
0.374998236,0.223970394,1.585023047,0.166466221,0.426751635,0.107623318,0.299158827,Simulated Portfolio
0.172523047,0.208223405,0.732497132,0.097796191,0.092157906,0.136275392,0.673770511,Simulated Portfolio
0.226830237,0.206967691,0.99933587,0.131754151,0.215556164,0.431070801,0.221618883,Simulated Portfolio
0.381801447,0.238918762,1.51432832,0.152636913,0.466352859,0.317594228,0.063415999,Simulated Portfolio
0.297993235,0.222089469,1.251717318,0.113526112,0.341404206,0.425729142,0.119340539,Simulated Portfolio
0.407225505,0.239757741,1.615069879,0.147723591,0.492925243,0.165582003,0.193769163,Simulated Portfolio
0.245019274,0.193792964,1.161132318,0.288249479,0.174357334,0.063543094,0.473850093,Simulated Portfolio
0.30057017,0.202086001,1.388370144,0.224096829,0.297770674,0.193099081,0.285033416,Simulated Portfolio
0.292894064,0.208106341,1.311320274,0.323954608,0.285899453,0.354983654,0.035162285,Simulated Portfolio
0.298547317,0.210451616,1.323569389,0.23544363,0.312796565,0.363818268,0.087941537,Simulated Portfolio
0.342362213,0.21582307,1.493641128,0.143720194,0.372393888,0.091150267,0.392735651,Simulated Portfolio
0.270855383,0.198173007,1.265840319,0.373378985,0.224428735,0.235884521,0.166307759,Simulated Portfolio
0.233946482,0.207130629,1.03290606,0.531725799,0.111154344,0.064400431,0.292719426,Simulated Portfolio
0.150610676,0.198093,0.659340188,0.266313639,0.045548315,0.317670426,0.37046762,Simulated Portfolio
0.263894986,0.202722397,1.203098374,0.218991775,0.254731519,0.355009264,0.171267442,Simulated Portfolio
0.170078972,0.197471135,0.760004602,0.306172382,0.077713593,0.364862625,0.2512514,Simulated Portfolio
0.268424988,0.197673043,1.256746921,0.270016382,0.243066317,0.269943086,0.216974216,Simulated Portfolio
0.191233774,0.19433609,0.881121841,0.253238769,0.11632152,0.301761558,0.328678153,Simulated Portfolio
0.279506938,0.213269994,1.216800041,0.056325972,0.288313054,0.164816303,0.490544671,Simulated Portfolio
0.457621541,0.255717845,1.711345334,0.145091313,0.56269064,0.016708584,0.275509462,Simulated Portfolio
0.253503365,0.208000554,1.122609345,0.466754722,0.189014745,0.331684013,0.012546521,Simulated Portfolio
0.421872061,0.23191005,1.732879022,0.312316931,0.471146501,0.022149176,0.194387392,Simulated Portfolio
0.27448349,0.216642046,1.174672667,0.149806016,0.298681244,0.463472251,0.088040488,Simulated Portfolio
0.362730535,0.214300714,1.599297215,0.32457439,0.379616275,0.130542385,0.16526695,Simulated Portfolio
0.381447616,0.225427126,1.603390074,0.19261048,0.437248826,0.141398576,0.228742118,Simulated Portfolio
0.308945926,0.200061679,1.444284222,0.286651921,0.280884548,0.026856824,0.405606707,Simulated Portfolio
0.193384247,0.206255349,0.840629095,0.466005481,0.087690274,0.35332761,0.092976636,Simulated Portfolio
0.159961736,0.213028199,0.657010371,0.159004758,0.043673836,0.006535818,0.790785589,Simulated Portfolio
0.193783231,0.193158465,0.899692544,0.302736887,0.099556623,0.200539743,0.397166748,Simulated Portfolio
0.188174816,0.197329417,0.852254158,0.338430632,0.102546339,0.359518601,0.199504428,Simulated Portfolio
0.343922165,0.217165814,1.491589117,0.46854183,0.327058539,0.181132279,0.023267352,Simulated Portfolio
0.379625942,0.22984718,1.564630648,0.151436706,0.447209108,0.188253104,0.213101081,Simulated Portfolio
0.161771974,0.196572459,0.721219923,0.249066945,0.061302833,0.262162028,0.427468194,Simulated Portfolio
0.244073547,0.201609746,1.111422201,0.140110667,0.227176305,0.292450781,0.340262247,Simulated Portfolio
0.168912337,0.202861847,0.734057877,0.121784308,0.105972641,0.338752312,0.433490738,Simulated Portfolio
0.153823556,0.221550454,0.604031967,0.012386357,0.123207155,0.533832356,0.330574132,Simulated Portfolio
0.552870681,0.304961215,1.747339188,0.125890873,0.73289867,0.032010164,0.109200293,Simulated Portfolio
0.338557367,0.206900115,1.539667428,0.319982329,0.337661424,0.122729494,0.219626754,Simulated Portfolio
0.293207161,0.198818443,1.374154012,0.251859235,0.260784465,0.033801116,0.453555184,Simulated Portfolio
0.307628004,0.205222679,1.401541024,0.271875095,0.309689155,0.262453179,0.155982571,Simulated Portfolio
0.326740878,0.212202391,1.445510941,0.407885928,0.316226519,0.246766185,0.029121368,Simulated Portfolio
0.191769782,0.217176301,0.790923231,0.542849082,0.073692771,0.375951151,0.007506996,Simulated Portfolio
0.136484434,0.213206573,0.546345419,0.053589312,0.061918948,0.336416075,0.548075665,Simulated Portfolio
0.297505488,0.199356234,1.392008077,0.396484371,0.24910502,0.092671044,0.261739566,Simulated Portfolio
0.1703632,0.219318177,0.685593881,0.051215384,0.148704526,0.566221412,0.233858678,Simulated Portfolio
0.173781058,0.200040017,0.768751475,0.168828106,0.110262086,0.375158714,0.345751094,Simulated Portfolio
0.439894252,0.28180546,1.490014608,0.01797932,0.597855829,0.371744633,0.012420218,Simulated Portfolio
0.402428948,0.231792758,1.649874444,0.205940049,0.469074917,0.124169029,0.200816005,Simulated Portfolio
0.257707128,0.200237465,1.187126132,0.424076724,0.194411114,0.251920848,0.129591314,Simulated Portfolio
0.213599311,0.200144623,0.967297084,0.417196827,0.127776748,0.322182322,0.132844104,Simulated Portfolio
0.24455352,0.205678269,1.09177076,0.504516519,0.153507445,0.222467172,0.119508864,Simulated Portfolio
0.151699324,0.209839245,0.627620085,0.243447708,0.081897891,0.569129082,0.105525319,Simulated Portfolio
0.318801372,0.218434597,1.367921457,0.578588635,0.246895125,0.042398895,0.132117345,Simulated Portfolio
0.318877029,0.201271299,1.484946094,0.317010351,0.296617956,0.060409014,0.325962679,Simulated Portfolio
0.188043225,0.195469796,0.859688957,0.371108324,0.076807705,0.197074098,0.355009873,Simulated Portfolio
0.31041395,0.201957496,1.437995398,0.414909424,0.262109096,0.042900687,0.280080793,Simulated Portfolio
0.159997079,0.215868692,0.648528871,0.544824905,0.004935886,0.26483304,0.18540617,Simulated Portfolio
0.290798435,0.2081625,1.300899225,0.157748362,0.30544366,0.297269982,0.239537996,Simulated Portfolio
0.314390114,0.207031134,1.421960593,0.430405042,0.283227693,0.184261949,0.102105316,Simulated Portfolio
0.333875249,0.229571025,1.36722502,0.020289348,0.389218771,0.166954623,0.423537258,Simulated Portfolio
0.343016776,0.215647668,1.497891346,0.153785496,0.376233409,0.128729337,0.341251757,Simulated Portfolio
0.144103119,0.216142792,0.574171907,0.02832716,0.090822235,0.428766427,0.452084178,Simulated Portfolio
0.282730772,0.200031429,1.313447455,0.317053589,0.259049256,0.267835488,0.156061668,Simulated Portfolio
0.313642292,0.200582135,1.463950373,0.358263206,0.276807626,0.033287988,0.331641181,Simulated Portfolio
0.226176705,0.196027653,1.051773576,0.342563427,0.162229737,0.315139371,0.180067464,Simulated Portfolio
0.208413192,0.193381557,0.974307969,0.333328304,0.125926593,0.255197157,0.285547946,Simulated Portfolio
0.343407929,0.239572396,1.349938202,0.101711831,0.424711257,0.446874305,0.026702607,Simulated Portfolio
0.321019427,0.210461417,1.430283187,0.184940689,0.34455544,0.228656677,0.241847194,Simulated Portfolio
0.369374069,0.216044517,1.617139254,0.29216387,0.394880971,0.113032802,0.199922356,Simulated Portfolio
0.382281062,0.224350857,1.614796871,0.187883869,0.433285918,0.08946008,0.289370133,Simulated Portfolio
0.425704367,0.232641168,1.743906163,0.332821248,0.471518583,0.001044158,0.194616011,Simulated Portfolio
0.291273018,0.202658747,1.338570484,0.2213349,0.289935059,0.257437464,0.231292577,Simulated Portfolio
0.357692116,0.220817552,1.529281131,0.244351263,0.401058124,0.260090895,0.094499719,Simulated Portfolio
0.294742333,0.214774779,1.27921134,0.145935986,0.323809597,0.375207674,0.155046742,Simulated Portfolio
0.315708504,0.217093627,1.362124294,0.176501783,0.352182938,0.355474863,0.115840416,Simulated Portfolio
0.272861754,0.214076935,1.181172335,0.045392923,0.284788456,0.214549671,0.45526895,Simulated Portfolio
0.289448071,0.214322521,1.257208386,0.231605499,0.306401959,0.435648401,0.026344141,Simulated Portfolio
0.21051579,0.201373854,0.946080069,0.1382597,0.177032521,0.35557511,0.32913267,Simulated Portfolio
0.125989841,0.212725029,0.498248097,0.073007494,0.046178092,0.385730969,0.495083445,Simulated Portfolio
0.257856175,0.194619476,1.222160182,0.345214873,0.183469405,0.040466874,0.430848849,Simulated Portfolio
0.309699938,0.209617825,1.382038656,0.156328217,0.330108814,0.228334099,0.28522887,Simulated Portfolio
0.144661047,0.209492082,0.595063288,0.382706102,0.034853758,0.489387143,0.093052997,Simulated Portfolio
0.280722942,0.20105632,1.296765712,0.311098299,0.259874908,0.294555023,0.13447177,Simulated Portfolio
0.318491886,0.202867089,1.471366734,0.247301217,0.308498233,0.059660489,0.384540061,Simulated Portfolio
0.083790658,0.242533172,0.263018279,0.009663538,0.030881593,0.769470239,0.18998463,Simulated Portfolio
0.265164655,0.194303801,1.261759436,0.265505534,0.220931269,0.126390479,0.387172718,Simulated Portfolio
0.264020471,0.195187005,1.250188101,0.375888904,0.191123424,0.061565505,0.371422167,Simulated Portfolio
0.419360778,0.24529438,1.628087756,0.164376924,0.514681947,0.196838589,0.124102541,Simulated Portfolio
0.186206574,0.198387267,0.837788514,0.195420725,0.127163535,0.376924786,0.300490954,Simulated Portfolio
0.44547405,0.262783001,1.619107965,0.062336428,0.569906967,0.126533048,0.241223557,Simulated Portfolio
0.278085069,0.199559159,1.293275994,0.333976281,0.248095943,0.269133649,0.148794126,Simulated Portfolio
0.45118649,0.251641004,1.713498531,0.199884186,0.551258846,0.096665199,0.152191769,Simulated Portfolio
0.376014907,0.242668589,1.467082777,0.024164933,0.464393754,0.191264348,0.320176965,Simulated Portfolio
0.336578561,0.228700673,1.384248487,0.099913044,0.400826535,0.344127658,0.155132763,Simulated Portfolio
0.272306452,0.197037111,1.280502187,0.230538412,0.231852625,0.061861967,0.475746996,Simulated Portfolio
0.296013616,0.225852858,1.222094855,0.012785928,0.34286328,0.314788128,0.329562664,Simulated Portfolio
0.342992072,0.207765789,1.554597003,0.351185151,0.337242561,0.102501483,0.209070806,Simulated Portfolio
0.411423223,0.251464003,1.556577557,0.047865226,0.517170387,0.156258243,0.278706144,Simulated Portfolio
0.261148421,0.196017012,1.230242305,0.290136757,0.225485863,0.258856855,0.225520525,Simulated Portfolio
0.114020459,0.212828421,0.441766463,0.101470099,0.027293649,0.443745672,0.42749058,Simulated Portfolio
0.255816129,0.194160679,1.214541119,0.283284225,0.212740948,0.219407417,0.284567409,Simulated Portfolio
0.311297451,0.200926838,1.449768754,0.385293834,0.271605353,0.064447232,0.278653582,Simulated Portfolio
0.314531398,0.202103929,1.457326437,0.378061705,0.285042056,0.118583014,0.218313224,Simulated Portfolio
0.173645001,0.201870627,0.761106275,0.346605902,0.084588463,0.431475117,0.137330518,Simulated Portfolio
0.19703285,0.200807357,0.881605398,0.198338049,0.151534185,0.428001005,0.22212676,Simulated Portfolio
0.209044708,0.193114703,0.978924469,0.293849191,0.136304013,0.272839575,0.297007221,Simulated Portfolio
0.285173571,0.202685636,1.308299769,0.315843043,0.26805655,0.305647428,0.110452979,Simulated Portfolio
0.322358124,0.232268407,1.301761733,0.098960955,0.38841905,0.44395201,0.068667985,Simulated Portfolio
0.17866596,0.209859077,0.756059551,0.050030802,0.124848866,0.247392568,0.577727764,Simulated Portfolio
0.326022743,0.204379417,1.497326626,0.339111479,0.314689196,0.140924127,0.205275198,Simulated Portfolio
0.254643834,0.218923859,1.071805674,0.024864299,0.234505782,0.028211605,0.712418313,Simulated Portfolio
0.264422603,0.21625212,1.130266851,0.056131841,0.286752105,0.368139162,0.288976893,Simulated Portfolio
0.189618525,0.239994469,0.706760142,0.712457902,0.017940798,0.199460884,0.070140416,Simulated Portfolio
0.253042707,0.20793351,1.120755895,0.102025967,0.255096828,0.337983566,0.304893639,Simulated Portfolio
0.520113354,0.304913543,1.640180848,0.008935956,0.70868444,0.125632443,0.156747161,Simulated Portfolio
0.324613728,0.217132815,1.402891254,0.1978576,0.361321361,0.335524022,0.105297017,Simulated Portfolio
0.286290341,0.19937691,1.335612741,0.417695714,0.230132657,0.128226044,0.223945585,Simulated Portfolio
0.195882666,0.198527466,0.885936187,0.150278652,0.139233627,0.270241373,0.440246347,Simulated Portfolio
0.180662521,0.201450574,0.797528237,0.124226382,0.119673044,0.287355571,0.468745004,Simulated Portfolio
0.212011706,0.206561848,0.929560362,0.113823001,0.19227636,0.423783727,0.270116912,Simulated Portfolio
0.418492289,0.256297777,1.554801973,0.011696979,0.524154164,0.058311543,0.405837314,Simulated Portfolio
0.272436709,0.200170503,1.261108432,0.231117811,0.25946234,0.289845467,0.219574382,Simulated Portfolio
0.264638659,0.196547699,1.244678314,0.247776966,0.237344118,0.243407867,0.271471049,Simulated Portfolio
0.159704076,0.212107808,0.658646549,0.046763582,0.110868835,0.398765437,0.443602146,Simulated Portfolio
0.203627414,0.194826985,0.942515298,0.382576137,0.099417465,0.178094245,0.339912153,Simulated Portfolio
0.144107048,0.202672019,0.612354129,0.329494596,0.001363044,0.139580593,0.529561767,Simulated Portfolio
0.239724949,0.231527818,0.949021809,0.690607233,0.09539413,0.089610764,0.124387874,Simulated Portfolio
0.102867899,0.213302816,0.38849885,0.202747667,0.001968,0.546090217,0.249194117,Simulated Portfolio
0.488161525,0.276119249,1.695504844,0.083922846,0.628113519,0.028877693,0.259085942,Simulated Portfolio
0.234937333,0.198783658,1.081262589,0.313836482,0.188919197,0.36752546,0.129718861,Simulated Portfolio
0.271777802,0.195276138,1.289342384,0.320512761,0.211225857,0.033658779,0.434602603,Simulated Portfolio
0.182268114,0.198610287,0.817017671,0.396188722,0.074813927,0.301158175,0.227839175,Simulated Portfolio
0.402075064,0.23289092,1.640575184,0.500063258,0.409319919,0.075882299,0.014734524,Simulated Portfolio
0.250304173,0.194615874,1.183378148,0.286556276,0.206877563,0.254831913,0.251734248,Simulated Portfolio
0.354726484,0.219068636,1.527952565,0.377079744,0.36992383,0.244010675,0.008985751,Simulated Portfolio
0.205049078,0.243414862,0.760220952,0.739992163,0.032652314,0.141338141,0.086017381,Simulated Portfolio
0.162186402,0.199633178,0.712238334,0.389006394,0.030683209,0.212665566,0.367644831,Simulated Portfolio
0.210844799,0.194775462,0.979819515,0.361466503,0.127078796,0.272148996,0.239305705,Simulated Portfolio
0.327516878,0.210782369,1.458930745,0.376428075,0.323064938,0.245043353,0.055463635,Simulated Portfolio
0.347537867,0.217270751,1.507510168,0.353476394,0.363972788,0.262372335,0.020178483,Simulated Portfolio
0.219389985,0.195032588,1.022341893,0.389787624,0.130788825,0.222818756,0.256604795,Simulated Portfolio
0.312907669,0.238986411,1.225624786,0.008708376,0.388346164,0.443329886,0.159615575,Simulated Portfolio
0.352587605,0.224198809,1.483449474,0.093810516,0.401660516,0.112032925,0.392496043,Simulated Portfolio
0.352824879,0.225272065,1.477435203,0.082209413,0.398715718,0.066761413,0.452313457,Simulated Portfolio
0.308020515,0.199399273,1.444441149,0.345493715,0.273191114,0.064805276,0.316509896,Simulated Portfolio
0.313112551,0.212204154,1.381276214,0.119488125,0.336166049,0.174187377,0.370158449,Simulated Portfolio
0.298441243,0.209721191,1.327673385,0.201689201,0.315527917,0.337244029,0.145538853,Simulated Portfolio
0.19084614,0.194425173,0.878724385,0.241072717,0.116873717,0.293614721,0.348438846,Simulated Portfolio
0.300723289,0.200282114,1.401639338,0.243627029,0.289447129,0.151232697,0.315693146,Simulated Portfolio
0.308145981,0.203224449,1.417870649,0.324938379,0.296206654,0.222979532,0.155875435,Simulated Portfolio
0.300549159,0.220327232,1.273329477,0.088944698,0.342581784,0.361842831,0.206630688,Simulated Portfolio
0.293364961,0.210240122,1.300251155,0.460789648,0.252610082,0.277867357,0.008732912,Simulated Portfolio
0.374645003,0.227942105,1.55585561,0.157416916,0.438480001,0.196358692,0.207744391,Simulated Portfolio
0.341660877,0.207808173,1.54787404,0.288829352,0.347840385,0.115754749,0.247575515,Simulated Portfolio
0.26058068,0.197578149,1.217648214,0.417232326,0.191980807,0.180219861,0.210567006,Simulated Portfolio
0.296922494,0.19781872,1.399880122,0.355197863,0.252055035,0.063432821,0.329314281,Simulated Portfolio
0.378445118,0.223478919,1.603932577,0.260009739,0.425658426,0.189713492,0.124618343,Simulated Portfolio
0.171362248,0.209467726,0.722604149,0.351718441,0.091773787,0.531526306,0.024981467,Simulated Portfolio
0.160211178,0.210907394,0.664799728,0.445661926,0.0450286,0.445178769,0.064130705,Simulated Portfolio
0.211392101,0.205116944,0.933087714,0.246053075,0.175319441,0.49085377,0.087773714,Simulated Portfolio
0.117884001,0.210971745,0.463967346,0.321084274,0.003414536,0.520424981,0.155076208,Simulated Portfolio
0.148189388,0.203978872,0.628444438,0.294622209,0.008585362,0.088439945,0.608352484,Simulated Portfolio
0.261914114,0.202873169,1.19244016,0.404035048,0.213133627,0.316666021,0.066165304,Simulated Portfolio
0.286463531,0.197001323,1.352597668,0.257489949,0.257453572,0.111457918,0.373598561,Simulated Portfolio
0.336965338,0.23993125,1.321067342,0.084001772,0.418154144,0.458359595,0.039484488,Simulated Portfolio
0.268086741,0.198025112,1.252804444,0.318523098,0.234566919,0.277238762,0.169671221,Simulated Portfolio
0.375077616,0.219110158,1.620543837,0.312398046,0.404993547,0.145440113,0.137168294,Simulated Portfolio
0.24783572,0.210844296,1.080587546,0.113568963,0.254300679,0.423490431,0.208639927,Simulated Portfolio
0.212585566,0.211739891,0.90953842,0.094748242,0.203521563,0.48012878,0.221601415,Simulated Portfolio
0.405517,0.254566629,1.514405095,0.002254562,0.512616795,0.134710896,0.350417746,Simulated Portfolio
0.272384834,0.201077243,1.25516359,0.20640178,0.263613337,0.287856217,0.242128666,Simulated Portfolio
0.226269698,0.193463637,1.066193634,0.236135041,0.172090182,0.235567557,0.35620722,Simulated Portfolio
0.363078789,0.215605626,1.591233009,0.240825571,0.393493213,0.114715507,0.250965709,Simulated Portfolio
0.199347316,0.197291639,0.909046713,0.342048102,0.121133888,0.35871446,0.17810355,Simulated Portfolio
0.150921337,0.20207627,0.647880807,0.370408601,0.007003982,0.150047698,0.472539718,Simulated Portfolio
0.255357545,0.206787078,1.138163694,0.391097536,0.213597984,0.395196044,0.000108436,Simulated Portfolio
0.352816751,0.216839873,1.534850334,0.180167717,0.390391644,0.145122078,0.28431856,Simulated Portfolio
0.320584001,0.21171959,1.419726922,0.502987503,0.272470246,0.115248631,0.10929362,Simulated Portfolio
0.231780154,0.198999214,1.064226082,0.203788885,0.202121206,0.356887167,0.237202743,Simulated Portfolio
0.097222914,0.229029817,0.337174065,0.009665919,0.032192266,0.587501719,0.370640096,Simulated Portfolio
0.211109606,0.203155717,0.940705035,0.224593432,0.175331026,0.462741011,0.137334531,Simulated Portfolio
0.290758193,0.205503954,1.317532765,0.320603047,0.279577919,0.328180616,0.071638417,Simulated Portfolio
0.298586477,0.200546629,1.389135674,0.298164977,0.283313156,0.213035451,0.205486416,Simulated Portfolio
0.308966421,0.224685502,1.286092862,0.018232821,0.352075875,0.213423701,0.416267603,Simulated Portfolio
0.186410235,0.19921293,0.835338526,0.161375221,0.129960542,0.346010668,0.362653569,Simulated Portfolio
0.279802628,0.204304783,1.271642417,0.258007215,0.274207791,0.346815761,0.120969232,Simulated Portfolio
0.240116611,0.194403791,1.132265015,0.23838936,0.197366261,0.249789934,0.314454445,Simulated Portfolio
0.293354842,0.222082872,1.23086864,0.056151276,0.336062709,0.361758058,0.246027956,Simulated Portfolio
0.274345559,0.205842939,1.235629263,0.176261364,0.278835008,0.340632362,0.204271265,Simulated Portfolio
0.280340011,0.211174466,1.232819552,0.079834123,0.293465049,0.230928914,0.395771915,Simulated Portfolio
0.313709728,0.201851779,1.455076244,0.313281437,0.300130385,0.158118218,0.22846996,Simulated Portfolio
0.299641277,0.197943436,1.412733267,0.326557681,0.265288069,0.091088523,0.317065728,Simulated Portfolio
0.350616836,0.214595869,1.540648653,0.18979421,0.38064696,0.110360916,0.319197914,Simulated Portfolio
0.317605911,0.203811855,1.460199216,0.367686938,0.297703908,0.163856524,0.17075263,Simulated Portfolio
0.320735366,0.21376918,1.406822848,0.124250481,0.349609359,0.183402163,0.342737997,Simulated Portfolio
0.262603399,0.202481551,1.198150636,0.164127178,0.255805275,0.299968598,0.28009895,Simulated Portfolio
0.289591449,0.206367773,1.306364097,0.148652137,0.298672589,0.244765925,0.307909349,Simulated Portfolio
0.136723186,0.204535805,0.570673612,0.236909636,0.045375227,0.471403922,0.246311214,Simulated Portfolio
0.500295462,0.291635952,1.646900732,0.00714258,0.664561423,0.041518409,0.286777589,Simulated Portfolio
0.157457803,0.198661667,0.691919109,0.238370875,0.069324589,0.374546351,0.317758185,Simulated Portfolio
0.191690999,0.196047472,0.87576237,0.361220867,0.097436856,0.300927325,0.240414952,Simulated Portfolio
0.301573848,0.203380565,1.384467821,0.268932575,0.298762055,0.254322109,0.177983261,Simulated Portfolio
0.300339733,0.216442789,1.295214013,0.058594945,0.322873427,0.155766557,0.462765071,Simulated Portfolio
0.205082671,0.202469884,0.914124449,0.168053462,0.170759263,0.426343792,0.234843483,Simulated Portfolio
0.214760597,0.225624521,0.863206693,0.651315913,0.062943204,0.119807623,0.16593326,Simulated Portfolio
0.218754211,0.193350775,1.027946284,0.328656397,0.145183485,0.259418477,0.266741641,Simulated Portfolio
0.491269988,0.263731976,1.786927752,0.250250957,0.600028574,0.001400676,0.148319794,Simulated Portfolio
0.127800249,0.205293475,0.525103145,0.276302009,0.021622036,0.461735573,0.240340382,Simulated Portfolio
0.183943663,0.218830261,0.749181866,0.56106776,0.053952921,0.351986391,0.032992928,Simulated Portfolio
0.298158933,0.206005342,1.350251069,0.217181445,0.306495057,0.289675172,0.186648326,Simulated Portfolio
0.231000481,0.248426982,0.849346069,0.773420286,0.066091701,0.096353077,0.064134936,Simulated Portfolio
0.184082154,0.205533841,0.79832184,0.124461245,0.144316591,0.442996595,0.288225569,Simulated Portfolio
0.486795713,0.26929341,1.733409345,0.167547697,0.615242289,0.067467788,0.149742225,Simulated Portfolio
0.296029824,0.201595512,1.36922604,0.202998281,0.29004839,0.162516516,0.344436813,Simulated Portfolio
0.400920082,0.237135148,1.606341726,0.258492763,0.473187878,0.258955182,0.009364176,Simulated Portfolio
0.31481557,0.209377439,1.408057964,0.392884715,0.300366675,0.263885038,0.042863572,Simulated Portfolio
0.364679437,0.236482529,1.457526013,0.025141482,0.432141119,0.087983276,0.454734122,Simulated Portfolio
0.328800046,0.2048331,1.507569069,0.256509148,0.319448897,0.016333767,0.407708187,Simulated Portfolio
0.267419068,0.203441019,1.216171002,0.15877089,0.264545512,0.2952661,0.281417499,Simulated Portfolio
0.38194657,0.227006033,1.594435909,0.30924504,0.428257824,0.235027741,0.027469395,Simulated Portfolio
0.30348983,0.203694827,1.391737996,0.311300242,0.294545731,0.255546421,0.138607606,Simulated Portfolio
0.343918402,0.234537333,1.381095274,0.014989301,0.413852516,0.219101064,0.352057119,Simulated Portfolio
0.355982219,0.228734568,1.468873821,0.112553346,0.422204071,0.26185634,0.203386243,Simulated Portfolio
0.411063494,0.23725598,1.648276657,0.146959153,0.485907025,0.051126086,0.316007736,Simulated Portfolio
0.324605493,0.212381399,1.434238098,0.14680683,0.351044105,0.173652652,0.328496413,Simulated Portfolio
0.23359733,0.20722165,1.030767442,0.097673086,0.225827588,0.367863734,0.308635592,Simulated Portfolio
0.226549841,0.19931032,1.036322862,0.154203467,0.195519239,0.302671685,0.347605608,Simulated Portfolio
0.156029199,0.205539453,0.661815514,0.35277214,0.006090432,0.04262297,0.598514458,Simulated Portfolio
0.329988876,0.222893353,1.390749755,0.166886577,0.379861546,0.365553913,0.087697963,Simulated Portfolio
0.174724806,0.20056614,0.771440312,0.371644381,0.076026854,0.382611935,0.169716829,Simulated Portfolio
0.211025763,0.192885663,0.990357499,0.290668027,0.123536435,0.133726903,0.452068635,Simulated Portfolio
0.182025449,0.200392255,0.808541474,0.176205418,0.126541801,0.402905187,0.294347594,Simulated Portfolio
0.285297996,0.222066748,1.194676821,0.021417557,0.322110622,0.309493063,0.346978758,Simulated Portfolio
0.220314648,0.195835189,1.022873614,0.25078579,0.171443934,0.337729809,0.240040467,Simulated Portfolio
0.262303741,0.199839265,1.212493154,0.192714816,0.247723787,0.280227929,0.279333468,Simulated Portfolio
0.1588363,0.200654094,0.691918599,0.265455337,0.03535178,0.113722137,0.585470747,Simulated Portfolio
0.100451067,0.216634074,0.371368481,0.081127483,0.000535558,0.386052183,0.532284776,Simulated Portfolio
0.091134909,0.223192242,0.318715868,0.081770339,0.008734309,0.588764253,0.320731099,Simulated Portfolio
0.113625604,0.208717137,0.448576506,0.155401184,0.013558553,0.416587059,0.414453204,Simulated Portfolio
0.271935655,0.195664449,1.287590347,0.305444825,0.234956981,0.205553087,0.254045108,Simulated Portfolio
0.223504119,0.202929599,1.002831131,0.101582166,0.192922127,0.245742794,0.459752912,Simulated Portfolio
0.271968753,0.206246046,1.221690105,0.516272467,0.173370849,0.011289322,0.299067362,Simulated Portfolio
0.322005133,0.206817778,1.460247448,0.316550952,0.322221294,0.227151657,0.134076098,Simulated Portfolio
0.134448656,0.213909262,0.535033664,0.423964538,0.009631146,0.488849944,0.077554372,Simulated Portfolio
0.355931678,0.211707647,1.586771586,0.330765367,0.36513204,0.117333653,0.186768939,Simulated Portfolio
0.303590656,0.211863127,1.338555983,0.539453329,0.232172795,0.079833686,0.14854019,Simulated Portfolio
0.224994491,0.215740808,0.950188763,0.036273169,0.228647844,0.422446997,0.312631991,Simulated Portfolio
0.354554557,0.231602535,1.444520269,0.128989645,0.425487645,0.3342972,0.11122551,Simulated Portfolio
0.247823711,0.196578434,1.158945603,0.282010995,0.209898897,0.308666787,0.199423321,Simulated Portfolio
0.215362625,0.21039208,0.928564541,0.041281432,0.19682096,0.304300532,0.457597076,Simulated Portfolio
0.27137834,0.210238264,1.195683101,0.101683001,0.284865798,0.321119952,0.292331249,Simulated Portfolio
0.200833623,0.197935535,0.913598573,0.41895326,0.08030585,0.114393586,0.386347303,Simulated Portfolio
0.288083575,0.199283579,1.345236653,0.212893854,0.267522572,0.104657111,0.414926463,Simulated Portfolio
0.294666527,0.208228867,1.319060755,0.146883927,0.309832884,0.261804716,0.281478474,Simulated Portfolio
0.307638028,0.201547775,1.427145639,0.262058904,0.300399369,0.170505381,0.267036347,Simulated Portfolio
0.235518571,0.194295411,1.109231401,0.388584462,0.150834041,0.155703248,0.304878249,Simulated Portfolio
0.269445254,0.207502213,1.202132981,0.201247843,0.27283185,0.398763973,0.127156335,Simulated Portfolio
0.28164842,0.196796556,1.329537594,0.347601512,0.22022022,0.00727278,0.424905488,Simulated Portfolio
0.300160586,0.200066314,1.400338617,0.325477655,0.278191337,0.189023022,0.207307986,Simulated Portfolio
0.264121771,0.201039664,1.214296555,0.233121158,0.25004411,0.334121643,0.182713089,Simulated Portfolio
0.28406836,0.203942643,1.294816798,0.178861988,0.286472004,0.268293311,0.266372697,Simulated Portfolio
0.414571682,0.231401878,1.705136044,0.415685383,0.443502931,0.053109163,0.087702523,Simulated Portfolio
0.238716557,0.193777343,1.128700364,0.313035482,0.182084636,0.255381412,0.24949847,Simulated Portfolio
0.229809257,0.202012461,1.038595619,0.456506931,0.143246378,0.276862501,0.12338419,Simulated Portfolio
0.252453455,0.220790042,1.052825812,0.020220883,0.277366498,0.40814404,0.294268579,Simulated Portfolio
0.347900684,0.22032344,1.488269629,0.218246784,0.392227893,0.288181139,0.101344183,Simulated Portfolio
0.4076183,0.232229811,1.66911517,0.318000738,0.462021452,0.159652036,0.060325775,Simulated Portfolio
0.385995381,0.220165234,1.662366828,0.316261006,0.41489034,0.076585021,0.192263633,Simulated Portfolio
0.320078803,0.209065329,1.435335089,0.494578779,0.260456875,0.010225654,0.234738692,Simulated Portfolio
0.256502365,0.216371213,1.093039882,0.043090209,0.275186379,0.366318314,0.315405098,Simulated Portfolio
0.259428828,0.208053177,1.150805923,0.112954476,0.264635538,0.341840966,0.28056902,Simulated Portfolio
0.234041044,0.20375199,1.050497927,0.097530509,0.206416478,0.200292208,0.495760805,Simulated Portfolio
0.366888278,0.22123425,1.56796824,0.203767438,0.414632375,0.179625806,0.201974382,Simulated Portfolio
0.240707691,0.205830453,1.072279093,0.377417013,0.193610352,0.419181907,0.009790728,Simulated Portfolio
0.316370624,0.2382367,1.244017501,0.091616308,0.388311412,0.517977092,0.002095189,Simulated Portfolio
0.194066146,0.205205537,0.848252679,0.26087852,0.144596114,0.507081156,0.087444211,Simulated Portfolio
0.316513974,0.219126176,1.35316547,0.098391024,0.359095533,0.283801609,0.258711835,Simulated Portfolio
0.508812188,0.277687543,1.7602957,0.171032383,0.646556822,0.016332662,0.166078133,Simulated Portfolio
0.368949698,0.230780591,1.512040925,0.075830684,0.428529548,0.072934986,0.422704782,Simulated Portfolio
0.261338175,0.195102246,1.236983068,0.253701138,0.226776624,0.212056761,0.307465477,Simulated Portfolio
0.182752767,0.196018201,0.830294159,0.293705268,0.10017795,0.35047425,0.255642532,Simulated Portfolio
0.170059693,0.205286559,0.730976706,0.412906707,0.018738069,0.036497982,0.531857242,Simulated Portfolio
0.279345932,0.224808348,1.153631232,0.014374484,0.32080906,0.373560962,0.291255494,Simulated Portfolio
0.194545863,0.202133571,0.863517436,0.387247338,0.109911194,0.402528251,0.100313217,Simulated Portfolio
0.318375973,0.222644431,1.34014568,0.189965734,0.362113112,0.419778314,0.028142839,Simulated Portfolio
0.218328004,0.210848189,0.940619907,0.206729863,0.20027807,0.53915061,0.053841457,Simulated Portfolio
0.161401772,0.197049682,0.71759452,0.327818904,0.042742299,0.231947607,0.397491191,Simulated Portfolio
0.213614486,0.204660574,0.946027279,0.213886189,0.183237753,0.476255819,0.126620239,Simulated Portfolio
0.139966264,0.225775056,0.531353049,0.013810326,0.107068028,0.601067013,0.278054632,Simulated Portfolio
0.201268625,0.20526341,0.883102475,0.503533805,0.067228018,0.126853433,0.302384745,Simulated Portfolio
0.209702098,0.197571042,0.960171573,0.412036232,0.092510695,0.07789368,0.417559393,Simulated Portfolio
0.25483059,0.200288063,1.172464231,0.240630141,0.234507444,0.349947581,0.174914833,Simulated Portfolio
0.316370642,0.214213909,1.3835266,0.119357,0.347173135,0.218502726,0.314967139,Simulated Portfolio
0.176975732,0.213281579,0.736002299,0.031946131,0.143855446,0.402100258,0.422098164,Simulated Portfolio
0.175380239,0.197305019,0.787512858,0.213680508,0.102251842,0.353201967,0.330865682,Simulated Portfolio
0.318699663,0.202382524,1.475916289,0.280084144,0.310326731,0.121131284,0.288457841,Simulated Portfolio
0.210258523,0.200378226,0.949496996,0.165668596,0.138339879,0.079578611,0.616412914,Simulated Portfolio
0.300229811,0.223165322,1.255705002,0.030859522,0.34348181,0.286561094,0.339097574,Simulated Portfolio
0.290939458,0.219822401,1.232537977,0.024468782,0.30732512,0.11046384,0.557742258,Simulated Portfolio
0.534601386,0.303519705,1.695446382,0.116534822,0.718342028,0.15950309,0.00562006,Simulated Portfolio
0.367850388,0.228138018,1.524736612,0.09958504,0.426701058,0.109267326,0.364446576,Simulated Portfolio
0.378470668,0.25160303,1.424747022,0.028622992,0.486260564,0.344063904,0.14105254,Simulated Portfolio
0.242557106,0.219340436,1.014665193,0.000100245,0.25633683,0.345560636,0.398002289,Simulated Portfolio
0.26714499,0.194094598,1.273322355,0.31488266,0.218734216,0.153976511,0.312406613,Simulated Portfolio
0.311760241,0.227802644,1.2807588,0.114720241,0.367505619,0.446349671,0.071424468,Simulated Portfolio
0.215814436,0.199826412,0.979922697,0.136762129,0.163933497,0.168615344,0.530689029,Simulated Portfolio
0.257911492,0.205207506,1.159370319,0.198000729,0.253087016,0.395713457,0.153198799,Simulated Portfolio
0.267972629,0.200429787,1.237204476,0.30274672,0.242886697,0.32415774,0.130208842,Simulated Portfolio
0.471634724,0.262215153,1.722382244,0.171179304,0.589603777,0.077954763,0.161262156,Simulated Portfolio
0.324976377,0.237820754,1.282379154,0.001562899,0.40089756,0.363416028,0.234123513,Simulated Portfolio
0.377755922,0.26249493,1.362906026,0.013828103,0.501016101,0.454456905,0.030698891,Simulated Portfolio
0.351990506,0.232305948,1.429108938,0.063632591,0.423468394,0.256097473,0.256801541,Simulated Portfolio
0.281825107,0.203998839,1.283463708,0.152430686,0.282215762,0.22546018,0.339893372,Simulated Portfolio
0.285784225,0.205732434,1.291892676,0.5037383,0.200150045,0.016194812,0.279916843,Simulated Portfolio
0.267705379,0.216050435,1.146516453,0.122315636,0.290544616,0.451970012,0.135169736,Simulated Portfolio
0.253416769,0.203168685,1.148881624,0.294873436,0.228187966,0.399389086,0.077549511,Simulated Portfolio
0.255769324,0.212063423,1.111786842,0.082564981,0.267587495,0.373170859,0.276676665,Simulated Portfolio
0.18097396,0.198223852,0.812081684,0.365348361,0.05364157,0.09777559,0.483234479,Simulated Portfolio
0.19063749,0.204694046,0.833622145,0.487284718,0.064679183,0.2339116,0.214124499,Simulated Portfolio
0.156429546,0.2173525,0.627687953,0.003096099,0.104261105,0.325321262,0.567321534,Simulated Portfolio
0.28553479,0.196854003,1.348892003,0.375104426,0.231283828,0.08458462,0.309027127,Simulated Portfolio
0.3308082,0.214946331,1.445980487,0.220084016,0.362745248,0.291818576,0.125352161,Simulated Portfolio
0.254550016,0.195269453,1.201160818,0.291532816,0.21401593,0.260560407,0.233890848,Simulated Portfolio
0.322584725,0.218721922,1.383422033,0.204118737,0.360510522,0.36734257,0.06802817,Simulated Portfolio
0.220826105,0.203111277,0.988749162,0.198118844,0.194105271,0.439145215,0.16863067,Simulated Portfolio
0.26753921,0.195307,1.267436448,0.24391951,0.227034951,0.110466439,0.418579101,Simulated Portfolio
0.215361888,0.192584711,1.014420548,0.257427687,0.142994898,0.182877554,0.41669986,Simulated Portfolio
0.234755195,0.19996732,1.073951458,0.171563506,0.210536018,0.335513397,0.282387078,Simulated Portfolio
0.368567963,0.22912276,1.521315312,0.093611735,0.429484599,0.113069931,0.363833735,Simulated Portfolio
0.348435551,0.228931252,1.434647072,0.053227441,0.407614176,0.160002926,0.379155457,Simulated Portfolio
0.290837569,0.21585941,1.25469429,0.07902782,0.320696754,0.304854249,0.295421177,Simulated Portfolio
0.162079017,0.199270739,0.712994883,0.383995686,0.036667623,0.256305687,0.323031004,Simulated Portfolio
0.285397736,0.196065409,1.353618354,0.290535461,0.247396356,0.093033027,0.369035155,Simulated Portfolio
0.153045566,0.204196923,0.651555194,0.147089402,0.056586728,0.19500782,0.60131605,Simulated Portfolio
0.262685643,0.194259813,1.249283828,0.305525184,0.217665937,0.195069039,0.281739839,Simulated Portfolio
0.341567645,0.210093355,1.530594077,0.260307828,0.358919202,0.166093885,0.214679084,Simulated Portfolio
0.297637276,0.198921982,1.395709378,0.281898124,0.278675005,0.163738908,0.275687964,Simulated Portfolio
0.384843729,0.218306478,1.671245547,0.316819859,0.405286997,0.014313353,0.263579792,Simulated Portfolio
0.297678432,0.200272288,1.38650452,0.418506884,0.240889649,0.055164389,0.285439078,Simulated Portfolio
0.337953436,0.206299148,1.541225156,0.276732541,0.338601646,0.074171753,0.310494061,Simulated Portfolio
0.233188966,0.192546542,1.107207453,0.26807847,0.174678195,0.205720707,0.351522628,Simulated Portfolio
0.27490958,0.195198015,1.305902517,0.296871521,0.223772712,0.057210303,0.422145464,Simulated Portfolio
0.169113608,0.202496701,0.736375489,0.415063819,0.024811226,0.103691815,0.45643314,Simulated Portfolio
0.235236664,0.205457844,1.047595265,0.252678748,0.211989352,0.462610952,0.072720947,Simulated Portfolio
0.172152343,0.196291457,0.775134819,0.242009021,0.071791492,0.189511294,0.496688193,Simulated Portfolio
0.399304865,0.224007195,1.693270899,0.301428379,0.436106317,0.03916026,0.223305044,Simulated Portfolio
0.401599235,0.253727169,1.503974667,0.060111792,0.514623823,0.294590454,0.130673931,Simulated Portfolio
0.284668509,0.196735421,1.345301768,0.267086624,0.257052996,0.148334799,0.32752558,Simulated Portfolio
0.348060566,0.208870033,1.57064449,0.30357025,0.353859856,0.095962297,0.246607598,Simulated Portfolio
0.127685547,0.214402362,0.502259145,0.20241601,0.052260616,0.606397366,0.138926008,Simulated Portfolio
0.233490843,0.206470061,1.034003874,0.521876265,0.127345922,0.19041871,0.160359103,Simulated Portfolio
0.184831231,0.194218183,0.848691036,0.278486476,0.099208908,0.289716263,0.332588354,Simulated Portfolio
0.249284526,0.204955147,1.118705874,0.119550104,0.243130809,0.319045225,0.318273863,Simulated Portfolio
0.330324365,0.226394156,1.370726039,0.624810127,0.255269653,0.015915727,0.104004492,Simulated Portfolio
0.445833294,0.244375321,1.742538046,0.442647334,0.490489395,0.034518717,0.032344554,Simulated Portfolio
0.204115632,0.220607285,0.834585457,0.156821613,0.196297662,0.635144061,0.011736665,Simulated Portfolio
0.215754781,0.196332548,0.997057204,0.196867855,0.169898962,0.309315451,0.323917732,Simulated Portfolio
0.332786961,0.211077334,1.481859542,0.283343508,0.349337805,0.247325429,0.119993257,Simulated Portfolio
0.164546323,0.205371162,0.7038297,0.268757387,0.092921986,0.514171077,0.124149549,Simulated Portfolio
0.328059483,0.211957987,1.4533988,0.199294166,0.35519377,0.237394929,0.208117135,Simulated Portfolio
0.211066318,0.201785777,0.94687703,0.414445419,0.128296988,0.358725521,0.098532072,Simulated Portfolio
0.366164537,0.237756461,1.455962689,0.041095133,0.446544949,0.210107311,0.302252607,Simulated Portfolio
0.13532789,0.20368815,0.566198328,0.229185369,0.041361186,0.446531657,0.282921788,Simulated Portfolio
0.28245241,0.198789053,1.32025585,0.331534063,0.252377238,0.238268498,0.177820201,Simulated Portfolio
0.188335409,0.197675635,0.851573887,0.214838003,0.127440832,0.377855444,0.279865721,Simulated Portfolio
0.168926545,0.201707921,0.738327697,0.415702168,0.050450258,0.319975644,0.21387193,Simulated Portfolio
0.306976559,0.212935645,1.347714983,0.280123403,0.320529238,0.374109788,0.02523757,Simulated Portfolio
0.188270179,0.206541258,0.814704921,0.094899453,0.152781779,0.408630929,0.343687839,Simulated Portfolio
0.325307811,0.229020631,1.333101784,0.016936896,0.381259251,0.218901291,0.382902563,Simulated Portfolio
0.277050559,0.207209212,1.240536347,0.265972669,0.273717957,0.394239834,0.06606954,Simulated Portfolio
0.346258948,0.21039249,1.550715751,0.3399931,0.351327957,0.155590737,0.153088206,Simulated Portfolio
0.247661886,0.204772586,1.111779126,0.107117641,0.216425557,0.102167506,0.574289295,Simulated Portfolio
0.297054255,0.204801326,1.352795217,0.173117762,0.302627268,0.207207337,0.317047634,Simulated Portfolio
0.26822236,0.199918603,1.24161712,0.182963906,0.254742841,0.238808755,0.323484497,Simulated Portfolio
0.387595655,0.227957028,1.612565569,0.341714415,0.429679968,0.214538035,0.014067581,Simulated Portfolio
0.249591259,0.194407295,1.180980675,0.275892539,0.206793835,0.248339668,0.268973959,Simulated Portfolio
0.192135509,0.203143917,0.847357436,0.101875517,0.137284976,0.235102799,0.525736707,Simulated Portfolio
0.372315076,0.21838951,1.613241758,0.421507854,0.374125422,0.093141039,0.111225686,Simulated Portfolio
0.328762155,0.20714821,1.490537398,0.255904335,0.339153338,0.179388108,0.225554219,Simulated Portfolio
0.275756501,0.214839384,1.190454451,0.216974368,0.289891526,0.473285595,0.01984851,Simulated Portfolio
0.20678327,0.194612271,0.959771286,0.381972385,0.106410709,0.18987777,0.321739135,Simulated Portfolio
0.286705953,0.196172208,1.35955014,0.318099604,0.248057708,0.121178979,0.312663709,Simulated Portfolio
0.130523178,0.202536895,0.545694047,0.28053684,0.017326194,0.393382726,0.308754241,Simulated Portfolio
0.185628881,0.202856415,0.816483332,0.342071733,0.108758577,0.453065562,0.096104129,Simulated Portfolio
0.293945857,0.22513416,1.216811595,0.011608155,0.338334606,0.30514469,0.344912549,Simulated Portfolio
0.263792416,0.201579143,1.209412897,0.465223547,0.188499037,0.177388547,0.168888869,Simulated Portfolio
0.222809472,0.209638526,0.967424625,0.049631467,0.207875858,0.301627311,0.440865364,Simulated Portfolio
0.144618548,0.201626209,0.61806721,0.290461408,0.043131659,0.41996078,0.246446153,Simulated Portfolio
0.184696473,0.197611165,0.833437087,0.403356626,0.064715269,0.193318311,0.338609794,Simulated Portfolio
0.289169937,0.197364615,1.363820647,0.341690278,0.252299891,0.156455667,0.249554164,Simulated Portfolio
0.129816784,0.204692836,0.536495492,0.353974785,0.001610511,0.383599207,0.260815496,Simulated Portfolio
0.269554583,0.194329871,1.284180255,0.292763077,0.226090671,0.14713718,0.334009072,Simulated Portfolio
0.355013546,0.215118691,1.557342807,0.269989641,0.383441101,0.190985853,0.155583405,Simulated Portfolio
0.190119378,0.195006096,0.872379793,0.214966645,0.117935056,0.273600456,0.393497843,Simulated Portfolio
0.154644831,0.201455152,0.668361317,0.374797652,0.012844784,0.151630675,0.460726889,Simulated Portfolio
0.309637519,0.199730018,1.45014516,0.337314193,0.272745589,0.025597644,0.364342574,Simulated Portfolio
0.117984872,0.222227312,0.440921823,0.146639005,0.053660385,0.673415041,0.12628557,Simulated Portfolio
0.265225594,0.207796453,1.18012406,0.113451633,0.271520654,0.316468316,0.298559397,Simulated Portfolio
0.220670128,0.198828882,1.009260458,0.150003131,0.183632649,0.282187499,0.384176721,Simulated Portfolio
0.233425253,0.19292316,1.106270772,0.296708312,0.174042904,0.240104487,0.289144297,Simulated Portfolio
0.171105113,0.206310775,0.732415029,0.481940306,0.033770425,0.249952621,0.234336649,Simulated Portfolio
0.265967036,0.204140604,1.204890313,0.254390693,0.2552203,0.382537472,0.107851536,Simulated Portfolio
0.281705298,0.195815109,1.336491851,0.295799143,0.236067398,0.060000773,0.408132685,Simulated Portfolio
0.31142246,0.204216476,1.42702717,0.198240683,0.309979485,0.099676221,0.392103611,Simulated Portfolio
0.181948681,0.195323513,0.829130499,0.289414861,0.074850474,0.145513039,0.490221626,Simulated Portfolio
0.240489917,0.207736561,1.061391967,0.082689614,0.234989178,0.322363731,0.359957477,Simulated Portfolio
0.29593046,0.218843616,1.260856795,0.089778947,0.334031402,0.358493199,0.217696451,Simulated Portfolio
0.215016361,0.197499929,0.987424969,0.26487513,0.164801311,0.379887855,0.190435704,Simulated Portfolio
0.195531469,0.200572757,0.875151103,0.44259917,0.06502873,0.099364824,0.393007276,Simulated Portfolio
0.288101301,0.203683991,1.316261036,0.216528784,0.289015285,0.288118532,0.206337399,Simulated Portfolio
0.267587928,0.203439868,1.217007903,0.167425039,0.264836049,0.308262919,0.259475993,Simulated Portfolio
0.219145121,0.193613574,1.028570036,0.264623776,0.160344518,0.283272158,0.291759547,Simulated Portfolio
0.261019093,0.194251917,1.240755282,0.28462906,0.219155553,0.199932054,0.296283333,Simulated Portfolio
0.245148991,0.196171342,1.147716016,0.355352943,0.188093095,0.276488831,0.180065131,Simulated Portfolio
0.255940186,0.195629919,1.206053691,0.403002036,0.176583742,0.09775035,0.322663871,Simulated Portfolio
0.249937406,0.193520921,1.188178546,0.259110284,0.203612834,0.191756297,0.345520585,Simulated Portfolio
0.480041851,0.257713095,1.785093039,0.31459869,0.572555379,0.031495573,0.081350357,Simulated Portfolio
0.295576473,0.203200106,1.35618272,0.213128293,0.296777495,0.240063707,0.250030506,Simulated Portfolio
0.300170896,0.207786005,1.348362687,0.293552165,0.301287163,0.332421396,0.072739277,Simulated Portfolio
0.322620552,0.206165163,1.467854934,0.216708753,0.33138754,0.144224497,0.30767921,Simulated Portfolio
0.173570856,0.210601408,0.729201469,0.41002953,0.080700331,0.495650458,0.013619681,Simulated Portfolio
0.254867493,0.244378874,0.961079365,0.75387268,0.11342089,0.11683973,0.015866699,Simulated Portfolio
0.155151543,0.207596361,0.651030403,0.102604484,0.096631015,0.429999208,0.370765294,Simulated Portfolio
0.25521542,0.209573221,1.122354368,0.069098634,0.256670895,0.270339125,0.403891347,Simulated Portfolio
0.326975006,0.227467813,1.349531618,0.026547805,0.358060375,0.017015001,0.598376819,Simulated Portfolio
0.320024991,0.210129581,1.427809399,0.14721594,0.333851509,0.097440832,0.421491719,Simulated Portfolio
0.4422609,0.243670033,1.732920925,0.214750818,0.522758505,0.010789853,0.251700823,Simulated Portfolio
0.21595092,0.194722887,1.006306568,0.257653579,0.160243948,0.317816433,0.26428604,Simulated Portfolio
0.174572489,0.199698103,0.774030832,0.162953156,0.109722311,0.350486788,0.376837745,Simulated Portfolio
0.289711645,0.210128016,1.28355871,0.111332116,0.306731336,0.253765342,0.328171207,Simulated Portfolio
0.272483301,0.209029424,1.207884022,0.211008144,0.278251163,0.4147677,0.095972994,Simulated Portfolio
0.277301332,0.195538222,1.315862083,0.279909972,0.242990359,0.156753546,0.320346123,Simulated Portfolio
0.306633507,0.202307505,1.416820928,0.346746575,0.287107205,0.202015466,0.164130755,Simulated Portfolio
0.293444905,0.209701495,1.303972132,0.152278944,0.312234986,0.30737645,0.228109619,Simulated Portfolio
0.200576859,0.197510027,0.914266793,0.322999531,0.128791957,0.37593541,0.172273103,Simulated Portfolio
0.310544566,0.207193701,1.402284745,0.307685638,0.310967475,0.285023984,0.096322902,Simulated Portfolio
0.284894168,0.197609689,1.3404918,0.272521173,0.262075807,0.194922833,0.270480187,Simulated Portfolio
0.416539845,0.250339351,1.584009238,0.059213118,0.518093826,0.107520806,0.31517225,Simulated Portfolio
0.133301599,0.202435517,0.559692294,0.202127306,0.02315888,0.28397903,0.490734784,Simulated Portfolio
0.274768201,0.221423201,1.150593976,0.115944039,0.308426763,0.489298265,0.086330933,Simulated Portfolio
0.222966099,0.195373916,1.038859755,0.267015569,0.171933932,0.328129104,0.232921395,Simulated Portfolio
0.240221432,0.193309811,1.139214981,0.3501254,0.171059472,0.198103339,0.280711789,Simulated Portfolio
0.277784253,0.20203932,1.275911311,0.278759896,0.263944612,0.321876323,0.135419169,Simulated Portfolio
0.296753272,0.204805599,1.35129739,0.427217706,0.257467178,0.219029774,0.096285343,Simulated Portfolio
0.179802474,0.19739133,0.809571898,0.182595469,0.100753347,0.230549379,0.486101805,Simulated Portfolio
0.211912589,0.199102292,0.963889399,0.140876043,0.168269412,0.266778179,0.424076366,Simulated Portfolio
0.262115188,0.213258497,1.135313206,0.16587759,0.274794494,0.467097371,0.092230545,Simulated Portfolio
0.273392496,0.198209586,1.278406869,0.198194038,0.249095662,0.140646246,0.412064053,Simulated Portfolio
0.34108747,0.209645056,1.53157664,0.232933112,0.35788559,0.12325746,0.285923838,Simulated Portfolio
0.191044819,0.197092132,0.867841941,0.388235338,0.06965294,0.120393318,0.421718404,Simulated Portfolio
0.311865741,0.21652998,1.347923001,0.103829145,0.348016478,0.266826231,0.281328146,Simulated Portfolio
0.507865501,0.271679398,1.795739776,0.281303626,0.625578469,0.021731525,0.07138638,Simulated Portfolio
0.408481852,0.237214045,1.63768487,0.275400473,0.478803371,0.222386528,0.023409628,Simulated Portfolio
0.296483882,0.221628077,1.247512886,0.12375859,0.338055789,0.435012648,0.103172972,Simulated Portfolio
0.259774388,0.19617802,1.222228604,0.240207495,0.230461655,0.244781814,0.284549035,Simulated Portfolio
0.347223442,0.207765876,1.574962398,0.315357268,0.34517734,0.053693509,0.285771883,Simulated Portfolio
0.458486292,0.253322916,1.730938117,0.254067277,0.556265224,0.114849253,0.074818246,Simulated Portfolio
0.152975974,0.209529026,0.634642257,0.070183851,0.081124271,0.283882864,0.564809014,Simulated Portfolio
0.312661389,0.20026762,1.461351508,0.350628253,0.279440493,0.057727138,0.312204116,Simulated Portfolio
0.171229509,0.200292932,0.755041669,0.416555249,0.046807031,0.257980123,0.278657597,Simulated Portfolio
0.219329538,0.195051028,1.021935335,0.208999231,0.170005314,0.277115447,0.343880007,Simulated Portfolio
0.364893257,0.213021744,1.619051889,0.369352661,0.365747867,0.051798676,0.213100796,Simulated Portfolio
0.230955093,0.195566613,1.078686644,0.282870769,0.18210278,0.321607952,0.213418499,Simulated Portfolio
0.188533592,0.195956107,0.860057872,0.249803849,0.090609819,0.122121571,0.537464761,Simulated Portfolio
0.132670927,0.206774056,0.544898762,0.229519171,0.043744112,0.50494152,0.221795196,Simulated Portfolio
0.29621789,0.217370398,1.270724497,0.201250445,0.324009609,0.438847564,0.035892382,Simulated Portfolio
0.208474522,0.194531669,0.968862922,0.247693889,0.148535391,0.313072658,0.290698061,Simulated Portfolio
0.283536751,0.201237445,1.309581086,0.251910714,0.273907818,0.281552341,0.192629127,Simulated Portfolio
0.180015908,0.205246476,0.779628039,0.309827211,0.110831909,0.502364785,0.076976095,Simulated Portfolio
0.273192152,0.219362393,1.15421859,0.028555484,0.301814248,0.325695402,0.343934865,Simulated Portfolio
0.314553493,0.20255312,1.454203683,0.407253269,0.274776955,0.077021168,0.240948608,Simulated Portfolio
0.18256536,0.211263121,0.769492374,0.06468122,0.153327839,0.449628761,0.33236218,Simulated Portfolio
0.209245199,0.196416819,0.96348775,0.342377511,0.135671415,0.337676919,0.184274154,Simulated Portfolio
0.334536177,0.218386254,1.440274612,0.138750164,0.377896345,0.241668382,0.241685109,Simulated Portfolio
0.271315343,0.19484411,1.289827761,0.35619311,0.211051328,0.092495982,0.34025958,Simulated Portfolio
0.198209146,0.220028554,0.809936449,0.1533973,0.186667414,0.63492407,0.025011216,Simulated Portfolio
0.199446576,0.193381292,0.927941762,0.243859443,0.121576456,0.213333479,0.421230621,Simulated Portfolio
0.287907499,0.199460286,1.343162112,0.226114397,0.275067815,0.189638841,0.309178946,Simulated Portfolio
0.285951911,0.208673781,1.274486474,0.352707408,0.270611572,0.371088738,0.005592282,Simulated Portfolio
0.239105141,0.221387874,0.989688989,0.027302766,0.260124853,0.467434362,0.245138019,Simulated Portfolio
0.308639421,0.208478501,1.384504496,0.254701336,0.31983657,0.306269959,0.119192135,Simulated Portfolio
0.23446453,0.197188423,1.087612175,0.392157565,0.162908746,0.27635001,0.168583679,Simulated Portfolio
0.36481812,0.231272185,1.490962348,0.127777816,0.436321642,0.274977069,0.160923472,Simulated Portfolio
0.314818558,0.213314039,1.382086989,0.144113838,0.345160153,0.261312521,0.249413488,Simulated Portfolio
0.339450176,0.210848356,1.51507074,0.237813347,0.361129515,0.181004591,0.220052547,Simulated Portfolio
0.234351406,0.201216601,1.065276943,0.356174626,0.182132297,0.383305237,0.078387839,Simulated Portfolio
0.286045079,0.198157587,1.342593454,0.339556692,0.252868734,0.202828061,0.204746512,Simulated Portfolio
0.314923436,0.20680956,1.426062872,0.462585333,0.269319747,0.109642033,0.158452887,Simulated Portfolio
0.297168997,0.199946952,1.386212664,0.385077655,0.257839919,0.152795249,0.204287177,Simulated Portfolio
0.202353568,0.225330895,0.809270153,0.097614364,0.205747949,0.649799839,0.046837848,Simulated Portfolio
0.202658356,0.203993407,0.895413039,0.404573806,0.121711173,0.409973989,0.063741031,Simulated Portfolio
0.291581904,0.202094725,1.343834703,0.234602091,0.287762647,0.254933082,0.22270218,Simulated Portfolio
0.308917986,0.21885957,1.320106708,0.057359737,0.342432896,0.192971788,0.407235578,Simulated Portfolio
0.445366178,0.260368106,1.633710766,0.076566316,0.565011533,0.108875827,0.249546323,Simulated Portfolio
0.244549721,0.224191348,1.001598512,0.032416828,0.272763756,0.501778728,0.193040687,Simulated Portfolio
0.357182416,0.224516381,1.501816545,0.098432869,0.402965541,0.063839807,0.434761784,Simulated Portfolio
0.334299702,0.242826771,1.294337116,0.017227493,0.421003456,0.41986515,0.141903901,Simulated Portfolio
0.37963222,0.224034227,1.605255703,0.266050206,0.427196853,0.194511526,0.112241415,Simulated Portfolio
0.161326481,0.199487634,0.708447326,0.329308175,0.060458396,0.382196913,0.228036517,Simulated Portfolio
0.124466328,0.216724449,0.482023732,0.272165091,0.036789375,0.629170691,0.061874843,Simulated Portfolio
0.29642532,0.210885054,1.310786681,0.163722676,0.317991978,0.329539163,0.188746183,Simulated Portfolio
0.328021216,0.205443226,1.499300913,0.249747967,0.331822614,0.119971726,0.298457692,Simulated Portfolio
0.377265576,0.228558789,1.563123333,0.127909789,0.439287048,0.121065438,0.311737726,Simulated Portfolio
0.23311797,0.19532309,1.091104846,0.241092204,0.190740817,0.299382282,0.268784697,Simulated Portfolio
0.319114688,0.225095902,1.328832222,0.031959058,0.366862191,0.210996914,0.390181837,Simulated Portfolio
0.362978118,0.212301015,1.615527453,0.329896316,0.371003537,0.063559284,0.235540863,Simulated Portfolio
0.232750035,0.20115888,1.057621892,0.16077575,0.21090997,0.351182803,0.277131477,Simulated Portfolio
0.191256488,0.20494424,0.835624792,0.411273269,0.101790743,0.418528259,0.068407729,Simulated Portfolio
0.390989171,0.231573943,1.602033312,0.223937937,0.457801146,0.221966153,0.096294764,Simulated Portfolio
0.261356341,0.195020318,1.237595876,0.298715032,0.196625784,0.029416842,0.475242343,Simulated Portfolio
0.280625246,0.206678521,1.261017564,0.161152675,0.28939521,0.315342735,0.23410938,Simulated Portfolio
0.39329565,0.23313373,1.601208244,0.123476396,0.460001194,0.056055368,0.360467042,Simulated Portfolio
0.256970939,0.20173606,1.174658312,0.377477527,0.211551561,0.334583348,0.076387564,Simulated Portfolio
0.364062631,0.223672745,1.5382412,0.159174594,0.418790764,0.187635198,0.234399444,Simulated Portfolio
0.287956691,0.200986921,1.333204615,0.201248709,0.280822394,0.199272976,0.318655921,Simulated Portfolio
0.199451162,0.193697179,0.926452117,0.317034566,0.116194232,0.278648536,0.288122666,Simulated Portfolio
0.1300041,0.208620443,0.527293004,0.227319988,0.042726192,0.531479592,0.198474227,Simulated Portfolio
0.246342068,0.206143129,1.097985017,0.275462667,0.225710845,0.451229945,0.047596543,Simulated Portfolio
0.144052,0.208905729,0.593818087,0.307494872,0.053264402,0.537740644,0.101500082,Simulated Portfolio
0.310400189,0.216281216,1.342697231,0.117991136,0.346626134,0.29762827,0.23775446,Simulated Portfolio
0.242653988,0.199493021,1.116099135,0.237922844,0.215603067,0.363908078,0.18256601,Simulated Portfolio
0.264315811,0.196155199,1.245522996,0.273782927,0.232660837,0.248301768,0.245254468,Simulated Portfolio
0.30586094,0.20153463,1.418420943,0.271964587,0.2978608,0.189857857,0.240316756,Simulated Portfolio
0.30731532,0.209887726,1.368900055,0.376809785,0.295749177,0.309099469,0.018341569,Simulated Portfolio
0.418962546,0.249847444,1.596824606,0.143355372,0.523589872,0.244828292,0.088226464,Simulated Portfolio
0.297767647,0.206372855,1.345950497,0.193030626,0.308532048,0.275875912,0.222561415,Simulated Portfolio
0.333562462,0.214816104,1.459678566,0.133789391,0.350990937,0.025047934,0.490171738,Simulated Portfolio
0.23010407,0.19685445,1.067306685,0.39879117,0.124819471,0.033030081,0.443359278,Simulated Portfolio
0.164478259,0.197042239,0.733234965,0.22176284,0.07607612,0.304780109,0.397380931,Simulated Portfolio
0.294476864,0.203587869,1.348198522,0.187441063,0.296758181,0.217069534,0.298731222,Simulated Portfolio
0.271219378,0.206320538,1.217616923,0.13182466,0.242144152,0.014406097,0.611625091,Simulated Portfolio
0.308270963,0.213488591,1.350287443,0.548120513,0.238044977,0.07437245,0.139462059,Simulated Portfolio
0.340285349,0.222765527,1.437768911,0.135289796,0.393582837,0.284023515,0.187103852,Simulated Portfolio
0.2572892,0.197230257,1.203107498,0.428755502,0.175751005,0.110196947,0.285296545,Simulated Portfolio
0.26904847,0.203362452,1.224653161,0.338798905,0.241765398,0.353617085,0.065818611,Simulated Portfolio
0.365660274,0.232066316,1.489489214,0.12616769,0.438718299,0.28034251,0.154771501,Simulated Portfolio
0.298406056,0.216971838,1.283143742,0.067482105,0.330139515,0.257151134,0.345227247,Simulated Portfolio
0.180137887,0.200050472,0.800487424,0.392216371,0.077457416,0.347692579,0.182633634,Simulated Portfolio
0.180650423,0.194488273,0.826015989,0.319991984,0.079273282,0.246805066,0.353929668,Simulated Portfolio
0.214533209,0.197297782,0.985987811,0.427795148,0.103611785,0.124296002,0.344297065,Simulated Portfolio
0.184898657,0.201873672,0.816840825,0.439807372,0.046724442,0.096011496,0.41745669,Simulated Portfolio
0.366415931,0.218023834,1.588890189,0.324651892,0.392265886,0.182659095,0.100423127,Simulated Portfolio
0.254074685,0.197737089,1.183767224,0.403655239,0.189642239,0.233816021,0.1728865,Simulated Portfolio
0.195767125,0.196314966,0.895332275,0.331068198,0.115344108,0.345587952,0.207999742,Simulated Portfolio
0.535138996,0.295508233,1.743230607,0.125271654,0.702086191,0.030102075,0.14254008,Simulated Portfolio
0.372044334,0.221701357,1.587921425,0.167295163,0.409921242,0.011694143,0.411089451,Simulated Portfolio
0.3415117,0.22174588,1.449910592,0.123474176,0.392387424,0.238738256,0.245400144,Simulated Portfolio
0.145218116,0.209607064,0.597394541,0.462922251,0.003239088,0.339796573,0.194042088,Simulated Portfolio
0.268088442,0.212742395,1.166144816,0.107233113,0.286215372,0.387889199,0.218662317,Simulated Portfolio
0.15561277,0.200271251,0.67714547,0.301057464,0.025262865,0.129856049,0.543823622,Simulated Portfolio
0.211610692,0.202963689,0.944063903,0.482195025,0.082732806,0.074882857,0.360189311,Simulated Portfolio
0.426450985,0.234486574,1.733365705,0.41294587,0.459970392,0.015016943,0.112066795,Simulated Portfolio
0.272458751,0.203486812,1.240663946,0.135213981,0.265922861,0.198918492,0.399944666,Simulated Portfolio
0.301052464,0.202294653,1.389322259,0.42647255,0.25468073,0.1330779,0.18576882,Simulated Portfolio
0.320971237,0.2296928,1.31032073,0.016623818,0.379989066,0.270154935,0.33323218,Simulated Portfolio
0.275050345,0.215082239,1.185827087,0.045596481,0.27325883,0.087813393,0.593331297,Simulated Portfolio
0.226834644,0.196387391,1.053197166,0.30501793,0.133045392,0.007202323,0.554734355,Simulated Portfolio
0.2534355,0.193717381,1.205031264,0.347613309,0.192011714,0.178385032,0.281989945,Simulated Portfolio
0.37922621,0.229524147,1.56509114,0.184933778,0.445400377,0.229353895,0.14031195,Simulated Portfolio
0.384532043,0.219733158,1.65897603,0.347383348,0.406904306,0.078153479,0.167558867,Simulated Portfolio
0.102817148,0.220886523,0.374930743,0.035879835,0.012130059,0.380212977,0.57177713,Simulated Portfolio
0.321209197,0.211911585,1.42139089,0.27063403,0.339044157,0.309063846,0.081257967,Simulated Portfolio
0.43297449,0.23613664,1.748879335,0.338913187,0.485444068,0.021320398,0.154322348,Simulated Portfolio
0.383845532,0.224101605,1.623573967,0.361871834,0.414337023,0.171436449,0.052354694,Simulated Portfolio
0.283012574,0.209843248,1.253376394,0.136131578,0.299757961,0.329393492,0.234716969,Simulated Portfolio
0.147335471,0.20779646,0.612789415,0.431969878,0.018053006,0.38572153,0.164255586,Simulated Portfolio
0.216046501,0.198385631,0.988209175,0.243360722,0.171764001,0.39049703,0.194378247,Simulated Portfolio
0.362633316,0.213474665,1.605030348,0.388236927,0.361370985,0.076336434,0.174055654,Simulated Portfolio
0.320006833,0.222246186,1.349885183,0.056988655,0.364955942,0.22001107,0.358044332,Simulated Portfolio
0.33877872,0.208689844,1.527523881,0.22506866,0.350271571,0.081431985,0.343227784,Simulated Portfolio
0.306115901,0.203815251,1.403800252,0.352830589,0.288803168,0.232659405,0.125706838,Simulated Portfolio
0.333838472,0.205106648,1.530123353,0.380843959,0.30874403,0.042154609,0.268257401,Simulated Portfolio
0.284194272,0.201061219,1.313999154,0.258913043,0.273408443,0.278498943,0.189179571,Simulated Portfolio
0.328089202,0.210370156,1.464510024,0.283424034,0.342527667,0.258410402,0.115637897,Simulated Portfolio
0.142836524,0.212527371,0.577979784,0.425550719,0.022651548,0.478798369,0.072999365,Simulated Portfolio
0.190950475,0.19459984,0.878471817,0.302595558,0.086383875,0.131747363,0.479273204,Simulated Portfolio
0.287815007,0.198880562,1.346612278,0.298839364,0.265926901,0.224497924,0.210735811,Simulated Portfolio
0.339116483,0.215056785,1.483870802,0.510389104,0.297543934,0.068262317,0.123804645,Simulated Portfolio
0.316403664,0.214913397,1.379177232,0.138275985,0.350634443,0.275179798,0.235909773,Simulated Portfolio
0.345576837,0.216247348,1.505576089,0.357146058,0.359091727,0.255562183,0.028200032,Simulated Portfolio
0.183724657,0.195717952,0.836533674,0.320328861,0.070206595,0.127980872,0.481483672,Simulated Portfolio
0.320269924,0.204573025,1.467788454,0.417357271,0.28542168,0.098426201,0.198794848,Simulated Portfolio
0.198515692,0.203494952,0.877248748,0.110371882,0.161753837,0.359212607,0.368661674,Simulated Portfolio
0.195775062,0.206330612,0.851909758,0.482104079,0.049824453,0.029165811,0.438905656,Simulated Portfolio
0.184801049,0.200051203,0.823794341,0.137603422,0.123587536,0.280517537,0.458291505,Simulated Portfolio
0.273617992,0.194665784,1.302838059,0.290672971,0.230630094,0.123305689,0.355391246,Simulated Portfolio
0.281950293,0.201500133,1.300000598,0.22198284,0.275650752,0.273787191,0.228579218,Simulated Portfolio
0.202624607,0.202530889,0.901712367,0.189569591,0.165039712,0.44654745,0.198843246,Simulated Portfolio
0.1417458,0.217114099,0.560745715,0.016007883,0.080692489,0.360076115,0.543223513,Simulated Portfolio
0.273975864,0.195775675,1.297279984,0.378341767,0.213300426,0.10625325,0.302104558,Simulated Portfolio
0.163038907,0.224329603,0.637628317,0.046560423,0.144252386,0.627450985,0.181736206,Simulated Portfolio
0.322346907,0.205264215,1.472964522,0.330301381,0.315968849,0.191063727,0.162666043,Simulated Portfolio
0.388081259,0.221132733,1.664526341,0.32270454,0.418291684,0.084535834,0.174467942,Simulated Portfolio
0.284664073,0.198621717,1.332503194,0.330203091,0.254947614,0.225832858,0.189016437,Simulated Portfolio
0.260020882,0.19832942,1.2102132,0.302616631,0.227437905,0.309997354,0.15994811,Simulated Portfolio
0.263637991,0.195341477,1.247241472,0.377975581,0.20211292,0.161335838,0.258575661,Simulated Portfolio
0.177433731,0.216487458,0.727218715,0.550161264,0.006788579,0.037889712,0.405160445,Simulated Portfolio
0.274590259,0.19844057,1.282954683,0.218976732,0.257321458,0.222918129,0.300783681,Simulated Portfolio
0.251203796,0.201272045,1.148712905,0.33375279,0.213409905,0.367052454,0.085784851,Simulated Portfolio
0.278434943,0.221500998,1.166743921,0.629376082,0.162930413,0.001919247,0.205774258,Simulated Portfolio
0.301960223,0.200097461,1.409114449,0.402328317,0.249097347,0.037438692,0.311135643,Simulated Portfolio
0.182025097,0.209015014,0.775184011,0.18510167,0.14214281,0.545673417,0.127082103,Simulated Portfolio
0.289546396,0.208379493,1.293536096,0.267645798,0.29251308,0.373235222,0.066605901,Simulated Portfolio
0.208868249,0.19419322,0.972579005,0.296286017,0.140015034,0.309814216,0.253884733,Simulated Portfolio
0.361531316,0.229761207,1.486462057,0.175946218,0.427384919,0.320468516,0.076200346,Simulated Portfolio
0.251060607,0.192778866,1.198578512,0.295914208,0.194584195,0.156086074,0.353415522,Simulated Portfolio
0.213588959,0.214380343,0.903016368,0.01560296,0.202278687,0.336420836,0.445697518,Simulated Portfolio
0.241164506,0.197730995,1.118512075,0.19434679,0.212715306,0.29582579,0.297112114,Simulated Portfolio
0.288479482,0.2082089,1.289471688,0.488112524,0.231216334,0.211656317,0.069014824,Simulated Portfolio
0.299365756,0.205449591,1.35977762,0.179210674,0.307749164,0.22566128,0.287378882,Simulated Portfolio
0.184458728,0.196191323,0.83825689,0.365703957,0.081692683,0.280923801,0.271679559,Simulated Portfolio
0.276617659,0.195024219,1.315824568,0.340011369,0.224337672,0.102234175,0.333416784,Simulated Portfolio
0.16920415,0.207753386,0.718179147,0.461760168,0.048368347,0.367971826,0.121899659,Simulated Portfolio
0.24524074,0.20360364,1.106270691,0.414933973,0.186154598,0.348674523,0.050236907,Simulated Portfolio
0.269800331,0.19942411,1.252608479,0.301764466,0.243564111,0.302059406,0.152612017,Simulated Portfolio
0.275539012,0.212296205,1.203690908,0.084376926,0.293744076,0.308999402,0.312879596,Simulated Portfolio
0.178620466,0.200293493,0.791940181,0.162876664,0.094291158,0.164277428,0.57855475,Simulated Portfolio
0.268648644,0.200349406,1.241075029,0.194654785,0.257246261,0.271028178,0.277070776,Simulated Portfolio
0.322021487,0.227904833,1.325208784,0.113320651,0.381100588,0.409678759,0.095900002,Simulated Portfolio
0.43092025,0.237720809,1.728583425,0.331656052,0.490462591,0.081522676,0.096358681,Simulated Portfolio
0.157795395,0.19762464,0.697258171,0.252337036,0.063251761,0.340332477,0.344078726,Simulated Portfolio
0.319306848,0.201490589,1.485463163,0.338559734,0.295075888,0.073848473,0.292515905,Simulated Portfolio
0.212561004,0.200643917,0.959715135,0.126887715,0.161335028,0.178927062,0.532850195,Simulated Portfolio
0.202198783,0.197102233,0.924387207,0.173755101,0.149090134,0.296605266,0.380549499,Simulated Portfolio
0.201035472,0.213984838,0.846020092,0.020833296,0.183630048,0.369847329,0.425689327,Simulated Portfolio
0.208689263,0.197762135,0.954122298,0.206649043,0.127755918,0.075943364,0.589651675,Simulated Portfolio
0.210644013,0.222333892,0.857467171,0.001012098,0.217855202,0.485947609,0.295185091,Simulated Portfolio
0.212408682,0.201848719,0.953232117,0.196669451,0.17874217,0.430397483,0.194190897,Simulated Portfolio
0.196906339,0.19486053,0.907861322,0.338040255,0.110441981,0.29905911,0.252458654,Simulated Portfolio
0.188445483,0.20410884,0.825272844,0.452859203,0.044726964,0.048148169,0.454265664,Simulated Portfolio
0.243193793,0.20936055,1.066073779,0.079212881,0.209057345,0.063251033,0.64847874,Simulated Portfolio
0.418558979,0.245268217,1.624992361,0.213921565,0.510068529,0.244578382,0.031431524,Simulated Portfolio
0.420717252,0.246661037,1.624566477,0.11910193,0.518324656,0.139504302,0.223069112,Simulated Portfolio
0.232255513,0.207151523,1.024638922,0.123562546,0.22430376,0.413414534,0.23871916,Simulated Portfolio
0.146437428,0.21149671,0.597822199,0.470580957,0.008441232,0.376950386,0.144027425,Simulated Portfolio
0.198174623,0.194609536,0.915549295,0.250484146,0.130754737,0.317675178,0.301085939,Simulated Portfolio
0.317760535,0.218835611,1.360658503,0.168286404,0.358228111,0.36379869,0.109686794,Simulated Portfolio
0.252216676,0.204583489,1.135070468,0.455454237,0.184644481,0.296921337,0.062979946,Simulated Portfolio
0.255938914,0.196565513,1.200306761,0.372429172,0.199584188,0.242557639,0.185429,Simulated Portfolio
0.282100291,0.198906939,1.317703103,0.228804208,0.267151277,0.211398862,0.292645652,Simulated Portfolio
0.297913064,0.205312302,1.35361136,0.288167127,0.295053255,0.305038708,0.11174091,Simulated Portfolio
0.223441136,0.206605873,0.984682252,0.126999733,0.209863226,0.425364046,0.237772995,Simulated Portfolio
0.224068071,0.193509559,1.054563259,0.326394846,0.155201785,0.262816239,0.25558713,Simulated Portfolio
0.369955021,0.217591049,1.60831533,0.278160125,0.401778822,0.140845329,0.179215725,Simulated Portfolio
0.305659199,0.223640076,1.277316677,0.100420549,0.354434086,0.404031296,0.141114069,Simulated Portfolio
0.244926863,0.213584948,1.053102595,0.052062556,0.253645933,0.367346992,0.326944519,Simulated Portfolio
0.206312002,0.214251527,0.869594743,0.01868524,0.192209244,0.362016385,0.427089131,Simulated Portfolio
0.394144366,0.235888484,1.586106958,0.100175989,0.465176986,0.051764221,0.382882804,Simulated Portfolio
0.253725783,0.193274092,1.209297021,0.34131309,0.190208894,0.14979341,0.318684606,Simulated Portfolio
0.327588156,0.227269839,1.353405087,0.154481944,0.384086606,0.416410609,0.045020841,Simulated Portfolio
0.39455924,0.246363764,1.520350368,0.019584437,0.476775889,0.020834861,0.482804814,Simulated Portfolio
0.254314421,0.210296239,1.114211181,0.124239768,0.262222193,0.412218953,0.201319086,Simulated Portfolio
0.291283335,0.203919259,1.330346801,0.221171337,0.293084753,0.283165562,0.202578349,Simulated Portfolio
0.224230232,0.193947037,1.053020633,0.231818502,0.17221245,0.259371582,0.336597466,Simulated Portfolio
0.343353832,0.210979215,1.532633592,0.204173451,0.359803871,0.063389367,0.372633312,Simulated Portfolio
0.273067511,0.220622878,1.14705924,0.047208661,0.306739755,0.396379736,0.249671849,Simulated Portfolio
0.246819546,0.200754224,1.129836979,0.176745097,0.229799374,0.329861741,0.263593789,Simulated Portfolio
0.208380684,0.205993791,0.914496903,0.08150559,0.18138051,0.336958672,0.400155228,Simulated Portfolio
0.264350644,0.207884383,1.175416068,0.197284045,0.266692254,0.415026923,0.120996778,Simulated Portfolio
0.246396499,0.204614719,1.106452654,0.101378487,0.233781592,0.255648496,0.409191425,Simulated Portfolio
0.519503971,0.284342485,1.756698336,0.152389799,0.667884464,0.011687162,0.168038575,Simulated Portfolio
0.277456731,0.201456816,1.277974779,0.16756923,0.254432591,0.080515201,0.497482978,Simulated Portfolio
0.272443593,0.197429102,1.278654415,0.261940436,0.248520782,0.245344058,0.244194725,Simulated Portfolio
0.293354468,0.210194357,1.300484333,0.47085645,0.248943139,0.262741449,0.017458963,Simulated Portfolio
0.165029866,0.199700218,0.726237893,0.392464633,0.043811997,0.285926611,0.277796758,Simulated Portfolio
0.191720079,0.196450673,0.874112959,0.372536041,0.072989716,0.114768693,0.439705551,Simulated Portfolio
0.360406774,0.214775068,1.584945485,0.217934137,0.386116163,0.05747759,0.338472109,Simulated Portfolio
0.414463709,0.237490563,1.660965823,0.17328265,0.491780491,0.090599555,0.244337304,Simulated Portfolio
0.24742494,0.205763505,1.105273454,0.310635262,0.219771119,0.439304033,0.030289586,Simulated Portfolio
0.365550295,0.222982676,1.549673278,0.138859308,0.413402987,0.091049572,0.356688133,Simulated Portfolio
0.160665012,0.207823858,0.676847275,0.483956848,0.012631122,0.2275496,0.27586243,Simulated Portfolio
0.298245784,0.208202082,1.336421716,0.158790679,0.314178781,0.264363234,0.262667306,Simulated Portfolio
0.23137068,0.196376222,1.076355774,0.181387274,0.181179238,0.155401906,0.482031583,Simulated Portfolio
0.367611361,0.216901384,1.602623989,0.386941258,0.376468231,0.128130034,0.108460478,Simulated Portfolio
0.371918255,0.246867255,1.425536392,0.071808485,0.471112866,0.377435759,0.079642891,Simulated Portfolio
0.388683296,0.221045029,1.667910368,0.394829308,0.401505682,0.045116522,0.158548488,Simulated Portfolio
0.222087227,0.195263031,1.034948736,0.248086724,0.172940144,0.320632359,0.258340773,Simulated Portfolio
0.206368905,0.197665947,0.94284781,0.303729297,0.14338892,0.384868856,0.168012927,Simulated Portfolio
0.316950136,0.211250237,1.405679538,0.343993066,0.318388205,0.309193731,0.028424998,Simulated Portfolio
0.354075732,0.217271562,1.537595301,0.159741042,0.38524926,0.053687275,0.401322422,Simulated Portfolio
0.214358265,0.192503294,1.009636045,0.300401693,0.128722491,0.143528669,0.427347147,Simulated Portfolio
0.290533133,0.201262814,1.344178432,0.340529602,0.266631896,0.254002803,0.138835699,Simulated Portfolio
0.229886339,0.209035099,1.004072234,0.173635682,0.220165705,0.488393625,0.117804988,Simulated Portfolio
0.195577575,0.200666301,0.874972896,0.321416194,0.12707195,0.43106289,0.120448967,Simulated Portfolio
0.397513292,0.237004691,1.592851561,0.109204307,0.47478953,0.096693851,0.319312312,Simulated Portfolio
0.277446234,0.202559506,1.270965946,0.298374742,0.260850892,0.330562114,0.110212251,Simulated Portfolio
0.146542808,0.198747547,0.636701232,0.253718245,0.035161594,0.270991505,0.440128656,Simulated Portfolio
0.284795377,0.206595019,1.281712301,0.202887182,0.2920103,0.339909704,0.165192815,Simulated Portfolio
0.257822459,0.206124412,1.153781141,0.313421531,0.235228145,0.422413186,0.028937139,Simulated Portfolio
0.266151621,0.208670858,1.17961666,0.108111434,0.274648873,0.321088729,0.296150964,Simulated Portfolio
0.270629569,0.208031477,1.204767531,0.46923789,0.213535653,0.292907793,0.024318665,Simulated Portfolio
0.357765921,0.217954649,1.54970735,0.176645238,0.396711183,0.121183927,0.305459651,Simulated Portfolio
0.33199576,0.210119635,1.484848186,0.21089892,0.353498044,0.184267315,0.251335721,Simulated Portfolio
0.221414242,0.196823298,1.023325203,0.218771686,0.179467259,0.34035201,0.261409046,Simulated Portfolio
0.272912458,0.194787449,1.298402229,0.316243365,0.217557099,0.06345833,0.402741206,Simulated Portfolio
0.292447009,0.209722989,1.299080327,0.130860223,0.310637797,0.276253545,0.282248435,Simulated Portfolio
0.325953698,0.207988992,1.471009088,0.19004996,0.337293219,0.105269275,0.367387547,Simulated Portfolio
0.189738019,0.195117953,0.869925173,0.216693843,0.118650457,0.287605535,0.377050164,Simulated Portfolio
0.3509233,0.223494334,1.480678705,0.109950301,0.40368929,0.177018626,0.309341783,Simulated Portfolio
0.324304177,0.215372475,1.412920464,0.189076629,0.358737729,0.305338483,0.146847159,Simulated Portfolio
0.182637735,0.197427452,0.823784802,0.263534517,0.110080686,0.388892881,0.237491916,Simulated Portfolio
0.216870537,0.210486702,0.935311045,0.065810734,0.206654505,0.401086669,0.326448092,Simulated Portfolio
0.220123901,0.203944342,0.981267238,0.22738188,0.190435747,0.462790048,0.119392324,Simulated Portfolio
0.383379036,0.228732172,1.588666049,0.154541976,0.446732173,0.135084535,0.263641316,Simulated Portfolio
0.238175052,0.206433419,1.056878548,0.120116266,0.231483995,0.382797915,0.265601824,Simulated Portfolio
0.320369283,0.220449749,1.362529483,0.089086422,0.365671728,0.269002811,0.276239039,Simulated Portfolio
0.278961493,0.20112004,1.287596667,0.257529196,0.266990554,0.298316455,0.177163796,Simulated Portfolio
0.325404034,0.220189097,1.387007974,0.231420112,0.362590754,0.38516679,0.020822344,Simulated Portfolio
0.37139488,0.234528042,1.498306461,0.162913882,0.447119355,0.322935125,0.067031638,Simulated Portfolio
0.245672452,0.198833753,1.134980597,0.398857386,0.182132464,0.284947734,0.134062416,Simulated Portfolio
0.327293964,0.217053004,1.415755411,0.266690962,0.355267974,0.350331537,0.027709527,Simulated Portfolio
0.28697647,0.208193124,1.282350085,0.415652829,0.254667405,0.318784097,0.010895669,Simulated Portfolio
0.233194419,0.206918373,1.030331021,0.416200856,0.172480459,0.410117018,0.001201667,Simulated Portfolio
0.43998099,0.246347116,1.704834209,0.226648028,0.5300016,0.121480081,0.121870291,Simulated Portfolio
0.227440086,0.193146547,1.0740036,0.250559091,0.171930705,0.239128588,0.338381617,Simulated Portfolio
0.144995805,0.20616879,0.606278987,0.414856724,0.015698433,0.374053958,0.195390885,Simulated Portfolio
0.40298883,0.231573823,1.653851994,0.496091387,0.407946448,0.045401039,0.050561126,Simulated Portfolio
0.341514075,0.243958815,1.317903086,0.049919356,0.430952057,0.44795222,0.071176367,Simulated Portfolio
0.258678701,0.196429751,1.215084272,0.211027262,0.22976143,0.210832454,0.348378854,Simulated Portfolio
0.267237193,0.194919736,1.268405135,0.369716364,0.205172905,0.12262376,0.302486971,Simulated Portfolio
0.228289556,0.21200319,0.982483123,0.033406456,0.219536583,0.295266152,0.45179081,Simulated Portfolio
0.183522653,0.197797936,0.826715669,0.386889804,0.078122804,0.296608617,0.238378776,Simulated Portfolio
0.136594384,0.217052517,0.537171303,0.449433512,0.010285391,0.501763031,0.038518065,Simulated Portfolio
0.149420314,0.200676602,0.644919798,0.19945219,0.044199561,0.223048085,0.533300163,Simulated Portfolio
0.377111382,0.24928162,1.432562023,0.01609358,0.480188461,0.29438151,0.209336448,Simulated Portfolio
0.308151909,0.208212817,1.383929741,0.270660795,0.316320747,0.308105371,0.104913087,Simulated Portfolio
0.243590743,0.197387192,1.132752029,0.265950151,0.208352179,0.33246283,0.19323484,Simulated Portfolio
0.347482376,0.229179758,1.428932377,0.141034804,0.412687835,0.347784082,0.09849328,Simulated Portfolio
0.152381233,0.198476143,0.666988138,0.271282768,0.052217438,0.355032909,0.321466885,Simulated Portfolio
0.260726783,0.20469488,1.176027377,0.113892668,0.25466627,0.241936674,0.389504389,Simulated Portfolio
0.329180948,0.214094058,1.44413605,0.174934583,0.362271511,0.243369443,0.219424464,Simulated Portfolio
0.299227333,0.199470908,1.399839883,0.252751813,0.283784216,0.13946309,0.324000881,Simulated Portfolio
0.193672739,0.198511922,0.87487309,0.153599132,0.137195544,0.290057928,0.419147396,Simulated Portfolio
0.386125357,0.226263745,1.618135319,0.459510906,0.393970964,0.116599051,0.029919079,Simulated Portfolio
0.231647873,0.196499848,1.077089245,0.409647747,0.148792463,0.226010183,0.215549607,Simulated Portfolio
0.281565116,0.199155934,1.313368429,0.307271816,0.257438518,0.256504812,0.178784855,Simulated Portfolio
0.298516879,0.224267328,1.241896808,0.004669381,0.335090157,0.202179709,0.458060753,Simulated Portfolio
0.28051512,0.20275247,1.284892462,0.151132802,0.269996329,0.140973417,0.437897453,Simulated Portfolio
0.12477502,0.210310627,0.498191754,0.15116338,0.044912697,0.51018429,0.293739633,Simulated Portfolio
0.324736022,0.222750371,1.368060672,0.196884308,0.369746216,0.402176856,0.03119262,Simulated Portfolio
0.203944979,0.217166711,0.847021987,0.176644685,0.189432298,0.610459784,0.023463234,Simulated Portfolio
0.31488359,0.217329932,1.35684757,0.081084644,0.348704271,0.195007964,0.375203121,Simulated Portfolio
0.125692905,0.209020817,0.505657315,0.362075608,0.003016795,0.466646946,0.168260651,Simulated Portfolio
0.305357499,0.207660494,1.374154002,0.28213155,0.309884452,0.312090283,0.095893716,Simulated Portfolio
0.21056006,0.193237705,0.986143261,0.272107549,0.125605929,0.129670639,0.472615883,Simulated Portfolio
0.220289106,0.204600615,0.978927197,0.31732321,0.174636753,0.464615126,0.043424911,Simulated Portfolio
0.201085408,0.192833555,0.939076231,0.279419588,0.121953956,0.246400742,0.352225713,Simulated Portfolio
0.282021235,0.204549034,1.280970289,0.443261401,0.231816439,0.241918572,0.083003588,Simulated Portfolio
0.237156018,0.210537194,1.031437794,0.0748382,0.237530999,0.379503471,0.30812733,Simulated Portfolio
0.311045139,0.205960385,1.41311223,0.208262978,0.321351134,0.214473072,0.255912816,Simulated Portfolio
0.423341693,0.232952912,1.731430138,0.409184944,0.454534997,0.008922719,0.12735734,Simulated Portfolio
0.265891237,0.209553497,1.17340555,0.084016243,0.273418451,0.278395355,0.364169951,Simulated Portfolio
0.271216168,0.207124815,1.21287335,0.266665586,0.265202258,0.408418616,0.059713539,Simulated Portfolio
0.145295267,0.202365161,0.619154337,0.282187914,0.048430868,0.441755421,0.227625797,Simulated Portfolio
0.300099884,0.198002499,1.414628019,0.332802419,0.263464735,0.078771518,0.324961328,Simulated Portfolio
0.333078906,0.205695482,1.522050474,0.330854122,0.326972166,0.129075714,0.213097999,Simulated Portfolio
0.201327335,0.216861919,0.836141891,0.006422805,0.160968424,0.156045796,0.676562975,Simulated Portfolio
0.238348227,0.199677423,1.093504831,0.299910657,0.198769944,0.379316629,0.12200277,Simulated Portfolio
0.313936021,0.208285498,1.411216931,0.15592389,0.326147321,0.134055392,0.383873398,Simulated Portfolio
0.455992278,0.2749567,1.585676135,0.085062927,0.602820454,0.282665268,0.02945135,Simulated Portfolio
0.221427533,0.195776374,1.028865375,0.360956584,0.148518738,0.297262852,0.193261825,Simulated Portfolio
0.246700507,0.217452256,1.042530029,0.009925608,0.257886062,0.313696319,0.41849201,Simulated Portfolio
0.307022427,0.222322417,1.291018828,0.192587218,0.346135458,0.454207207,0.007070117,Simulated Portfolio
0.295613562,0.208203027,1.32377308,0.119797941,0.301961174,0.142200369,0.436040516,Simulated Portfolio
0.201325421,0.195394262,0.927997676,0.250994222,0.139004958,0.341630757,0.268370062,Simulated Portfolio
0.336664715,0.205395158,1.541734076,0.291343511,0.329952602,0.042909795,0.335794092,Simulated Portfolio
0.216718104,0.194542659,1.011182353,0.389157531,0.11941023,0.165861784,0.325570455,Simulated Portfolio
0.302602496,0.210104419,1.345057366,0.34448904,0.297560811,0.343190544,0.014759605,Simulated Portfolio
0.459621293,0.250506124,1.754932317,0.369087302,0.533012366,0.078638106,0.019262225,Simulated Portfolio
0.297328223,0.20752105,1.336385985,0.325157112,0.290752551,0.33338133,0.050709007,Simulated Portfolio
0.3725336,0.21859374,1.612734202,0.262767366,0.408189998,0.133853966,0.19518867,Simulated Portfolio
0.180568463,0.19550849,0.821286397,0.314377278,0.08884891,0.318955948,0.277817864,Simulated Portfolio
0.214819185,0.19657605,0.991062668,0.186080892,0.168943194,0.298602609,0.346373306,Simulated Portfolio
0.327990134,0.226720995,1.358454403,0.026339014,0.367938786,0.084054303,0.521667897,Simulated Portfolio
0.302053948,0.203924197,1.383131341,0.464788491,0.238507908,0.04217783,0.254525771,Simulated Portfolio
0.331296374,0.203877017,1.52688311,0.328740024,0.315687842,0.057901301,0.297670834,Simulated Portfolio
0.2721639,0.195531987,1.289629919,0.248616912,0.236572171,0.130231289,0.384579628,Simulated Portfolio
0.321148553,0.212225889,1.419000078,0.16094403,0.349226386,0.229462633,0.26036695,Simulated Portfolio
0.118190305,0.212732071,0.461567943,0.103589025,0.037472337,0.471483865,0.387454773,Simulated Portfolio
0.499368226,0.289736379,1.654497883,0.024649399,0.662496206,0.06402391,0.248830485,Simulated Portfolio
0.168906028,0.199608485,0.745990469,0.228767664,0.096092679,0.417752165,0.257387492,Simulated Portfolio
0.261962065,0.201184773,1.202685777,0.399618238,0.211203417,0.293328659,0.095849685,Simulated Portfolio
0.231462479,0.200921427,1.052463554,0.177028934,0.16657321,0.026395476,0.63000238,Simulated Portfolio
0.354360391,0.230041098,1.453481115,0.062495004,0.418403354,0.17835635,0.340745292,Simulated Portfolio
0.135202523,0.204938158,0.562133105,0.171134712,0.049739549,0.430538822,0.348586917,Simulated Portfolio
0.321777541,0.208730265,1.445777595,0.233532596,0.338448567,0.240182868,0.187835969,Simulated Portfolio
0.155200669,0.203367824,0.664808553,0.352737231,0.051699319,0.432724776,0.162838674,Simulated Portfolio
0.148862684,0.202253202,0.637135446,0.289463569,0.053579487,0.444178493,0.212778451,Simulated Portfolio
0.279271877,0.201484298,1.286809343,0.379058103,0.242216544,0.271114393,0.10761096,Simulated Portfolio
0.295590289,0.233520728,1.180153434,0.031929329,0.357633551,0.472145661,0.138291459,Simulated Portfolio
0.380474244,0.256553591,1.405064114,0.057667376,0.49491131,0.430712772,0.016708542,Simulated Portfolio
0.210298154,0.209260355,0.909384647,0.536354525,0.087992683,0.218778206,0.156874586,Simulated Portfolio
0.2694383,0.20784126,1.200138513,0.116062916,0.277132319,0.306454622,0.300350143,Simulated Portfolio
0.459695839,0.287037266,1.531842343,0.015630252,0.62617857,0.318824292,0.039366886,Simulated Portfolio
0.299500942,0.2192708,1.274683823,0.039229411,0.316798018,0.088306075,0.555666497,Simulated Portfolio
0.344286856,0.233618225,1.388105985,0.129234141,0.415994496,0.403342725,0.051428638,Simulated Portfolio
0.299765961,0.20464531,1.367077315,0.476781967,0.22959467,0.019135468,0.274487895,Simulated Portfolio
0.206191035,0.195669366,0.95155945,0.312843274,0.136226695,0.34172508,0.209204952,Simulated Portfolio
0.345310035,0.213881221,1.520984564,0.442722324,0.33004402,0.147147774,0.080085882,Simulated Portfolio
0.264906348,0.197017526,1.243068844,0.227417667,0.240505528,0.23517389,0.296902915,Simulated Portfolio
0.2542859,0.205119264,1.142193545,0.14648358,0.251283716,0.355353176,0.246879528,Simulated Portfolio
0.273492645,0.20490633,1.237114755,0.260913154,0.266025158,0.37391202,0.099149668,Simulated Portfolio
0.17112017,0.216317721,0.69860282,0.005848812,0.135406961,0.376861371,0.481882856,Simulated Portfolio
0.354016393,0.234854348,1.422227844,0.016050017,0.417116401,0.102791696,0.464041885,Simulated Portfolio
0.243445109,0.20271622,1.102255699,0.465493318,0.162646388,0.255503205,0.116357089,Simulated Portfolio
0.284333882,0.20791562,1.271351725,0.158335464,0.296902587,0.320126243,0.224635706,Simulated Portfolio
0.582815295,0.330038136,1.705303821,0.043059987,0.801259379,0.044522426,0.111158207,Simulated Portfolio
0.347854088,0.208717875,1.570800243,0.285863098,0.354465155,0.077324047,0.2823477,Simulated Portfolio
0.210235069,0.204835442,0.928721452,0.437924868,0.124733913,0.376410227,0.060930991,Simulated Portfolio
0.151426933,0.198223594,0.663023662,0.263351949,0.049621625,0.335281005,0.35174542,Simulated Portfolio
0.312693924,0.20175502,1.450739239,0.258567346,0.304573388,0.127287524,0.309571743,Simulated Portfolio
0.298614393,0.21847705,1.275257025,0.209372724,0.327612772,0.446536628,0.016477876,Simulated Portfolio
0.278904533,0.200730605,1.289810956,0.430410128,0.222078419,0.186579405,0.160932048,Simulated Portfolio
0.22821538,0.192635311,1.080878569,0.272577481,0.156011927,0.129079455,0.442331136,Simulated Portfolio
0.290522745,0.214589645,1.260651437,0.533994539,0.22844422,0.228314739,0.009246502,Simulated Portfolio
0.255503508,0.193145556,1.219305854,0.330633373,0.193486954,0.135401049,0.340478624,Simulated Portfolio
0.225427975,0.208167155,0.98684144,0.057971613,0.205645177,0.258073509,0.4783097,Simulated Portfolio
0.157726692,0.202360629,0.680600237,0.153933383,0.086835116,0.388958822,0.370272679,Simulated Portfolio
0.248590349,0.1955882,1.168732821,0.222765868,0.194811604,0.083458392,0.498964135,Simulated Portfolio
0.263863037,0.216562,1.126065688,0.04643663,0.285694514,0.352824753,0.315044103,Simulated Portfolio
0.182736594,0.20846816,0.780630453,0.277951807,0.12688351,0.548504945,0.046659737,Simulated Portfolio
0.256118515,0.193434442,1.220664281,0.343377343,0.189133125,0.109623454,0.357866079,Simulated Portfolio
0.395419596,0.232259382,1.616380759,0.266591244,0.458305911,0.226675517,0.048427328,Simulated Portfolio
0.374374625,0.220856588,1.604546317,0.187053992,0.412701105,0.031001229,0.369243674,Simulated Portfolio
0.297901364,0.218421772,1.272315308,0.073845614,0.334730296,0.312038193,0.279385897,Simulated Portfolio
0.359141211,0.217902246,1.556391531,0.277745913,0.39256611,0.219066615,0.110621363,Simulated Portfolio
0.296901909,0.205549528,1.347129873,0.219023891,0.303806125,0.288191159,0.188978825,Simulated Portfolio
0.351620025,0.211490715,1.568012219,0.308641528,0.365190219,0.146453932,0.179714322,Simulated Portfolio
0.209441178,0.193432174,0.979367463,0.254456294,0.144498926,0.275885363,0.325159417,Simulated Portfolio
0.370090322,0.218228803,1.604235175,0.211491771,0.405007879,0.065447495,0.318052855,Simulated Portfolio
0.284383279,0.209687727,1.260842886,0.214102223,0.295376182,0.39060294,0.099918655,Simulated Portfolio
0.131082975,0.207344471,0.535741195,0.123719859,0.044429331,0.374353104,0.457497705,Simulated Portfolio
0.263799164,0.200568221,1.215542333,0.245196549,0.247072564,0.332263872,0.175467015,Simulated Portfolio
0.200455289,0.196716235,0.917338056,0.372159059,0.112004352,0.312363204,0.203473386,Simulated Portfolio
0.137164829,0.204030427,0.574251747,0.334605981,0.022640718,0.423399921,0.21935338,Simulated Portfolio
0.423793108,0.232976737,1.733190674,0.33611541,0.472047045,0.03781903,0.154018514,Simulated Portfolio
0.22500145,0.197227624,1.039415504,0.175731604,0.168174333,0.130482663,0.525611399,Simulated Portfolio
0.11259314,0.222027389,0.417034765,0.090916999,0.048667194,0.625633102,0.234782705,Simulated Portfolio
0.279911661,0.196161128,1.324990657,0.294070508,0.247680675,0.179467625,0.278781193,Simulated Portfolio
0.389603357,0.219638898,1.682777319,0.341780864,0.408167334,0.007398061,0.24265374,Simulated Portfolio
0.173181441,0.201794153,0.759097517,0.429860954,0.033277375,0.137753199,0.399108472,Simulated Portfolio
0.283997167,0.200921538,1.313931648,0.208971795,0.27692422,0.235400433,0.278703552,Simulated Portfolio
0.190163502,0.195695643,0.869531377,0.314121345,0.107920407,0.33898886,0.238969388,Simulated Portfolio
0.322189832,0.205603113,1.469772645,0.391785302,0.300682217,0.158979336,0.148553145,Simulated Portfolio
0.21631118,0.210953202,0.930591137,0.54101558,0.102437371,0.25925685,0.097290199,Simulated Portfolio
0.173593732,0.204087712,0.752586869,0.42828754,0.025580363,0.065632937,0.48049916,Simulated Portfolio
0.281155364,0.221455556,1.17926761,0.03993013,0.318381241,0.365871192,0.275817438,Simulated Portfolio
0.30113117,0.243464278,1.154712189,0.021031921,0.378334517,0.547897351,0.05273621,Simulated Portfolio
0.354553364,0.211607836,1.581006498,0.249682781,0.371541247,0.068369229,0.310406742,Simulated Portfolio
0.361017647,0.231293285,1.47439493,0.207666917,0.425529828,0.360149789,0.006653466,Simulated Portfolio
0.216959925,0.213353267,0.923163388,0.566342564,0.094516399,0.222329163,0.116811874,Simulated Portfolio
0.224357005,0.207029091,0.987093183,0.076981799,0.185554884,0.135411057,0.602052261,Simulated Portfolio
0.252861685,0.196264139,1.186470874,0.382510466,0.190799484,0.229037199,0.197652851,Simulated Portfolio
0.301968623,0.214326971,1.31560028,0.144516795,0.332316869,0.339884044,0.183282292,Simulated Portfolio
0.358358303,0.212058723,1.595587762,0.325054128,0.3690379,0.106302042,0.19960593,Simulated Portfolio
0.270892694,0.195877219,1.280867142,0.26609571,0.240329892,0.205925709,0.287648689,Simulated Portfolio
0.215854296,0.209333003,0.935611171,0.545443003,0.082465174,0.106832471,0.265259353,Simulated Portfolio
0.23816105,0.203359959,1.072782719,0.1180513,0.222519822,0.305549487,0.353879391,Simulated Portfolio
0.296403614,0.213138247,1.296827843,0.199133519,0.318664224,0.388666214,0.093536042,Simulated Portfolio
0.20968869,0.197745027,0.959258966,0.17889268,0.165216042,0.330540565,0.325350713,Simulated Portfolio
0.379305057,0.218531998,1.644175958,0.424745864,0.376838288,0.020155941,0.178259906,Simulated Portfolio
0.253602036,0.20489961,1.140080431,0.133461057,0.249690069,0.332374861,0.284474013,Simulated Portfolio
0.314643847,0.211507386,1.393066469,0.355948918,0.313048089,0.315991413,0.01501158,Simulated Portfolio
0.161722124,0.212869493,0.665770006,0.465720329,0.043874964,0.444076681,0.046328026,Simulated Portfolio
0.258421513,0.197676405,1.206120243,0.236568118,0.233890922,0.287173548,0.242367413,Simulated Portfolio
0.36999604,0.235174107,1.488242244,0.620683777,0.328402862,0.046692977,0.004220383,Simulated Portfolio
0.272060729,0.203085033,1.241158569,0.488329164,0.189332707,0.100336565,0.222001564,Simulated Portfolio
0.297652109,0.202951796,1.36806924,0.241759452,0.296417134,0.250322731,0.211500683,Simulated Portfolio
0.419845943,0.242418657,1.649402517,0.138192846,0.506779861,0.084969242,0.270058051,Simulated Portfolio
0.28175121,0.199398825,1.31270187,0.423170271,0.206410049,0.00487921,0.36554047,Simulated Portfolio
0.242166997,0.197792933,1.123230211,0.298701615,0.201135946,0.342296624,0.157865815,Simulated Portfolio
0.242416678,0.20672858,1.075887417,0.210972531,0.231145549,0.455697611,0.102184308,Simulated Portfolio
0.351119161,0.214628815,1.542752594,0.363225473,0.360951933,0.200561062,0.075261532,Simulated Portfolio
0.230269368,0.194827637,1.079258418,0.293535613,0.176989282,0.305078214,0.224396891,Simulated Portfolio
0.228968559,0.193230129,1.08144915,0.289485912,0.170180257,0.261193804,0.279140027,Simulated Portfolio
0.289957622,0.201496432,1.339763787,0.329031662,0.26907229,0.265217611,0.136678438,Simulated Portfolio
0.201976731,0.196467148,0.926245088,0.205766592,0.147699112,0.336385872,0.310148424,Simulated Portfolio
0.287581683,0.225419923,1.187036533,0.046756732,0.334504487,0.41759343,0.201145351,Simulated Portfolio
0.27939224,0.199689273,1.298979337,0.200900118,0.266805203,0.205453489,0.326841191,Simulated Portfolio
0.171079989,0.195912594,0.771160169,0.231794429,0.082961644,0.282189247,0.403054681,Simulated Portfolio
0.311001013,0.20387913,1.427321243,0.343440064,0.296975399,0.216183693,0.143400844,Simulated Portfolio
0.407550293,0.234986848,1.649242485,0.324302921,0.465890273,0.20218994,0.007616866,Simulated Portfolio
0.373816433,0.231588154,1.52778295,0.092963741,0.441875973,0.139513655,0.325646631,Simulated Portfolio
0.251854438,0.193704446,1.196949489,0.363854806,0.180412776,0.12930652,0.326425898,Simulated Portfolio
0.16293339,0.201213789,0.710355843,0.352388052,0.061473939,0.402250066,0.183887943,Simulated Portfolio
0.290618924,0.202205613,1.338335374,0.223503505,0.28779305,0.252323702,0.236379744,Simulated Portfolio
0.358456949,0.244083671,1.386643142,0.072130917,0.451161718,0.405714064,0.070993301,Simulated Portfolio
0.304635344,0.209471162,1.358828302,0.213906526,0.321692519,0.317812611,0.146588344,Simulated Portfolio
0.287184844,0.202264091,1.320970236,0.211675246,0.284632421,0.257629016,0.246063317,Simulated Portfolio
0.214370175,0.205326444,0.946639754,0.181096587,0.189605674,0.468920217,0.160377522,Simulated Portfolio
0.274102916,0.215973841,1.176544878,0.123227361,0.299310346,0.434192562,0.14326973,Simulated Portfolio
0.327487562,0.208359646,1.475753909,0.465948374,0.283421486,0.051272994,0.199357146,Simulated Portfolio
0.14825854,0.202391922,0.63371373,0.186399239,0.06801876,0.417647797,0.327934203,Simulated Portfolio
0.243832771,0.194326209,1.151840361,0.346804686,0.182610604,0.237063762,0.233520948,Simulated Portfolio
0.192646902,0.194650136,0.886960093,0.236750795,0.105587171,0.167658327,0.490003707,Simulated Portfolio
0.270712042,0.197478682,1.269565098,0.347691056,0.229619624,0.242371562,0.180317757,Simulated Portfolio
0.153061266,0.205880133,0.646304549,0.218480253,0.082076597,0.513519764,0.185923385,Simulated Portfolio
0.408291278,0.256102484,1.516155845,0.011374171,0.521514046,0.182382615,0.284729169,Simulated Portfolio
0.340713426,0.209807226,1.528610013,0.341835891,0.344072141,0.177800053,0.136291915,Simulated Portfolio
0.15338196,0.198057999,0.673448994,0.29210866,0.047585937,0.333565929,0.326739475,Simulated Portfolio
0.329562797,0.229169556,1.350802448,0.020797113,0.386070845,0.203522945,0.389609097,Simulated Portfolio
0.24290999,0.208459361,1.069321084,0.121677698,0.242549246,0.408937832,0.226835224,Simulated Portfolio
0.294787312,0.198337759,1.385451327,0.255719854,0.272578149,0.11473133,0.356970667,Simulated Portfolio
0.303063924,0.202814086,1.395681775,0.296452876,0.294797138,0.241423092,0.167326894,Simulated Portfolio
0.51531542,0.283051224,1.749914423,0.153711629,0.663060485,0.033800208,0.149427678,Simulated Portfolio
0.243848612,0.206566206,1.083665216,0.096460174,0.238013115,0.319927271,0.345599439,Simulated Portfolio
0.167548717,0.214799368,0.686914109,0.115189411,0.13369582,0.578337362,0.172777407,Simulated Portfolio
0.265741597,0.197775056,1.242530791,0.217437082,0.244641332,0.242477222,0.295444364,Simulated Portfolio
0.329818492,0.207855106,1.490550306,0.241627325,0.343353619,0.177592412,0.237426644,Simulated Portfolio
0.451789041,0.255812936,1.68790933,0.12355933,0.559200839,0.039127644,0.278112187,Simulated Portfolio
0.23931978,0.242579178,0.904116262,0.74160162,0.093301996,0.154746346,0.010350038,Simulated Portfolio
0.421621114,0.235309587,1.706777524,0.425140435,0.456080783,0.070433554,0.048345228,Simulated Portfolio
0.186305042,0.211512652,0.786265221,0.459947309,0.087760818,0.446437908,0.005853966,Simulated Portfolio
0.340553785,0.217788142,1.471860594,0.121480595,0.364744389,0.020234599,0.493540417,Simulated Portfolio
0.297369979,0.222957056,1.244051136,0.049382192,0.342326981,0.345889866,0.262400961,Simulated Portfolio
0.380209962,0.227387834,1.584121521,0.159202081,0.440992717,0.139987836,0.259817366,Simulated Portfolio
0.278122823,0.19585808,1.31790745,0.272144201,0.246376507,0.161367039,0.320112253,Simulated Portfolio
0.196219537,0.195414666,0.901772322,0.378807582,0.094761606,0.240166955,0.286263857,Simulated Portfolio
0.290975083,0.210619711,1.286560893,0.217912626,0.305272163,0.383768394,0.093046817,Simulated Portfolio
0.289100751,0.226374378,1.188742089,0.01848099,0.336769112,0.372053972,0.272695926,Simulated Portfolio
0.432187119,0.238766873,1.726316193,0.23265754,0.503498491,0.0226045,0.24123947,Simulated Portfolio
0.304978295,0.211800408,1.345503992,0.328054675,0.306851777,0.361428058,0.003665491,Simulated Portfolio
0.231420752,0.195199765,1.083099419,0.399796349,0.134844326,0.098779817,0.366579508,Simulated Portfolio
0.179334904,0.199342376,0.799302724,0.405736841,0.067264521,0.295013477,0.231985162,Simulated Portfolio
0.338821386,0.20967553,1.520546464,0.254979297,0.355798085,0.171624408,0.21759821,Simulated Portfolio
0.128060856,0.209504804,0.515791783,0.299411885,0.026096995,0.529853044,0.144638076,Simulated Portfolio
0.251231602,0.199068519,1.161567898,0.421844852,0.182541239,0.243088747,0.152525162,Simulated Portfolio
0.286166788,0.213709447,1.245461025,0.111949385,0.311835501,0.347917309,0.228297805,Simulated Portfolio
0.175455707,0.214124249,0.726007013,0.018882561,0.138563594,0.360393479,0.482160365,Simulated Portfolio
0.31966863,0.208227,1.439143966,0.288730502,0.327537405,0.262957451,0.120774642,Simulated Portfolio
0.263584312,0.195441134,1.246330839,0.31921927,0.194887302,0.013840542,0.472052886,Simulated Portfolio
0.27689879,0.199550147,1.287389632,0.199440719,0.263635387,0.212767867,0.324156026,Simulated Portfolio
0.396423274,0.241055283,1.561564093,0.191104169,0.482416498,0.298733693,0.027745641,Simulated Portfolio
0.383007792,0.220611821,1.645459387,0.369805373,0.403516334,0.105649785,0.121028507,Simulated Portfolio
0.16604608,0.198849083,0.734456897,0.192424232,0.090416303,0.357091893,0.360067572,Simulated Portfolio
0.327620536,0.216073634,1.423683816,0.121794942,0.363142643,0.193101192,0.321961224,Simulated Portfolio
0.184764799,0.197972857,0.832259538,0.262683947,0.115404095,0.401226479,0.220685478,Simulated Portfolio
0.352886895,0.21011794,1.584285925,0.359742319,0.350492877,0.083202749,0.206562055,Simulated Portfolio
0.197908179,0.218727822,0.813376997,0.010671316,0.191070642,0.461175184,0.337082857,Simulated Portfolio
0.339274252,0.21216672,1.504827199,0.479785049,0.302505414,0.06113244,0.156577096,Simulated Portfolio
0.226668613,0.205714373,1.004638664,0.086434964,0.208849299,0.309630212,0.395085526,Simulated Portfolio
0.331415589,0.205823415,1.513023136,0.309846797,0.330177136,0.147951485,0.212024582,Simulated Portfolio
0.34153378,0.224139938,1.434522483,0.135901234,0.397590787,0.300259633,0.166248346,Simulated Portfolio
0.220353183,0.192976574,1.038225415,0.354469657,0.131452876,0.161397324,0.352680143,Simulated Portfolio
0.184033287,0.196162513,0.836211179,0.247809808,0.111256992,0.35497112,0.28596208,Simulated Portfolio
0.184466835,0.195095699,0.843005952,0.345266046,0.083900117,0.268386526,0.302447311,Simulated Portfolio
0.187844563,0.199049971,0.84322827,0.31596562,0.111965743,0.408604103,0.163464534,Simulated Portfolio
0.227134523,0.21044025,0.984291376,0.221430469,0.211247102,0.525792977,0.041529452,Simulated Portfolio
0.363920899,0.218364647,1.574984339,0.463169367,0.352124332,0.093824243,0.090882058,Simulated Portfolio
0.496343176,0.278298037,1.711629665,0.131940659,0.641685854,0.096174017,0.13019947,Simulated Portfolio
0.273525444,0.209574399,1.209715715,0.118621521,0.286868031,0.332367357,0.262143092,Simulated Portfolio
0.229189074,0.194739362,1.074200262,0.323862823,0.168273153,0.293896878,0.213967146,Simulated Portfolio
0.262369649,0.193658564,1.251530753,0.333083563,0.204345804,0.13056848,0.332002153,Simulated Portfolio
0.394703787,0.230669244,1.624420228,0.309095902,0.448052803,0.215823171,0.027028123,Simulated Portfolio
0.305290896,0.201816355,1.413616334,0.273045474,0.298116133,0.20178451,0.227053882,Simulated Portfolio
0.22374042,0.20194785,1.0088764,0.440118133,0.140115249,0.313382,0.106384618,Simulated Portfolio
0.218265553,0.192104244,1.032072736,0.284910116,0.144789347,0.197392757,0.37290778,Simulated Portfolio
0.18275615,0.196401476,0.828691074,0.293290428,0.101511879,0.360864978,0.244332715,Simulated Portfolio
0.303282778,0.215430106,1.314963743,0.072561827,0.31603613,0.077808025,0.533594019,Simulated Portfolio
0.346816756,0.21293229,1.534838873,0.289391053,0.367504511,0.205663426,0.13744101,Simulated Portfolio
0.421252283,0.237232519,1.6913882,0.196476288,0.494302071,0.048922786,0.260298855,Simulated Portfolio
0.329778708,0.207194549,1.495110317,0.26668401,0.339165574,0.181102499,0.213047917,Simulated Portfolio
0.139565093,0.200494843,0.596349968,0.303238267,0.02354973,0.349317818,0.323894185,Simulated Portfolio
0.298623214,0.223863485,1.244612155,0.058836247,0.34617432,0.374019841,0.220969593,Simulated Portfolio
0.312710721,0.206983737,1.414172559,0.215345981,0.32571781,0.237425401,0.221510807,Simulated Portfolio
0.177690138,0.206510673,0.763593164,0.099071067,0.134716584,0.416972379,0.34923997,Simulated Portfolio
0.176253875,0.210154408,0.743519382,0.505758013,0.017037202,0.073065739,0.404139046,Simulated Portfolio
0.180213351,0.204604098,0.783040771,0.114704751,0.134632537,0.403555651,0.347107061,Simulated Portfolio
0.270640462,0.208492724,1.202154478,0.134221274,0.280880939,0.347586003,0.237311784,Simulated Portfolio
0.344242888,0.222045589,1.460253682,0.163401655,0.395621621,0.286381357,0.154595367,Simulated Portfolio
0.404343823,0.236856083,1.622689261,0.218211882,0.481150276,0.215276049,0.085361793,Simulated Portfolio
0.266343078,0.196813867,1.251655086,0.21999114,0.240819147,0.20598251,0.333207204,Simulated Portfolio
0.351746019,0.213147065,1.556418427,0.452402913,0.328855242,0.05944415,0.159297695,Simulated Portfolio
0.336802421,0.210609257,1.50421888,0.325578222,0.345236771,0.219164537,0.11002047,Simulated Portfolio
0.191866772,0.199621326,0.860963986,0.274647633,0.12902165,0.430191097,0.166139621,Simulated Portfolio
0.238454526,0.192748199,1.133367405,0.26269818,0.183192373,0.19264837,0.361461077,Simulated Portfolio
0.306913858,0.229747184,1.248824263,0.02850151,0.366051771,0.374240299,0.231206421,Simulated Portfolio
0.449301515,0.267350997,1.605759919,0.116485019,0.58315978,0.262908553,0.037446648,Simulated Portfolio
0.395080767,0.236459896,1.58623417,0.11095995,0.472521838,0.115449167,0.301069045,Simulated Portfolio
0.233426621,0.196045682,1.088657598,0.227536724,0.164803249,0.059456056,0.548203971,Simulated Portfolio
0.277092982,0.216717772,1.186303182,0.114051569,0.305084148,0.425354741,0.155509541,Simulated Portfolio
0.402298727,0.239085355,1.599005205,0.153595406,0.487434681,0.199606074,0.159363839,Simulated Portfolio
0.364300286,0.226195819,1.522133731,0.564780986,0.327546537,0.037313255,0.070359222,Simulated Portfolio
0.203699189,0.203623686,0.902150398,0.401980059,0.12362406,0.406996032,0.067399849,Simulated Portfolio
0.314043973,0.203878821,1.442248741,0.334366759,0.302480317,0.204510584,0.15864234,Simulated Portfolio
0.319139564,0.233171015,1.282919165,0.07832897,0.386637101,0.444360943,0.090672986,Simulated Portfolio
0.191641412,0.193885248,0.885273192,0.250318905,0.11411552,0.273223666,0.362341909,Simulated Portfolio
0.18927292,0.194611093,0.869800987,0.335003353,0.095378196,0.279151272,0.29046718,Simulated Portfolio
0.295863501,0.227270412,1.213811768,0.007567469,0.345431908,0.330400379,0.316600244,Simulated Portfolio
0.380310155,0.245883058,1.465372026,0.085963413,0.47880135,0.342002876,0.093232361,Simulated Portfolio
0.330316071,0.203768643,1.522884317,0.321857995,0.316648542,0.069595669,0.291897795,Simulated Portfolio
0.357178154,0.215409443,1.565289567,0.221756478,0.389641528,0.138814405,0.24978759,Simulated Portfolio
0.432940632,0.249738306,1.653493367,0.207308213,0.532305548,0.212586579,0.04779966,Simulated Portfolio
0.18339786,0.20112809,0.812406961,0.416436471,0.046123644,0.077437066,0.460002819,Simulated Portfolio
0.288115529,0.202642235,1.323097961,0.294099524,0.276150272,0.297845094,0.13190511,Simulated Portfolio
0.219657388,0.197166967,1.012631024,0.168503569,0.164307571,0.164269001,0.50291986,Simulated Portfolio
0.302282378,0.205550963,1.373296309,0.285682595,0.301526055,0.292256968,0.120534381,Simulated Portfolio
0.216114622,0.201391815,0.973796389,0.138538194,0.185889557,0.349069584,0.326502665,Simulated Portfolio
0.182872807,0.201698927,0.807504578,0.151762545,0.132162144,0.400602741,0.31547257,Simulated Portfolio
0.366966586,0.240025123,1.44554279,0.047962289,0.453779538,0.268917715,0.229340457,Simulated Portfolio
0.222049704,0.20444918,0.988263704,0.097925024,0.178136384,0.138498589,0.585440003,Simulated Portfolio
0.133549538,0.20106236,0.564747863,0.283738669,0.015448942,0.339179198,0.361633191,Simulated Portfolio
0.270031611,0.196873625,1.270010703,0.265347686,0.24332901,0.242036643,0.249286661,Simulated Portfolio
0.260902994,0.196362107,1.226830358,0.334051798,0.216783901,0.256236394,0.192927907,Simulated Portfolio
0.243365327,0.208244127,1.072612856,0.087823483,0.241389302,0.341880939,0.328906277,Simulated Portfolio
0.224167158,0.206259921,0.989853759,0.198056319,0.204348257,0.476035549,0.121559874,Simulated Portfolio
0.255217167,0.205553207,1.144312804,0.248064259,0.242875851,0.424978569,0.08408132,Simulated Portfolio
0.139234088,0.220412983,0.540957645,0.012377039,0.093064773,0.493287024,0.401271164,Simulated Portfolio
0.262629616,0.193835267,1.251731016,0.343712553,0.201153607,0.116342247,0.338791593,Simulated Portfolio
0.444389782,0.246987612,1.718263432,0.316155712,0.523669403,0.140242799,0.019932086,Simulated Portfolio
0.29103318,0.206631082,1.31167672,0.133874033,0.298003324,0.196298067,0.371824576,Simulated Portfolio
0.390591278,0.240183879,1.542948177,0.114714288,0.479300796,0.24176942,0.164215496,Simulated Portfolio
0.314129668,0.220731005,1.332525385,0.109455389,0.359936666,0.341643484,0.188964461,Simulated Portfolio
0.300532109,0.205178186,1.36726089,0.161045499,0.302709299,0.139806708,0.396438494,Simulated Portfolio
0.239771575,0.211855422,1.037365826,0.562681583,0.130138735,0.184761455,0.122418226,Simulated Portfolio
0.338850241,0.219239254,1.454348322,0.180441139,0.383343976,0.287595321,0.148619564,Simulated Portfolio
0.472719227,0.262270164,1.726156041,0.145236154,0.587961119,0.009756001,0.257046727,Simulated Portfolio
0.364388928,0.217783467,1.581336422,0.188183432,0.395808722,0.035962756,0.38004509,Simulated Portfolio
0.17926091,0.205725516,0.774142714,0.463491243,0.029192699,0.067158991,0.440157067,Simulated Portfolio
0.66994314,0.382501003,1.699193296,0.012403842,0.955649457,0.028008081,0.003938619,Simulated Portfolio
0.420579104,0.264211537,1.516130255,0.047762195,0.551229051,0.307122633,0.093886121,Simulated Portfolio
0.171695573,0.199122689,0.761819628,0.206768007,0.102225939,0.395493685,0.295512369,Simulated Portfolio
0.121695584,0.216163555,0.47045666,0.111732583,0.053928205,0.569881098,0.264458114,Simulated Portfolio
0.156031678,0.198221909,0.686259548,0.342268042,0.032973393,0.24974956,0.375009005,Simulated Portfolio
0.349639238,0.218301011,1.510021579,0.523915815,0.310635204,0.046101222,0.119347759,Simulated Portfolio
0.146014161,0.204594013,0.615923012,0.130677827,0.066993092,0.357586139,0.444742942,Simulated Portfolio
0.425532345,0.268296921,1.511505773,0.003543099,0.561806754,0.257254048,0.177396098,Simulated Portfolio
0.337544751,0.232633065,1.365002654,0.102078567,0.408031039,0.393263141,0.096627253,Simulated Portfolio
0.322672116,0.202011633,1.498290526,0.315327133,0.301648782,0.045116944,0.337907141,Simulated Portfolio
0.127163778,0.203714561,0.526048691,0.218460625,0.005297167,0.248517748,0.52772446,Simulated Portfolio
0.10490593,0.219335878,0.387104611,0.18673137,0.019569636,0.638730436,0.154968557,Simulated Portfolio
0.380568382,0.220964834,1.631790795,0.403878926,0.393468562,0.108569371,0.094083141,Simulated Portfolio
0.329307537,0.220060461,1.405557072,0.125598182,0.376067254,0.281790528,0.216544037,Simulated Portfolio
0.316296617,0.205624041,1.440962912,0.459443011,0.260749123,0.01412241,0.265685455,Simulated Portfolio
0.322201545,0.217226133,1.391184114,0.280831201,0.346483378,0.371845984,0.000839438,Simulated Portfolio
0.244442209,0.208201033,1.078007187,0.514771853,0.155391718,0.255111395,0.074725034,Simulated Portfolio
0.267553415,0.198353216,1.248043363,0.292509159,0.239872935,0.289789327,0.177828578,Simulated Portfolio
0.415864593,0.260483406,1.519730559,0.002183793,0.536498559,0.184112213,0.277205434,Simulated Portfolio
0.290602949,0.218289028,1.239654378,0.048785319,0.322362279,0.276566189,0.352286212,Simulated Portfolio
0.196900701,0.21016497,0.841723057,0.475520186,0.098002923,0.402676868,0.023800024,Simulated Portfolio
0.31044941,0.201742103,1.439706465,0.263814476,0.303291892,0.156772131,0.276121501,Simulated Portfolio
0.356973496,0.222772836,1.512632791,0.11297874,0.396688672,0.036651382,0.453681205,Simulated Portfolio
0.313093023,0.218513842,1.341301861,0.237937133,0.343165735,0.41060772,0.008289412,Simulated Portfolio
0.214711991,0.206888162,0.941146123,0.525019444,0.083744286,0.103133741,0.288102529,Simulated Portfolio
0.259401273,0.198866032,1.203831899,0.447555561,0.170376386,0.063565843,0.318502211,Simulated Portfolio
0.402479217,0.232077023,1.648070159,0.225971788,0.468997392,0.152922052,0.152108768,Simulated Portfolio
0.149191267,0.211436084,0.611018069,0.457389828,0.02022227,0.415288224,0.107099679,Simulated Portfolio
0.40786943,0.228634645,1.696459564,0.393952415,0.437411843,0.06613887,0.102496873,Simulated Portfolio
0.25991859,0.198679449,1.207566213,0.254985867,0.236253433,0.312965174,0.195795527,Simulated Portfolio
0.299460726,0.213979873,1.306014072,0.088665628,0.325341523,0.234066618,0.351926231,Simulated Portfolio
0.26611249,0.19507529,1.261628215,0.298642438,0.205513215,0.034733646,0.461110701,Simulated Portfolio
0.209460751,0.192974224,0.981793045,0.343822666,0.118121355,0.191202871,0.346853108,Simulated Portfolio
0.232560262,0.20166582,1.054022257,0.159291558,0.211945124,0.360260921,0.268502397,Simulated Portfolio
0.28792767,0.199901001,1.340301795,0.285467353,0.271219249,0.246668004,0.196645394,Simulated Portfolio
0.21509094,0.192328468,1.014363302,0.317609239,0.134806949,0.209343134,0.338240678,Simulated Portfolio
0.206710162,0.196325879,0.951021653,0.22741643,0.121951916,0.087444589,0.563187064,Simulated Portfolio
0.315448188,0.204634967,1.443781539,0.222925197,0.32029588,0.164552847,0.292226075,Simulated Portfolio
0.391437323,0.223814041,1.659580073,0.417733481,0.405507427,0.073202946,0.103556145,Simulated Portfolio
0.168031292,0.198884202,0.744308953,0.238010396,0.058439084,0.131925059,0.571625461,Simulated Portfolio
0.366928778,0.214574708,1.616820458,0.387591766,0.368213478,0.070446519,0.173748237,Simulated Portfolio
0.372902501,0.235697785,1.497266938,0.047609766,0.440568532,0.07360175,0.438219952,Simulated Portfolio
0.299219904,0.206163066,1.354364335,0.49423834,0.230079109,0.057238349,0.218444202,Simulated Portfolio
0.186719535,0.199556901,0.835448608,0.263388458,0.122195093,0.430543684,0.183872765,Simulated Portfolio
0.24584021,0.198836717,1.135807378,0.197766689,0.222558655,0.315476411,0.264198245,Simulated Portfolio
0.310202665,0.205833377,1.409891196,0.3174648,0.305997722,0.263418602,0.113118876,Simulated Portfolio
0.311352432,0.205814838,1.415604601,0.380108751,0.292480668,0.228992516,0.098418066,Simulated Portfolio
0.18103276,0.204343603,0.788048938,0.477613898,0.047316687,0.213266648,0.261802768,Simulated Portfolio
0.296150685,0.199066847,1.387225894,0.299271738,0.2755675,0.185430317,0.239730445,Simulated Portfolio
0.282979655,0.20189098,1.302582485,0.353004076,0.255044874,0.285103304,0.106847746,Simulated Portfolio
0.205649642,0.203877699,0.910593179,0.49491871,0.08312314,0.182830853,0.239127297,Simulated Portfolio
0.294432313,0.201818519,1.359797474,0.430054789,0.244331454,0.147674797,0.17793896,Simulated Portfolio
0.237907265,0.192799539,1.130227108,0.305574871,0.177982104,0.221758595,0.29468443,Simulated Portfolio
0.284715204,0.223778974,1.182931533,0.012243381,0.324384533,0.322925438,0.340446648,Simulated Portfolio
0.335125004,0.224757184,1.402068661,0.137129239,0.391181527,0.34095901,0.130730224,Simulated Portfolio
0.39305893,0.244159205,1.527933095,0.115701012,0.488931466,0.287698146,0.107669376,Simulated Portfolio
0.176754956,0.205612047,0.76238216,0.119526664,0.131756362,0.436602661,0.312114313,Simulated Portfolio
0.179994554,0.2014299,0.794293967,0.403296584,0.07683604,0.36125602,0.158611355,Simulated Portfolio
0.270562887,0.20783676,1.205575407,0.094309623,0.27328616,0.225705014,0.406699203,Simulated Portfolio
0.206743285,0.197655592,0.944791306,0.404483459,0.087857461,0.070424942,0.437234137,Simulated Portfolio
0.356393841,0.216453048,1.554119213,0.301721976,0.382924887,0.214597668,0.100755469,Simulated Portfolio
0.41110193,0.240102189,1.628897812,0.216223267,0.493727492,0.219572103,0.070477138,Simulated Portfolio
0.114124162,0.21077662,0.446558834,0.13321871,0.023072776,0.454984798,0.388723716,Simulated Portfolio
0.445380042,0.280836697,1.514688237,0.005172694,0.602352274,0.311023803,0.081451229,Simulated Portfolio
0.443283539,0.262139972,1.614723371,0.081103466,0.56866784,0.175920892,0.174307803,Simulated Portfolio
0.174172121,0.210376624,0.732838649,0.064335189,0.136117796,0.426875035,0.372671981,Simulated Portfolio
0.233419974,0.192980875,1.105912565,0.349604348,0.149539994,0.116493322,0.384362337,Simulated Portfolio
0.328411073,0.207238322,1.488195187,0.207466348,0.330069668,0.03626624,0.426197743,Simulated Portfolio
0.241468208,0.196549382,1.126781505,0.331416815,0.189982583,0.309015187,0.169585415,Simulated Portfolio
0.287318884,0.223474213,1.196195659,0.012314242,0.326371732,0.302132778,0.359181248,Simulated Portfolio
0.197153585,0.20144803,0.879400929,0.147368117,0.155881996,0.385693269,0.311056618,Simulated Portfolio
0.183893666,0.197100901,0.831521649,0.384425556,0.061736587,0.151677284,0.402160572,Simulated Portfolio
0.426891917,0.243242921,1.672780099,0.244581576,0.511275804,0.181055138,0.063087482,Simulated Portfolio
0.288614059,0.204000251,1.316733965,0.431791946,0.243446884,0.226481028,0.098280142,Simulated Portfolio
0.254921113,0.219413009,1.070679968,0.097746021,0.278639408,0.499832522,0.123782048,Simulated Portfolio
0.419680408,0.252650503,1.581949782,0.041864261,0.521314727,0.06306157,0.373759442,Simulated Portfolio
0.228735481,0.227868879,0.916033299,0.668323097,0.082671854,0.108365801,0.140639248,Simulated Portfolio
0.19894969,0.215415325,0.830719404,0.012133458,0.182961633,0.381168456,0.423736453,Simulated Portfolio
0.249580542,0.192670307,1.191571996,0.309923457,0.189295497,0.154535666,0.346245379,Simulated Portfolio
0.154173727,0.197836175,0.678206235,0.265683715,0.053734065,0.333458747,0.347123473,Simulated Portfolio
0.233954097,0.19676824,1.087340603,0.214097326,0.198643787,0.312335215,0.274923672,Simulated Portfolio
0.341972388,0.219105541,1.469485375,0.159662421,0.387273869,0.24412375,0.20893996,Simulated Portfolio
0.334753585,0.211568083,1.487717711,0.414781105,0.322397682,0.193278247,0.069542965,Simulated Portfolio
0.304764552,0.203847725,1.396947414,0.1954219,0.30688831,0.165386641,0.332303149,Simulated Portfolio
0.271279266,0.205329955,1.223782792,0.127866396,0.272505919,0.259401763,0.340225921,Simulated Portfolio
0.321805647,0.220368254,1.369551383,0.062979683,0.35817377,0.146945376,0.43190117,Simulated Portfolio
0.222351063,0.196477166,1.029896078,0.396144832,0.139674583,0.263560087,0.200620498,Simulated Portfolio
0.337295809,0.236279304,1.342884476,0.021034467,0.41329196,0.318619224,0.247054349,Simulated Portfolio
0.220159699,0.195097648,1.025946244,0.331349419,0.153064498,0.308650873,0.20693521,Simulated Portfolio
0.300013609,0.225073834,1.244096673,0.026407522,0.347672552,0.317727585,0.308192341,Simulated Portfolio
0.328177421,0.209960034,1.467790866,0.18838947,0.349196367,0.16956682,0.292847343,Simulated Portfolio
0.378217671,0.235155876,1.523320093,0.064184995,0.446481057,0.071250325,0.418083623,Simulated Portfolio
0.193832167,0.202568754,0.858139094,0.375485397,0.113078986,0.421362723,0.090072894,Simulated Portfolio
0.130864725,0.208745703,0.531099434,0.128867444,0.053033435,0.456584352,0.361514769,Simulated Portfolio
0.301315905,0.202863597,1.386724427,0.37863483,0.27384167,0.216284018,0.131239482,Simulated Portfolio
0.274308357,0.198300309,1.282440549,0.416108172,0.212786274,0.153997318,0.217108237,Simulated Portfolio
0.324668336,0.210952908,1.444248098,0.42357864,0.30661601,0.2204097,0.04939565,Simulated Portfolio
0.265475445,0.204333707,1.20134582,0.407268251,0.220003048,0.3273702,0.045358501,Simulated Portfolio
0.144899726,0.201759146,0.619053602,0.177557468,0.045774637,0.268092889,0.508575005,Simulated Portfolio
0.382841193,0.21946961,1.653263942,0.426791594,0.381112693,0.007914594,0.184181119,Simulated Portfolio
0.270664066,0.205946765,1.217130389,0.130352593,0.274288486,0.28675577,0.308603151,Simulated Portfolio
0.267258971,0.194470876,1.271444733,0.345690975,0.212787169,0.149338245,0.292183612,Simulated Portfolio
0.29207082,0.207715835,1.309822237,0.209339421,0.302936178,0.33577389,0.151950512,Simulated Portfolio
0.251476872,0.205707507,1.125271871,0.1966736,0.244778912,0.417194079,0.141353409,Simulated Portfolio
0.287876358,0.201321754,1.330588238,0.242065057,0.280614713,0.260071141,0.217249089,Simulated Portfolio
0.191467461,0.193647887,0.885460013,0.286740339,0.107704652,0.277311739,0.32824327,Simulated Portfolio
0.317338694,0.232351089,1.27969572,0.019741007,0.382878158,0.350953585,0.24642725,Simulated Portfolio
0.17403456,0.215584336,0.714497919,0.554319389,0.028213636,0.270631845,0.14683513,Simulated Portfolio
0.222533563,0.207680973,0.975214821,0.456873148,0.143378922,0.382966963,0.016780967,Simulated Portfolio
0.231084726,0.198077674,1.065666423,0.405078269,0.155423559,0.282220178,0.157277995,Simulated Portfolio
0.242959946,0.199002438,1.120388013,0.438381473,0.162621525,0.221499742,0.17749726,Simulated Portfolio
0.367748482,0.229798946,1.513272749,0.194137359,0.432875676,0.304099005,0.06888796,Simulated Portfolio
0.357901868,0.21494699,1.572024191,0.202947136,0.383814684,0.051819311,0.361418868,Simulated Portfolio
0.296962592,0.206427577,1.341693757,0.466807611,0.246564322,0.185124628,0.101503439,Simulated Portfolio
0.305059929,0.203122354,1.403390237,0.397986936,0.272942835,0.184173679,0.144896551,Simulated Portfolio
0.386785029,0.235870289,1.555028527,0.2188599,0.460899916,0.300388537,0.019851647,Simulated Portfolio
0.413896031,0.240605645,1.637102203,0.151213965,0.499712463,0.131353472,0.2177201,Simulated Portfolio
0.314241053,0.202619424,1.452185813,0.234465279,0.306318879,0.083314856,0.375900985,Simulated Portfolio
0.336786054,0.221089976,1.432837705,0.264848621,0.373306781,0.360892635,0.000951963,Simulated Portfolio
0.326908518,0.207503272,1.479053869,0.289586602,0.33402653,0.214121911,0.162264957,Simulated Portfolio
0.246142442,0.194381621,1.163394157,0.275802006,0.201994597,0.257914318,0.264289079,Simulated Portfolio
0.367006789,0.212934198,1.629643299,0.30932092,0.376224661,0.018087644,0.296366774,Simulated Portfolio
0.285962943,0.202916992,1.310698232,0.330463978,0.266390208,0.302477347,0.100668467,Simulated Portfolio
0.162419232,0.203064672,0.701349135,0.338802137,0.068660039,0.448803519,0.143734305,Simulated Portfolio
0.239257193,0.194180178,1.129143022,0.293554241,0.188443915,0.271070664,0.246931179,Simulated Portfolio
0.234962668,0.193453397,1.111185801,0.364689814,0.149043244,0.112906547,0.373360396,Simulated Portfolio
0.335777617,0.208695424,1.513102737,0.245693027,0.350757559,0.159557023,0.24399239,Simulated Portfolio
0.290451609,0.209506759,1.290896825,0.511575179,0.226174014,0.176800507,0.0854503,Simulated Portfolio
0.177914148,0.202449059,0.780019173,0.410187988,0.072976928,0.369479172,0.147355912,Simulated Portfolio
0.340459053,0.218689056,1.465363923,0.256773575,0.375718849,0.316024449,0.051483128,Simulated Portfolio
0.164741917,0.201277055,0.71911782,0.146772225,0.083029112,0.245911635,0.524287028,Simulated Portfolio
0.193107314,0.195555286,0.885209074,0.340745618,0.10526075,0.31469712,0.239296511,Simulated Portfolio
0.343851415,0.212181935,1.526291176,0.269948612,0.365565781,0.202925194,0.161560413,Simulated Portfolio
0.263164869,0.208517109,1.16616267,0.084232974,0.26590832,0.255577111,0.394281595,Simulated Portfolio
0.215540142,0.203470393,0.961025037,0.138605141,0.149853575,0.058551784,0.6529895,Simulated Portfolio
0.403670046,0.227165964,1.688941597,0.32299828,0.446064346,0.091508544,0.13942883,Simulated Portfolio
0.199538222,0.193398975,0.928330781,0.321806353,0.11303102,0.258338774,0.306823853,Simulated Portfolio
0.22076867,0.201360877,0.997058976,0.138792502,0.192939461,0.341104096,0.327163941,Simulated Portfolio
0.279830684,0.210616585,1.233666776,0.106789292,0.296627741,0.304998098,0.291584869,Simulated Portfolio
0.126032434,0.207383709,0.511286226,0.358899376,0.000492592,0.436062395,0.204545637,Simulated Portfolio
0.217876938,0.203323287,0.973213355,0.389413911,0.150316722,0.405934676,0.054334691,Simulated Portfolio
0.278543084,0.199899829,1.29336321,0.43613207,0.198758687,0.006968257,0.358140986,Simulated Portfolio
0.243808241,0.193329923,1.157649258,0.251673841,0.187225076,0.132657283,0.4284438,Simulated Portfolio
0.129743904,0.211228505,0.519550638,0.086148423,0.053560921,0.41282237,0.447468286,Simulated Portfolio
0.309936834,0.217420171,1.333532362,0.194445651,0.343382715,0.392330222,0.069841412,Simulated Portfolio
0.355521996,0.214579703,1.563624102,0.197939932,0.375725331,0.011368565,0.414966172,Simulated Portfolio
0.196849786,0.193447321,0.914201268,0.308696367,0.112012208,0.268775315,0.31051611,Simulated Portfolio
0.375704429,0.236253456,1.505605185,0.075495117,0.455067784,0.195551217,0.273885882,Simulated Portfolio
0.13575194,0.208593157,0.554917243,0.320632145,0.033954337,0.516504668,0.128908851,Simulated Portfolio
0.403222103,0.226455333,1.692263533,0.413282837,0.422187511,0.035658484,0.128871168,Simulated Portfolio
0.373365604,0.222142272,1.590717519,0.438816627,0.379155532,0.145800123,0.036227718,Simulated Portfolio
0.232363548,0.244162094,0.869764609,0.004126529,0.280490611,0.698279986,0.017102874,Simulated Portfolio
0.26207356,0.214446847,1.128827785,0.052860689,0.278641711,0.329681467,0.338816133,Simulated Portfolio
0.217518249,0.192390803,1.026651198,0.326974064,0.136280259,0.200794058,0.335951619,Simulated Portfolio
0.354335672,0.215328561,1.552676847,0.258532531,0.384676148,0.193735027,0.163056294,Simulated Portfolio
0.425539569,0.260592162,1.556223199,3.65E-05,0.537783313,0.052638611,0.409541621,Simulated Portfolio
0.296197442,0.206618182,1.336752841,0.172236852,0.307782909,0.2609424,0.259037838,Simulated Portfolio
0.152858129,0.206060948,0.644751611,0.407795006,0.034736514,0.408453243,0.149015237,Simulated Portfolio
0.355863324,0.212604493,1.579756475,0.229833453,0.372653321,0.028942207,0.368571019,Simulated Portfolio
0.202974123,0.197339885,0.927202945,0.316711443,0.134002644,0.375279677,0.174006236,Simulated Portfolio
0.171173385,0.200105738,0.755467516,0.416200814,0.044141199,0.236143795,0.303514192,Simulated Portfolio
0.333996509,0.22960441,1.367554343,0.027589477,0.393298886,0.210028094,0.369083543,Simulated Portfolio
0.285753244,0.199261329,1.333692019,0.218752634,0.271705622,0.181613834,0.32792791,Simulated Portfolio
0.354953087,0.220057502,1.522116187,0.137031354,0.396170604,0.097524116,0.369273926,Simulated Portfolio
0.226162735,0.199910625,1.031274526,0.177947251,0.197454815,0.359980734,0.2646172,Simulated Portfolio
0.169459591,0.203080258,0.735963172,0.426250443,0.051538536,0.337207878,0.185003143,Simulated Portfolio
0.352074802,0.218332489,1.520959175,0.317289536,0.378662767,0.264662309,0.039385388,Simulated Portfolio
0.284756801,0.206330269,1.283169953,0.3669022,0.261915925,0.337470608,0.033711267,Simulated Portfolio
0.27688753,0.21831225,1.176697733,0.072775643,0.308261173,0.392594904,0.22636828,Simulated Portfolio
0.37187081,0.236379322,1.488585411,0.057166924,0.449473914,0.176639737,0.316719425,Simulated Portfolio
0.185662736,0.207463863,0.798513696,0.098648702,0.11225023,0.115551812,0.673549256,Simulated Portfolio
0.255054666,0.212728318,1.104952401,0.534256769,0.173069056,0.278655386,0.014018789,Simulated Portfolio
0.382026283,0.218569788,1.65634183,0.271057483,0.409916238,0.024351664,0.294674615,Simulated Portfolio
0.282554149,0.223562167,1.174412256,0.071617556,0.324660578,0.445509268,0.158212598,Simulated Portfolio
0.262792968,0.200292506,1.212191969,0.19739195,0.249566969,0.295522845,0.257518237,Simulated Portfolio
0.20025427,0.198811535,0.90665901,0.29840285,0.136714979,0.409295608,0.155586563,Simulated Portfolio
0.350492214,0.220788426,1.496872915,0.287086912,0.386177851,0.304300087,0.02243515,Simulated Portfolio
0.288802543,0.204553654,1.314093088,0.233674289,0.290001372,0.312007414,0.164316925,Simulated Portfolio
0.087566604,0.229151653,0.29485541,0.001212694,0.008824984,0.519626967,0.470335355,Simulated Portfolio
0.245391175,0.196041686,1.14971045,0.21574073,0.212145581,0.26258567,0.309528018,Simulated Portfolio
0.397401563,0.251880435,1.498336154,0.006951051,0.501487582,0.165981914,0.325579453,Simulated Portfolio
0.29154582,0.196833965,1.379567897,0.297951493,0.258002358,0.103878476,0.340167673,Simulated Portfolio
0.427810586,0.261424085,1.559957975,0.050394151,0.553216148,0.22373999,0.17264971,Simulated Portfolio
0.254325625,0.197624269,1.185712798,0.400572913,0.190810888,0.235271348,0.17334485,Simulated Portfolio
0.31805706,0.209774216,1.420846978,0.180334908,0.339672426,0.223764057,0.256228609,Simulated Portfolio
0.298611862,0.198611255,1.402799971,0.306445432,0.256742529,0.004755935,0.432056104,Simulated Portfolio
0.278682542,0.196686089,1.315205074,0.32126775,0.243491027,0.203257604,0.231983619,Simulated Portfolio
0.314019567,0.22148567,1.327487987,0.102954951,0.361243697,0.344290701,0.191510651,Simulated Portfolio
0.18493476,0.210442064,0.783753767,0.510923035,0.027243525,0.040849506,0.420983934,Simulated Portfolio
0.166449657,0.197194417,0.742666343,0.210027335,0.075624898,0.255090911,0.459256856,Simulated Portfolio
0.228200168,0.193855021,1.07399936,0.273002375,0.174285768,0.281491601,0.271220255,Simulated Portfolio
0.270053501,0.202284258,1.23614909,0.359109149,0.236371061,0.324986427,0.079533363,Simulated Portfolio
0.288709949,0.198105138,1.356400703,0.237323649,0.264277443,0.105480986,0.392917923,Simulated Portfolio
0.224255428,0.198915781,1.026843757,0.183790504,0.191712437,0.348523919,0.27597314,Simulated Portfolio
0.194547738,0.19792682,0.881880171,0.167168067,0.139096056,0.313658717,0.38007716,Simulated Portfolio
0.185852331,0.196655111,0.843366494,0.186479435,0.116783069,0.282476449,0.414261046,Simulated Portfolio
0.234940327,0.204650316,1.050280945,0.147550127,0.222524615,0.396179437,0.233745822,Simulated Portfolio
0.236367725,0.216545803,0.999177643,0.065776545,0.248305392,0.466554476,0.219363588,Simulated Portfolio
0.299503789,0.25162421,1.110798478,0.786273277,0.172750305,0.016777416,0.024199003,Simulated Portfolio
0.320006359,0.215041023,1.395112217,0.219925264,0.349756131,0.338932325,0.091386279,Simulated Portfolio
0.337974537,0.236469466,1.344674821,0.680550291,0.258093658,0.013311084,0.048044967,Simulated Portfolio
0.230339402,0.196601986,1.069874245,0.174704922,0.183491476,0.179337368,0.462466234,Simulated Portfolio
0.246089806,0.194120369,1.16468873,0.274655065,0.201063216,0.249221117,0.275060602,Simulated Portfolio
0.384915125,0.237984184,1.533358726,0.189079595,0.465214049,0.318238945,0.02746741,Simulated Portfolio
0.433162866,0.255192252,1.619025899,0.056344614,0.536209181,0.014797624,0.392648582,Simulated Portfolio
0.253215889,0.206895556,1.127215554,0.192068466,0.249727495,0.426345106,0.131858933,Simulated Portfolio
0.3856766,0.228260762,1.602012528,0.240280367,0.444580495,0.213161606,0.101977532,Simulated Portfolio
0.224239475,0.205783276,0.992497929,0.098443948,0.208134789,0.356634144,0.336787118,Simulated Portfolio
0.347160139,0.208803888,1.566829728,0.26553488,0.354196442,0.054494826,0.325773852,Simulated Portfolio
0.166634487,0.204048346,0.718626197,0.116019576,0.106832295,0.369916921,0.407231208,Simulated Portfolio
0.2663458,0.211750288,1.163378818,0.163400932,0.278950003,0.437100198,0.120548867,Simulated Portfolio
0.202271394,0.200029459,0.911222748,0.15151714,0.1600019,0.352625323,0.335855638,Simulated Portfolio
0.216576345,0.192784864,1.019666901,0.342369049,0.132167778,0.203355918,0.322107255,Simulated Portfolio
0.227798447,0.197354256,1.052921031,0.330749406,0.1709844,0.346701434,0.15156476,Simulated Portfolio
0.260774501,0.211377726,1.139072245,0.196283768,0.266695442,0.464890891,0.072129899,Simulated Portfolio
0.294705682,0.209565248,1.310836052,0.12893028,0.312450925,0.255962158,0.302656637,Simulated Portfolio
0.207398593,0.198445357,0.944333472,0.157438203,0.162401443,0.307818932,0.372341422,Simulated Portfolio
0.189827037,0.196102828,0.866010139,0.229783529,0.123641998,0.34740541,0.299169063,Simulated Portfolio
0.255722018,0.206263152,1.142821755,0.119520919,0.255452902,0.328774369,0.29625181,Simulated Portfolio
0.332212147,0.228138507,1.368520165,0.028035566,0.38569045,0.173215331,0.413058653,Simulated Portfolio
0.224753089,0.192430214,1.064038148,0.33563868,0.141679181,0.154729417,0.367952722,Simulated Portfolio
0.189557204,0.198543954,0.854003363,0.396562317,0.062164469,0.092164097,0.449109117,Simulated Portfolio
0.139697879,0.201284167,0.594671108,0.198310136,0.039218621,0.319602958,0.442868285,Simulated Portfolio
0.246575062,0.205414508,1.10301392,0.48565786,0.165462666,0.264241829,0.084637645,Simulated Portfolio
0.210185177,0.194678059,0.976921479,0.348341065,0.130104355,0.286977495,0.234577084,Simulated Portfolio
0.513003911,0.298697821,1.650510568,0.074320566,0.69356861,0.200642005,0.031468819,Simulated Portfolio
0.17161345,0.214706845,0.706141672,0.478084085,0.060445339,0.458086384,0.003384193,Simulated Portfolio
0.377695336,0.236642753,1.511541473,0.090515124,0.459201204,0.22383171,0.226451962,Simulated Portfolio
0.247876892,0.201770804,1.129384864,0.135531939,0.231875747,0.269938417,0.362653897,Simulated Portfolio
0.200387447,0.212118279,0.850409723,0.028174559,0.176312977,0.329503906,0.466008558,Simulated Portfolio
0.319043251,0.203135384,1.472137671,0.277485573,0.314642584,0.148085282,0.25978656,Simulated Portfolio
0.26918174,0.209343151,1.190302802,0.54402024,0.16294236,0.006531062,0.286506337,Simulated Portfolio
0.241172962,0.19463676,1.136337049,0.297676863,0.191946907,0.278817218,0.231559012,Simulated Portfolio
0.252604798,0.198059273,1.174420138,0.276145788,0.221240666,0.325271546,0.177342,Simulated Portfolio
0.206992136,0.195007446,0.958897416,0.346814131,0.126275359,0.298767184,0.228143325,Simulated Portfolio
0.300034321,0.2090069,1.3398329,0.330382816,0.295581359,0.342435598,0.031600227,Simulated Portfolio
0.191015769,0.205439957,0.832436746,0.464391102,0.082102354,0.338560148,0.114946396,Simulated Portfolio
0.191633858,0.201999805,0.849673382,0.168652788,0.10532596,0.077650718,0.648370534,Simulated Portfolio
0.297083778,0.225918954,1.226474244,0.028160833,0.34646714,0.352429098,0.272942928,Simulated Portfolio
0.263465946,0.20620823,1.180680065,0.158115437,0.265863325,0.361963566,0.214057672,Simulated Portfolio
0.518523501,0.301577058,1.653055123,0.078654457,0.702952113,0.205737681,0.012655749,Simulated Portfolio
0.291477054,0.204961546,1.324526771,0.343643228,0.274494416,0.310340761,0.071521595,Simulated Portfolio
0.186077448,0.223647706,0.742585072,0.045645786,0.181442476,0.603757246,0.169154493,Simulated Portfolio
0.226050728,0.204764598,1.006281017,0.509699409,0.115144507,0.177732997,0.197423087,Simulated Portfolio
0.333106487,0.208386153,1.502530189,0.442029812,0.300809721,0.078852677,0.17830779,Simulated Portfolio
0.346659934,0.2104706,1.552045434,0.250667576,0.364333767,0.123397514,0.261601144,Simulated Portfolio
0.262805557,0.198022813,1.226149418,0.20814368,0.242081261,0.24942424,0.300350818,Simulated Portfolio
0.31031681,0.210193541,1.38118806,0.137245902,0.330002765,0.189908154,0.342843178,Simulated Portfolio
0.291995021,0.22013644,1.235574719,0.039569244,0.32760266,0.286185704,0.346642392,Simulated Portfolio
0.155230294,0.198080705,0.68270301,0.222645515,0.056670559,0.277936122,0.442747804,Simulated Portfolio
0.166499738,0.200823928,0.729493438,0.271743398,0.087368997,0.444562081,0.196325524,Simulated Portfolio
0.254209366,0.194098165,1.206654201,0.246890403,0.211956336,0.181249911,0.35990335,Simulated Portfolio
0.26474021,0.214266713,1.142222263,0.585707874,0.155553715,0.071695729,0.187042683,Simulated Portfolio
0.382802997,0.241084706,1.5048777,0.174489718,0.468584085,0.354575726,0.002350471,Simulated Portfolio
0.292611133,0.210809041,1.293166229,0.470664569,0.249154076,0.274874172,0.005307183,Simulated Portfolio
0.290400966,0.199026215,1.358619849,0.398548257,0.225415606,0.001302,0.374734137,Simulated Portfolio
0.198305858,0.197309093,0.903687992,0.390149421,0.103253193,0.297692159,0.208905227,Simulated Portfolio
0.294012255,0.209130488,1.310245377,0.236021694,0.304608019,0.361883615,0.097486671,Simulated Portfolio
0.337276647,0.227949525,1.391872375,0.147113103,0.397981455,0.381474847,0.073430594,Simulated Portfolio
0.151087428,0.19928154,0.657800156,0.308716587,0.04400783,0.361802497,0.285473087,Simulated Portfolio
0.193796699,0.193461944,0.898350837,0.326400755,0.095476652,0.202087525,0.376035069,Simulated Portfolio
0.165547895,0.198621811,0.732789085,0.202668052,0.0884578,0.363402787,0.34547136,Simulated Portfolio
0.22892029,0.207010995,1.009223159,0.485190959,0.141529352,0.318511216,0.054768472,Simulated Portfolio
0.220554548,0.210827445,0.951273437,0.078248767,0.213957946,0.427468579,0.280324708,Simulated Portfolio
0.219957346,0.19502577,1.025286791,0.348843901,0.118817685,0.053831389,0.478507026,Simulated Portfolio
0.399679507,0.238417846,1.592496171,0.243858396,0.47581788,0.276575008,0.003748716,Simulated Portfolio
0.28017076,0.220920873,1.177664911,0.024113781,0.313548395,0.316145552,0.346192272,Simulated Portfolio
0.264256718,0.197887054,1.234323886,0.282287748,0.23609967,0.290457243,0.191155339,Simulated Portfolio
0.277194329,0.216616037,1.187328196,0.148255763,0.302601844,0.45473856,0.094403833,Simulated Portfolio
0.269539331,0.199392911,1.251495498,0.318420745,0.239686403,0.298689216,0.143203636,Simulated Portfolio
0.321959078,0.21598841,1.398033707,0.098048356,0.341093592,0.055813042,0.50504501,Simulated Portfolio
0.384549152,0.232515942,1.567845837,0.246047007,0.449862657,0.281825964,0.022264372,Simulated Portfolio
0.279768482,0.198871663,1.306211643,0.352144487,0.244055188,0.238769133,0.165031192,Simulated Portfolio
0.261993742,0.197890635,1.222866064,0.399130767,0.202917371,0.223420261,0.174531601,Simulated Portfolio
0.236200569,0.193893568,1.115047655,0.30175346,0.181288688,0.267938862,0.249018991,Simulated Portfolio
0.192060398,0.195614568,0.879588876,0.227200118,0.125988633,0.330919607,0.315891642,Simulated Portfolio
0.110149254,0.217399555,0.414670831,0.069513815,0.032042532,0.490662096,0.407781557,Simulated Portfolio
0.287757545,0.198502367,1.348888429,0.226517598,0.263916206,0.099911502,0.409654694,Simulated Portfolio
0.54313072,0.31457073,1.662998715,0.01430211,0.743872705,0.095083631,0.146741553,Simulated Portfolio
0.205735686,0.193954573,0.957624678,0.293486861,0.134370181,0.303762963,0.268379995,Simulated Portfolio
0.239861267,0.197000901,1.11604194,0.420579493,0.140560814,0.056259637,0.382600055,Simulated Portfolio
0.137414801,0.202265991,0.580497003,0.240313163,0.012896773,0.197230293,0.549559771,Simulated Portfolio
0.324749537,0.229679068,1.326849415,0.021004246,0.384436081,0.259378677,0.335180996,Simulated Portfolio
0.153545891,0.204037005,0.654517991,0.367465736,0.045440279,0.42671649,0.160377494,Simulated Portfolio
0.316609366,0.208000469,1.426003356,0.313840844,0.318783676,0.272032118,0.095343361,Simulated Portfolio
0.232666818,0.206478381,1.029971355,0.479882898,0.14863346,0.315661211,0.055822431,Simulated Portfolio
0.368828375,0.218649634,1.595375979,0.291670994,0.401670873,0.176438477,0.130219655,Simulated Portfolio
0.330652197,0.206542439,1.504059888,0.33788871,0.326230761,0.168342731,0.167537799,Simulated Portfolio
0.268319164,0.202468348,1.226459178,0.457789955,0.201704921,0.210746815,0.12975831,Simulated Portfolio
0.294164604,0.211754795,1.294726782,0.179676417,0.315518514,0.365468101,0.139336968,Simulated Portfolio
0.236904643,0.210877402,1.028581729,0.063023087,0.202728709,0.076714012,0.657534192,Simulated Portfolio
0.274737477,0.196488504,1.296449778,0.284300458,0.245050269,0.217246958,0.253402314,Simulated Portfolio
0.292394125,0.211075686,1.290504512,0.112057832,0.312758554,0.266332031,0.308851583,Simulated Portfolio
0.264465478,0.194154808,1.259126572,0.30081898,0.219759596,0.179804661,0.299616764,Simulated Portfolio
0.259082767,0.204109453,1.17134588,0.160838357,0.255285556,0.341258042,0.242618045,Simulated Portfolio
0.420816086,0.256315986,1.563757658,0.043142634,0.535530225,0.166575938,0.254751203,Simulated Portfolio
0.170743085,0.217356411,0.693529508,0.544422972,0.034354752,0.353938794,0.067283482,Simulated Portfolio
0.175053142,0.203525217,0.761837496,0.456745005,0.04737222,0.268198181,0.227684593,Simulated Portfolio
0.160558685,0.209397186,0.671253934,0.130578602,0.059812784,0.089076082,0.720532533,Simulated Portfolio
0.268816619,0.194990982,1.276041674,0.264651849,0.233012541,0.172873568,0.329462042,Simulated Portfolio
0.324559973,0.233039047,1.306905328,0.018817019,0.392374467,0.324649069,0.264159444,Simulated Portfolio
0.321753737,0.212091832,1.42275039,0.443750701,0.298875041,0.228382145,0.028992114,Simulated Portfolio
0.284132121,0.227691079,1.16004598,0.055499297,0.333329323,0.470515737,0.140655643,Simulated Portfolio
0.274030384,0.221186651,1.14848877,0.035588538,0.308347806,0.378421722,0.277641935,Simulated Portfolio
0.146940301,0.200300476,0.633749374,0.353211491,0.021607137,0.302458161,0.322723211,Simulated Portfolio
0.219785577,0.192521563,1.037730912,0.258508781,0.15403878,0.212586553,0.374865885,Simulated Portfolio
0.261108477,0.20735354,1.162789297,0.489247699,0.190345441,0.267354407,0.053052454,Simulated Portfolio
0.254198333,0.198033633,1.182618983,0.249981485,0.227449914,0.314552441,0.20801616,Simulated Portfolio
0.113393462,0.211543759,0.441485309,0.154254909,0.02440561,0.508156995,0.313182485,Simulated Portfolio
0.200993166,0.194464595,0.930725541,0.292029737,0.102279345,0.10351208,0.502178838,Simulated Portfolio
0.353170348,0.232605735,1.432339351,0.031646441,0.415643126,0.126168579,0.426541854,Simulated Portfolio
0.276836619,0.195152029,1.316084797,0.342112806,0.226564985,0.120722471,0.310599739,Simulated Portfolio
0.346437976,0.219664945,1.486072239,0.121130459,0.3877005,0.12561844,0.365550601,Simulated Portfolio
0.452683329,0.247927295,1.745202476,0.36240997,0.523673362,0.090751218,0.02316545,Simulated Portfolio
0.266525228,0.207249152,1.189511397,0.10528211,0.270219009,0.274731822,0.349767059,Simulated Portfolio
0.242895644,0.210456118,1.059107457,0.048698511,0.227898162,0.177910342,0.545492985,Simulated Portfolio
0.143032192,0.203412195,0.60484177,0.322457147,0.036616862,0.436810282,0.204115709,Simulated Portfolio
0.374785431,0.219568051,1.61583358,0.255569801,0.413276293,0.132887127,0.198266779,Simulated Portfolio
0.181212291,0.201146827,0.801465741,0.127289717,0.11997044,0.286534907,0.466204936,Simulated Portfolio
0.1560537,0.207898661,0.654423164,0.244902282,0.086428101,0.54637329,0.122296327,Simulated Portfolio
0.296048616,0.220353223,1.252755064,0.075497815,0.336788245,0.358189229,0.229524711,Simulated Portfolio
0.326112405,0.227305393,1.346701024,0.117487974,0.385168501,0.390949853,0.106393671,Simulated Portfolio
0.2638003,0.197736888,1.232953055,0.418325037,0.178717956,0.025643727,0.37731328,Simulated Portfolio
0.332191174,0.219697459,1.421004938,0.53353445,0.293159096,0.166119681,0.007186773,Simulated Portfolio
0.300394475,0.204691102,1.369842033,0.184156021,0.306244609,0.205849532,0.303749838,Simulated Portfolio
0.245988402,0.198599562,1.137909867,0.321837251,0.203485655,0.341705845,0.132971249,Simulated Portfolio
0.326187371,0.229850923,1.332112864,0.005537376,0.378941306,0.169910637,0.445610681,Simulated Portfolio
0.198493586,0.209920769,0.850290266,0.149755145,0.174628157,0.525516364,0.150100334,Simulated Portfolio
0.337696131,0.20792033,1.527970499,0.231760836,0.340185434,0.023386175,0.404667555,Simulated Portfolio
0.370668037,0.225429732,1.555553621,0.541196745,0.34341031,0.042001764,0.073391181,Simulated Portfolio
0.137552451,0.200592613,0.586025825,0.233659564,0.030487868,0.331142982,0.404709587,Simulated Portfolio
0.295521196,0.200468523,1.374386325,0.23699466,0.286497938,0.191486344,0.285021057,Simulated Portfolio
0.385794298,0.225110234,1.624956321,0.239061364,0.437927609,0.154463089,0.168547938,Simulated Portfolio
0.265988852,0.197565556,1.245099889,0.20566628,0.243256517,0.20974506,0.341332143,Simulated Portfolio
0.161971068,0.199251141,0.712523237,0.309905615,0.066369832,0.392797872,0.23092668,Simulated Portfolio
0.227987541,0.19243382,1.08082634,0.263701417,0.161542916,0.164876819,0.409878848,Simulated Portfolio
0.333095723,0.22291975,1.404522135,0.19766557,0.380611401,0.373445079,0.04827795,Simulated Portfolio
0.199470851,0.201720817,0.889699205,0.429274678,0.065565789,0.027229283,0.477930249,Simulated Portfolio
0.188959547,0.205164284,0.823532945,0.38234249,0.107198934,0.452860368,0.057598208,Simulated Portfolio
0.194489442,0.20166101,0.865261175,0.427927621,0.058966378,0.041987809,0.471118192,Simulated Portfolio
0.268113747,0.201736628,1.229889433,0.193037195,0.260491539,0.303190327,0.24328094,Simulated Portfolio
0.197112617,0.216015918,0.819905399,0.195738273,0.174317105,0.611898241,0.018046381,Simulated Portfolio
0.18911248,0.215553557,0.784549707,0.057381203,0.173204108,0.509503238,0.259911451,Simulated Portfolio
0.332916016,0.223722859,1.398676994,0.072494687,0.384149346,0.217173088,0.326182878,Simulated Portfolio
0.302593935,0.202761041,1.393728964,0.223313514,0.302230119,0.199851479,0.274604889,Simulated Portfolio
0.27188209,0.195966228,1.285334176,0.38666122,0.209427057,0.11669715,0.287214573,Simulated Portfolio
0.182930245,0.195028623,0.835417095,0.238997806,0.104649215,0.302756379,0.3535966,Simulated Portfolio
0.333692967,0.236043446,1.328962833,0.055063534,0.409861306,0.393054293,0.142020867,Simulated Portfolio
0.199946989,0.198335352,0.907286508,0.232662343,0.146946463,0.399721725,0.220669469,Simulated Portfolio
0.251273688,0.201554393,1.147450495,0.399646119,0.196239404,0.322715145,0.081399331,Simulated Portfolio
0.323238647,0.219421804,1.38198958,0.106651391,0.367463481,0.269077229,0.256807899,Simulated Portfolio
0.290747425,0.206916403,1.308487005,0.12931982,0.283036726,0.069427147,0.518216307,Simulated Portfolio
0.245751074,0.201105124,1.122552572,0.375377346,0.194230047,0.348848657,0.08154395,Simulated Portfolio
0.275878742,0.207196869,1.234954679,0.124013573,0.283698709,0.280403891,0.311883827,Simulated Portfolio
0.359407436,0.213672432,1.588447481,0.365070012,0.366243975,0.128232242,0.140453771,Simulated Portfolio
0.284032927,0.201956672,1.307374125,0.19839911,0.280446169,0.248200481,0.272954239,Simulated Portfolio
0.235157726,0.198838321,1.082073744,0.159888249,0.206397259,0.277855692,0.355858799,Simulated Portfolio
0.411060554,0.257269668,1.520041428,0.014753221,0.527099093,0.194025329,0.264122356,Simulated Portfolio
0.236033664,0.194401547,1.111275437,0.389893898,0.152239904,0.161936559,0.295929639,Simulated Portfolio
0.371131697,0.218197485,1.609238056,0.283513999,0.403715547,0.148064063,0.164706391,Simulated Portfolio
0.180418385,0.209433212,0.765964403,0.061315118,0.14315619,0.391032169,0.404496524,Simulated Portfolio
0.132198778,0.20847558,0.538186671,0.150623325,0.055140574,0.487617373,0.306618728,Simulated Portfolio
0.308205577,0.20336285,1.417198748,0.36469183,0.287109156,0.206442632,0.141756383,Simulated Portfolio
0.273364898,0.195499735,1.295985893,0.255308822,0.239180353,0.144681324,0.360829501,Simulated Portfolio
0.255177805,0.203039463,1.158286182,0.119285144,0.2402817,0.2104099,0.430023257,Simulated Portfolio
0.283472068,0.199965526,1.31758745,0.382181462,0.243113961,0.222952462,0.151752114,Simulated Portfolio
0.282659985,0.196549925,1.336352508,0.37419866,0.228696578,0.103037894,0.294066868,Simulated Portfolio
0.458014757,0.255547552,1.714024464,0.231341313,0.562694674,0.140773433,0.06519058,Simulated Portfolio
0.238402752,0.201822716,1.082151485,0.119966359,0.205375577,0.16277216,0.511885904,Simulated Portfolio
0.301398832,0.202474784,1.389796927,0.308522314,0.289778881,0.241855464,0.15984334,Simulated Portfolio
0.27524115,0.20254309,1.260181974,0.172710207,0.271784006,0.263957705,0.291548082,Simulated Portfolio
0.207663675,0.208205343,0.901339383,0.522553299,0.065892895,0.052564786,0.35898902,Simulated Portfolio
0.284570249,0.210261097,1.258293867,0.293351622,0.283592263,0.409339465,0.01371665,Simulated Portfolio
0.357762588,0.215342978,1.568486655,0.31964711,0.378741649,0.187203566,0.114407675,Simulated Portfolio
0.26451081,0.198635252,1.230953762,0.432802103,0.193944766,0.163493655,0.209759476,Simulated Portfolio
0.283368345,0.216691268,1.215408201,0.133388792,0.312462447,0.425527275,0.128621486,Simulated Portfolio
0.321214816,0.212762711,1.415731237,0.314472578,0.332484492,0.320491432,0.032551497,Simulated Portfolio
0.260412829,0.211724995,1.135495736,0.568228669,0.148533491,0.04931994,0.2339179,Simulated Portfolio
0.250637777,0.19692517,1.171195012,0.244215067,0.220342407,0.29805387,0.237388656,Simulated Portfolio
0.189224985,0.194053883,0.872051529,0.275766239,0.107787008,0.293689672,0.32275708,Simulated Portfolio
0.281589651,0.212737242,1.229637315,0.567640511,0.181362795,0.016678744,0.23431795,Simulated Portfolio
0.272139106,0.221307557,1.139315392,0.015938761,0.266292185,0.027240539,0.690528516,Simulated Portfolio
0.252399462,0.208408374,1.115115756,0.096355192,0.255011254,0.337982706,0.310650848,Simulated Portfolio
0.331865466,0.204731511,1.523290014,0.274629137,0.323336646,0.031811172,0.370223045,Simulated Portfolio
0.117678783,0.208667692,0.468106887,0.293925371,0.004891036,0.49478329,0.206400303,Simulated Portfolio
0.322862421,0.204592777,1.480318245,0.232888113,0.322891763,0.094617573,0.349602551,Simulated Portfolio
0.188313713,0.195569464,0.860633914,0.363921529,0.086961507,0.26659649,0.282520474,Simulated Portfolio
0.166857482,0.206641897,0.710685898,0.119181529,0.116797698,0.454117968,0.309902805,Simulated Portfolio
0.257923449,0.194032981,1.226201074,0.36149748,0.192807979,0.141431784,0.304262757,Simulated Portfolio
0.249234737,0.202239009,1.133484276,0.438046966,0.181572975,0.28808653,0.09229353,Simulated Portfolio
0.499257698,0.280979018,1.705670771,0.158294617,0.648604144,0.151331495,0.041769744,Simulated Portfolio
0.42666925,0.247209101,1.645041581,0.116886913,0.522310011,0.083775989,0.277027088,Simulated Portfolio
0.174063492,0.234503531,0.656977279,0.670848708,0.004267235,0.246817435,0.078066622,Simulated Portfolio
0.293401057,0.224876008,1.215785796,0.098650413,0.34006686,0.458200523,0.103082204,Simulated Portfolio
0.123240102,0.203460234,0.507421522,0.236140325,0.010225106,0.372300072,0.381334497,Simulated Portfolio
0.296212562,0.22415444,1.232242209,0.023102753,0.340462149,0.30752936,0.328905739,Simulated Portfolio
0.309211298,0.228814811,1.263953576,0.094930175,0.366819506,0.447499326,0.090750993,Simulated Portfolio
0.174896969,0.211940995,0.730849493,0.134698283,0.140137824,0.555599664,0.169564229,Simulated Portfolio
0.100431742,0.217960465,0.369019867,0.190202697,0.008101341,0.613071087,0.188624875,Simulated Portfolio
0.329390672,0.228470666,1.354181164,0.106086063,0.391583327,0.379943821,0.122386789,Simulated Portfolio
0.316063795,0.216409035,1.368075021,0.110771436,0.352620084,0.255174162,0.281434318,Simulated Portfolio
0.306896443,0.205523516,1.395930008,0.172293715,0.311774488,0.140530404,0.375401393,Simulated Portfolio
0.262511753,0.232089974,1.044904047,0.03071127,0.309794254,0.548453911,0.111040565,Simulated Portfolio
0.372738446,0.216042569,1.632726582,0.256912765,0.394064367,0.004959132,0.344063736,Simulated Portfolio
0.487890706,0.263945489,1.772679307,0.284984531,0.595877697,0.067712204,0.051425568,Simulated Portfolio
0.209800438,0.202779064,0.935996222,0.455328517,0.077384328,0.016120475,0.45116668,Simulated Portfolio
0.129946032,0.212683015,0.51694787,0.158650848,0.003878704,0.106885974,0.730584473,Simulated Portfolio
0.522428847,0.28832835,1.74255791,0.153040095,0.679357507,0.065825662,0.101776736,Simulated Portfolio
0.173411406,0.198886067,0.771353211,0.297926629,0.051423391,0.086583565,0.564066415,Simulated Portfolio
0.178836553,0.201169063,0.789567495,0.328741498,0.097253229,0.435118547,0.138886726,Simulated Portfolio
0.245310766,0.203943734,1.104769245,0.161792678,0.235589317,0.377061019,0.225556985,Simulated Portfolio
0.24996672,0.194892711,1.17996573,0.252883248,0.21187183,0.250469473,0.284775449,Simulated Portfolio
0.311863718,0.201814439,1.446198395,0.37500581,0.282719116,0.13302202,0.209253054,Simulated Portfolio
0.326000099,0.207185839,1.476935395,0.350581843,0.320166011,0.203917098,0.125335047,Simulated Portfolio
0.205667189,0.209638773,0.885652908,0.062160599,0.155225032,0.129908575,0.652705795,Simulated Portfolio
0.178562109,0.207586,0.763838166,0.319287274,0.109561321,0.526921968,0.044229436,Simulated Portfolio
0.335164892,0.213344036,1.47726132,0.313637396,0.350922805,0.271878358,0.063561441,Simulated Portfolio
0.175058381,0.214633209,0.722434248,0.036174017,0.146095343,0.454560308,0.363170332,Simulated Portfolio
0.163497783,0.197214202,0.727623984,0.240503598,0.075317908,0.340744875,0.343433619,Simulated Portfolio
0.201936954,0.197715235,0.920196938,0.380602125,0.114680576,0.325980975,0.178736324,Simulated Portfolio
0.295530707,0.223679858,1.231808305,0.007335242,0.33233901,0.226242482,0.434083266,Simulated Portfolio
0.168835795,0.207601909,0.716928837,0.469993645,0.011838135,0.082674192,0.435494029,Simulated Portfolio
0.41816146,0.248518855,1.602137837,0.063019341,0.507794301,0.004542907,0.424643451,Simulated Portfolio
0.23834121,0.215594183,1.012741657,0.101272069,0.248618245,0.494183924,0.155925762,Simulated Portfolio
0.335004994,0.208432164,1.511307028,0.235237463,0.349466753,0.144224028,0.271071756,Simulated Portfolio
0.382471479,0.224071808,1.617657672,0.348225094,0.415902843,0.183631614,0.052240449,Simulated Portfolio
0.269899653,0.195553479,1.277909525,0.337031024,0.224811069,0.198127442,0.240030466,Simulated Portfolio
0.259644493,0.197464208,1.213609773,0.226311014,0.235670814,0.268955747,0.269062424,Simulated Portfolio
0.335431769,0.221037264,1.42705245,0.111289833,0.383984291,0.238014806,0.266711071,Simulated Portfolio
0.293250959,0.203208021,1.344685892,0.291351848,0.284438632,0.288726284,0.135483236,Simulated Portfolio
0.360902866,0.215195324,1.584155545,0.21032604,0.385230057,0.031567654,0.372876248,Simulated Portfolio
0.129364835,0.212189038,0.515412276,0.391475441,0.007581081,0.495987006,0.104956472,Simulated Portfolio
0.272575098,0.201164006,1.255568047,0.186462744,0.264557882,0.262980005,0.285999369,Simulated Portfolio
0.16265567,0.205806135,0.693155574,0.434015958,0.007903729,0.084677564,0.473402749,Simulated Portfolio
0.382364896,0.223885906,1.618524817,0.382836691,0.407472511,0.167282898,0.0424079,Simulated Portfolio
0.211963607,0.205173536,0.935615826,0.091577546,0.186223465,0.340828319,0.38137067,Simulated Portfolio
0.360831389,0.212315604,1.605305414,0.305688812,0.37435163,0.085750765,0.234208793,Simulated Portfolio
0.254285493,0.217221103,1.078557697,0.007416858,0.257829425,0.200559705,0.534194012,Simulated Portfolio
0.127765381,0.202749249,0.531520493,0.300988734,0.005640303,0.366807361,0.326563602,Simulated Portfolio
0.206096986,0.192925705,0.964604412,0.304936417,0.127337482,0.257464264,0.310261838,Simulated Portfolio
0.318783795,0.203128898,1.470907381,0.393030023,0.287397153,0.09956976,0.220003064,Simulated Portfolio
0.551176865,0.321410353,1.652643919,0.043163988,0.763602339,0.186590317,0.006643356,Simulated Portfolio
0.459848129,0.262244805,1.677242487,0.188348321,0.580220708,0.195165458,0.036265513,Simulated Portfolio
0.125486652,0.204749892,0.515197594,0.326995038,0.001225694,0.402009925,0.269769343,Simulated Portfolio
0.232403481,0.198691047,1.069013854,0.232615158,0.199314208,0.367998531,0.200072103,Simulated Portfolio
0.386584552,0.224912659,1.629897372,0.182969703,0.431258159,0.003470637,0.382301501,Simulated Portfolio
0.244290216,0.197697326,1.134513149,0.440396505,0.149883239,0.09978555,0.309934705,Simulated Portfolio
0.197973847,0.196465442,0.905878635,0.395596097,0.081680468,0.131733413,0.390990022,Simulated Portfolio
0.205568952,0.197504367,0.939568856,0.381121667,0.120215777,0.320525208,0.178137348,Simulated Portfolio
0.372716491,0.222017967,1.588684446,0.263375405,0.416669779,0.2024699,0.117484916,Simulated Portfolio
0.315341128,0.204885994,1.441490082,0.258453549,0.319292586,0.211185783,0.211068082,Simulated Portfolio
0.285833142,0.205565198,1.29318165,0.247191384,0.286173799,0.34321684,0.123417977,Simulated Portfolio
0.35493124,0.237253222,1.411703653,0.09917162,0.436010969,0.371333633,0.093483779,Simulated Portfolio
0.435816822,0.239093294,1.739140463,0.399125738,0.482532988,0.04690027,0.071441004,Simulated Portfolio
0.258259942,0.2065583,1.153475517,0.459099705,0.196284362,0.312177112,0.03243882,Simulated Portfolio
0.258897038,0.195602057,1.22134216,0.217539138,0.221046328,0.145209353,0.41620518,Simulated Portfolio
0.292471135,0.204101369,1.334979454,0.232366449,0.293862187,0.289392235,0.184379129,Simulated Portfolio
0.303345793,0.205060577,1.381766294,0.20264593,0.310915848,0.230019154,0.256419067,Simulated Portfolio
0.407079462,0.235710723,1.642180117,0.211353307,0.481934781,0.172195911,0.134516,Simulated Portfolio
0.099932911,0.219084341,0.364849952,0.124259422,0.016320543,0.589253415,0.27016662,Simulated Portfolio
0.351376999,0.230673668,1.436561886,0.124650291,0.420529905,0.332274837,0.122544967,Simulated Portfolio
0.22308362,0.19719071,1.029884317,0.290691007,0.172171291,0.364006403,0.173131298,Simulated Portfolio
0.305760227,0.201213734,1.420182515,0.383305529,0.271992464,0.144164351,0.200537655,Simulated Portfolio
0.289581311,0.198214097,1.360051149,0.257548663,0.253116802,0.030818111,0.458516425,Simulated Portfolio
0.168002578,0.207505223,0.713247484,0.077244564,0.115252278,0.361809101,0.445694057,Simulated Portfolio
0.313140685,0.214076833,1.369324653,0.112920804,0.342824913,0.219135096,0.325119187,Simulated Portfolio
0.233562298,0.196682059,1.085825004,0.239326135,0.195525328,0.330028494,0.235120043,Simulated Portfolio
0.303344865,0.205736579,1.37722162,0.333355023,0.293827325,0.284828816,0.087988835,Simulated Portfolio
0.176517102,0.196377853,0.797020132,0.36370679,0.059134957,0.204852689,0.372305565,Simulated Portfolio
0.200158841,0.212248928,0.848809192,0.05611806,0.184038333,0.438869502,0.320974104,Simulated Portfolio
0.414184378,0.237847329,1.657300002,0.276632656,0.485396535,0.19705065,0.040920159,Simulated Portfolio
0.180294692,0.220233012,0.727841348,0.099917382,0.163816672,0.622195041,0.114070906,Simulated Portfolio
0.502160944,0.280308735,1.720106735,0.158606748,0.649468624,0.117289514,0.074635114,Simulated Portfolio
0.298305384,0.205291836,1.355657337,0.423732977,0.261782957,0.227300473,0.087183593,Simulated Portfolio
0.159571676,0.204602207,0.682161147,0.39608019,0.04868016,0.410098248,0.145141402,Simulated Portfolio
0.195736947,0.19934654,0.881565072,0.165201731,0.147269332,0.36141471,0.326114227,Simulated Portfolio
0.336348961,0.212022436,1.49205418,0.414578531,0.325256368,0.193778054,0.066387047,Simulated Portfolio
0.389142449,0.231212226,1.596552464,0.173180121,0.458393067,0.177073781,0.191353032,Simulated Portfolio
0.250939986,0.202991184,1.137684806,0.118769961,0.236325049,0.237661549,0.407243441,Simulated Portfolio
0.368104651,0.229086396,1.519534361,0.086633727,0.418332096,0.016736342,0.478297836,Simulated Portfolio
0.312785927,0.218342341,1.340948924,0.561127642,0.253077599,0.153782613,0.032012146,Simulated Portfolio
0.263405419,0.19661601,1.237973546,0.39909599,0.182294923,0.032067817,0.386541269,Simulated Portfolio
0.301462369,0.21292394,1.321891606,0.111141938,0.327785809,0.259394599,0.301677654,Simulated Portfolio
0.326136243,0.208830184,1.46595783,0.413006626,0.306930681,0.186050206,0.094012487,Simulated Portfolio
0.13663586,0.20267253,0.575489241,0.187204523,0.029970328,0.270164885,0.512660264,Simulated Portfolio
0.365225362,0.212409256,1.625283981,0.304138255,0.372191023,0.002417685,0.321253037,Simulated Portfolio
0.273024474,0.196907506,1.284991512,0.240643162,0.248766451,0.20702163,0.303568756,Simulated Portfolio
0.360513695,0.212054781,1.60578174,0.277973154,0.374401548,0.049055364,0.298569934,Simulated Portfolio
0.456498401,0.263744999,1.655001623,0.130269162,0.582997567,0.178964467,0.107768805,Simulated Portfolio
0.341954505,0.206708107,1.55753207,0.317491673,0.338352253,0.075942693,0.268213381,Simulated Portfolio
0.32219808,0.226031087,1.336975742,0.125309461,0.377871821,0.398390678,0.098428041,Simulated Portfolio
0.177936501,0.221753495,0.712216516,0.577062397,0.040921009,0.354196257,0.027820337,Simulated Portfolio
0.230468561,0.192747294,1.091940416,0.317148816,0.163957677,0.229642641,0.289250866,Simulated Portfolio
0.209932135,0.196390297,0.967115679,0.174105535,0.153014609,0.218654905,0.454224951,Simulated Portfolio
0.348610636,0.230411292,1.426191543,0.12680707,0.41677748,0.34411235,0.112303099,Simulated Portfolio
0.281125895,0.217212725,1.202166658,0.063823008,0.310932178,0.340438012,0.284806802,Simulated Portfolio
0.224911904,0.193838438,1.057127296,0.254444163,0.171546887,0.278082798,0.295926153,Simulated Portfolio
0.252395239,0.196491228,1.182725774,0.206123404,0.222676608,0.234910685,0.336289303,Simulated Portfolio
0.224279327,0.198130222,1.03103567,0.443768354,0.123813285,0.175932122,0.256486239,Simulated Portfolio
0.179136809,0.195861031,0.812498578,0.224954967,0.087819434,0.196525485,0.490700115,Simulated Portfolio
0.17435611,0.206416732,0.747788749,0.463210186,0.053945365,0.342440288,0.14040416,Simulated Portfolio
0.239118627,0.194820377,1.124721297,0.285453071,0.191811314,0.288807611,0.233928004,Simulated Portfolio
0.268799704,0.201905221,1.232259879,0.328339535,0.241322078,0.337786204,0.092552184,Simulated Portfolio
0.254805122,0.196381421,1.195658534,0.231101836,0.225414695,0.260576301,0.282907168,Simulated Portfolio
0.115092368,0.214320232,0.443692914,0.075557774,0.023503733,0.357965687,0.542972805,Simulated Portfolio
0.323677954,0.21031359,1.443929296,0.337248946,0.326810107,0.272312452,0.063628495,Simulated Portfolio
0.362427005,0.227382064,1.505954338,0.156086448,0.425631833,0.263211004,0.155070716,Simulated Portfolio
0.223416883,0.193719683,1.050057894,0.373039955,0.136782845,0.189537596,0.300639605,Simulated Portfolio
0.238950978,0.203010502,1.078520447,0.45966797,0.159029509,0.281268735,0.100033785,Simulated Portfolio
0.342591984,0.210624664,1.531596429,0.221512909,0.362507742,0.12282147,0.293157879,Simulated Portfolio
0.323549965,0.227471228,1.334454331,0.032466289,0.379311222,0.251330423,0.336892066,Simulated Portfolio
0.313806169,0.202873213,1.448225544,0.379494089,0.287265997,0.149592809,0.183647105,Simulated Portfolio
0.242406658,0.203559012,1.092590575,0.113677003,0.227942886,0.282996458,0.375383653,Simulated Portfolio
0.167206054,0.198058516,0.743245266,0.189013928,0.081678695,0.26284542,0.466461956,Simulated Portfolio
0.200611581,0.193625268,0.932789311,0.334582132,0.099350394,0.148676391,0.417391082,Simulated Portfolio
0.192120759,0.197992153,0.869331218,0.288047129,0.123385934,0.399950738,0.1886162,Simulated Portfolio
0.256802976,0.19368433,1.222623306,0.278749806,0.211503001,0.188155142,0.32159205,Simulated Portfolio
0.308178258,0.20804154,1.385195755,0.371148339,0.29521966,0.28380703,0.04982497,Simulated Portfolio
0.32901014,0.218579942,1.413716816,0.09163175,0.35142718,0.030638139,0.52630293,Simulated Portfolio
0.198917539,0.212951644,0.840179186,0.060442748,0.183966756,0.462598967,0.292991529,Simulated Portfolio
0.312792476,0.208775137,1.402429809,0.246097698,0.326701337,0.290643718,0.136557247,Simulated Portfolio
0.308276017,0.203982682,1.4132377,0.270748159,0.307732509,0.235228008,0.186291324,Simulated Portfolio
0.319908854,0.2272487,1.319738481,0.058696558,0.378257461,0.334302298,0.228743683,Simulated Portfolio
0.394476963,0.229877458,1.629028646,0.159772705,0.453799214,0.042230678,0.344197403,Simulated Portfolio
0.267428353,0.194830977,1.269964134,0.256565466,0.229496602,0.151486953,0.362450979,Simulated Portfolio
0.498165204,0.272644938,1.753801878,0.193427749,0.629027218,0.057476496,0.120068537,Simulated Portfolio
0.235640845,0.213883421,1.008216738,0.021109717,0.231369651,0.26937624,0.478144392,Simulated Portfolio
0.239020267,0.204613644,1.070408904,0.472920332,0.157413165,0.286793648,0.082872855,Simulated Portfolio
0.229066809,0.194903823,1.072666539,0.271659555,0.179307039,0.308674761,0.240358644,Simulated Portfolio
0.295863542,0.200227073,1.377753456,0.346105135,0.269074951,0.206120376,0.178699538,Simulated Portfolio
0.300747335,0.201882851,1.390644793,0.208438634,0.283992468,0.052743339,0.454825559,Simulated Portfolio
0.197681597,0.194532918,0.913375479,0.322031356,0.092264305,0.113102281,0.472602058,Simulated Portfolio
0.163891329,0.199299587,0.721985082,0.372743436,0.049522304,0.319980113,0.257754147,Simulated Portfolio
0.238435217,0.194618594,1.122375886,0.383017195,0.147717141,0.079609453,0.389656211,Simulated Portfolio
0.374424008,0.229666076,1.543214456,0.166995579,0.441845815,0.241847467,0.149311139,Simulated Portfolio
0.319851671,0.21243176,1.411519971,0.466396465,0.289391598,0.211085913,0.033126024,Simulated Portfolio
0.157625871,0.202215365,0.680590573,0.417567932,0.018634113,0.221151995,0.34264596,Simulated Portfolio
0.203284299,0.192756506,0.950859205,0.312176552,0.118100255,0.232121208,0.337601985,Simulated Portfolio
0.34109353,0.220928776,1.4533803,0.09281428,0.378944737,0.087157165,0.441083817,Simulated Portfolio
0.348265568,0.224196944,1.464183952,0.581143895,0.296199015,0.032137602,0.090519488,Simulated Portfolio
0.338138029,0.216953968,1.466384929,0.151122693,0.377938691,0.208911121,0.262027495,Simulated Portfolio
0.327370568,0.204628009,1.502094306,0.259047198,0.314687159,0.001180554,0.425085088,Simulated Portfolio
0.445119708,0.244830934,1.736380698,0.308693815,0.52100267,0.096427895,0.073875619,Simulated Portfolio
0.520578103,0.30274497,1.653464644,0.025290741,0.705590829,0.117892574,0.151225856,Simulated Portfolio
0.360743275,0.211999578,1.607282799,0.302732142,0.373074456,0.071978144,0.252215258,Simulated Portfolio
0.212360764,0.193102007,0.996161388,0.275262936,0.145281083,0.271739471,0.30771651,Simulated Portfolio
0.264901468,0.207220424,1.181840398,0.121472941,0.232731393,0.011481191,0.634314475,Simulated Portfolio
0.393109217,0.251455301,1.483799373,0.040670603,0.50160153,0.279247915,0.178479952,Simulated Portfolio
0.350967615,0.228160414,1.450591751,0.183463686,0.411742249,0.353697178,0.051096887,Simulated Portfolio
0.228568442,0.192834867,1.081590926,0.3524686,0.144466722,0.148376056,0.354688622,Simulated Portfolio
0.239642707,0.206970104,1.061229148,0.201307344,0.228618767,0.460034977,0.110038913,Simulated Portfolio
0.353487038,0.210095095,1.58731473,0.321849495,0.358968515,0.087908027,0.231273963,Simulated Portfolio
0.435790636,0.256528477,1.620836177,0.055124589,0.542096468,0.024063827,0.378715116,Simulated Portfolio
0.232152227,0.207022019,1.024780979,0.10270882,0.223558596,0.377363801,0.296368783,Simulated Portfolio
0.321555203,0.223679834,1.348155517,0.116285252,0.37392623,0.361329438,0.14845908,Simulated Portfolio
0.149992277,0.204668786,0.635134842,0.183835266,0.078153477,0.472954949,0.265056308,Simulated Portfolio
0.418092063,0.254176893,1.56620084,0.143984176,0.529427006,0.306681455,0.019907364,Simulated Portfolio
0.284718045,0.20938209,1.264282178,0.177989337,0.299146308,0.362768899,0.160095456,Simulated Portfolio
0.20178783,0.218487476,0.832028607,0.117043753,0.19478414,0.596205123,0.091966984,Simulated Portfolio
0.254194769,0.200609262,1.167417529,0.226260179,0.236072912,0.350453919,0.18721299,Simulated Portfolio
0.204185072,0.193854901,0.950118215,0.343181431,0.117332825,0.259440155,0.280045588,Simulated Portfolio
0.242983591,0.192607804,1.157707973,0.274573481,0.185945009,0.16830976,0.37117175,Simulated Portfolio
0.394916653,0.227962008,1.644645333,0.463265977,0.404467748,0.083086784,0.049179491,Simulated Portfolio
0.372582603,0.253185854,1.392584132,0.01450107,0.482001836,0.372044585,0.131452508,Simulated Portfolio
0.231375402,0.199980963,1.056977617,0.1822718,0.205283103,0.356570506,0.255874591,Simulated Portfolio
0.300044066,0.206273827,1.35763257,0.177755368,0.31103982,0.241026176,0.270178637,Simulated Portfolio
0.294801703,0.200607238,1.369849392,0.390020585,0.256127907,0.180014687,0.173836822,Simulated Portfolio
0.272829392,0.209891101,1.204574139,0.165829481,0.284905925,0.397064555,0.152200039,Simulated Portfolio
0.280517222,0.195723448,1.33104758,0.350293299,0.231090559,0.117713749,0.300902393,Simulated Portfolio
0.236484448,0.208173604,1.039922658,0.274393046,0.213599139,0.4906952,0.021312615,Simulated Portfolio
0.362080848,0.215440763,1.587818587,0.33313762,0.380482951,0.159932315,0.126447115,Simulated Portfolio
0.298353733,0.203209607,1.369786283,0.288966103,0.291301162,0.268795287,0.150937447,Simulated Portfolio
0.127528977,0.214361735,0.501623934,0.369334093,0.01481716,0.549067085,0.066781661,Simulated Portfolio
0.281275052,0.198789816,1.314328156,0.258075605,0.263878094,0.240109697,0.237936604,Simulated Portfolio
0.192942773,0.228494714,0.756878661,0.087166749,0.195317074,0.682690443,0.034825733,Simulated Portfolio
0.169159024,0.225331493,0.661953739,0.603506528,0.01698861,0.321485679,0.058019183,Simulated Portfolio
0.283762067,0.214609244,1.229034043,0.163716391,0.307423319,0.423679974,0.105180316,Simulated Portfolio
0.141912333,0.200124985,0.609180971,0.303034276,0.012713614,0.2254428,0.45880931,Simulated Portfolio
0.34623878,0.240215909,1.358106469,0.109399468,0.428515869,0.449344839,0.012739823,Simulated Portfolio
0.126138929,0.20451568,0.518976977,0.276316791,0.015701012,0.436502504,0.271479692,Simulated Portfolio
0.295750943,0.211573662,1.30333304,0.502981809,0.24242378,0.22256788,0.032026531,Simulated Portfolio
0.251161894,0.194237069,1.190101848,0.270486904,0.208856946,0.234773747,0.285882403,Simulated Portfolio
0.238914773,0.211426674,1.035417004,0.231313424,0.228989032,0.518670543,0.021027001,Simulated Portfolio
0.183405185,0.203266329,0.803896962,0.182952067,0.13512173,0.464398416,0.217527786,Simulated Portfolio
0.224718741,0.200249552,1.022318098,0.269753015,0.184597975,0.412112597,0.133536413,Simulated Portfolio
0.292640844,0.202436106,1.346799488,0.336143595,0.272934246,0.26941761,0.121504549,Simulated Portfolio
0.366760163,0.232711571,1.490085611,0.055632194,0.428011252,0.069702485,0.446654068,Simulated Portfolio
0.303690485,0.217158406,1.306375791,0.070984447,0.336521115,0.23947629,0.353018148,Simulated Portfolio
0.242960593,0.214146461,1.041159364,0.063552341,0.253273882,0.409765284,0.273408493,Simulated Portfolio
0.188513271,0.194212638,0.867674073,0.24903645,0.110238053,0.284047193,0.356678304,Simulated Portfolio
0.270110038,0.198877831,1.257606427,0.234938229,0.252704263,0.272944246,0.239413261,Simulated Portfolio
0.500960768,0.269449756,1.784973845,0.235037542,0.620365248,0.00806334,0.136533871,Simulated Portfolio
0.40279084,0.247289917,1.54794358,0.032382489,0.489028555,0.023516539,0.455072416,Simulated Portfolio
0.22330796,0.192718725,1.054946579,0.324861851,0.15030678,0.230827086,0.294004283,Simulated Portfolio
0.151712932,0.200571908,0.656686836,0.238834595,0.064235153,0.415511199,0.281419054,Simulated Portfolio
0.174569925,0.196089778,0.788261003,0.215390398,0.091061878,0.274601703,0.418946021,Simulated Portfolio
0.322056332,0.216896093,1.392631504,0.127261663,0.361120185,0.26443039,0.247187761,Simulated Portfolio
0.354661606,0.209835705,1.594874457,0.345991562,0.352808647,0.056255553,0.244944238,Simulated Portfolio
0.327159851,0.228529025,1.344073694,0.013392547,0.368391438,0.080263498,0.537952517,Simulated Portfolio
0.355724379,0.226879465,1.479747756,0.213361179,0.412272589,0.334755175,0.039611058,Simulated Portfolio
0.328996321,0.209223003,1.476875469,0.181168947,0.342109457,0.088178509,0.388543087,Simulated Portfolio
0.199638527,0.20423689,0.879559647,0.462228673,0.095443783,0.322162762,0.120164781,Simulated Portfolio
0.343522811,0.214189924,1.510448324,0.185850862,0.375347334,0.162325847,0.276475958,Simulated Portfolio
0.418457041,0.231393807,1.721986627,0.308775033,0.468902619,0.04724246,0.175079889,Simulated Portfolio
0.216901857,0.205305738,0.959066505,0.082387802,0.177626076,0.184812007,0.555174115,Simulated Portfolio
0.478732383,0.260790546,1.759006953,0.313094568,0.578825783,0.100037583,0.008042067,Simulated Portfolio
0.318981544,0.202981266,1.472951419,0.335698022,0.304338504,0.151036109,0.208927365,Simulated Portfolio
0.230250506,0.198249786,1.06053333,0.265452836,0.190197423,0.372668943,0.171680798,Simulated Portfolio
0.17100132,0.201685653,0.748696388,0.38005647,0.030454662,0.070761221,0.518727647,Simulated Portfolio
0.245095045,0.204249779,1.102057717,0.215699399,0.230707037,0.420715239,0.132878324,Simulated Portfolio
0.253558081,0.194054574,1.20356906,0.243238282,0.209224322,0.162451151,0.385086244,Simulated Portfolio
0.251080359,0.198488713,1.164198991,0.441819264,0.169961718,0.170962726,0.217256291,Simulated Portfolio
0.356943256,0.217728342,1.547539714,0.250606136,0.393537373,0.217872513,0.137983979,Simulated Portfolio
0.363552876,0.261969399,1.31142369,0.007380763,0.482994111,0.499205329,0.010419797,Simulated Portfolio
0.234070953,0.20925125,1.023033092,0.064138986,0.227429845,0.323934053,0.384497117,Simulated Portfolio
0.175610529,0.203861713,0.763314145,0.339877031,0.093612367,0.467980035,0.098530567,Simulated Portfolio
0.320099959,0.211887063,1.416320351,0.241981985,0.341835247,0.30505854,0.111124228,Simulated Portfolio
0.298236585,0.198214959,1.403711335,0.343258863,0.263503203,0.12156252,0.271675413,Simulated Portfolio
0.329665093,0.24025383,1.288908037,0.051172511,0.410927327,0.453872031,0.08402813,Simulated Portfolio
0.335793801,0.210342962,1.501328107,0.188902668,0.353002018,0.092555041,0.365540273,Simulated Portfolio
0.308677,0.200866679,1.437157231,0.378254832,0.274387531,0.114559145,0.232798492,Simulated Portfolio
0.287205006,0.197584216,1.352360081,0.255468264,0.264642105,0.157391645,0.322497986,Simulated Portfolio
0.279144814,0.198241177,1.307219917,0.270443698,0.25813426,0.241651417,0.229770625,Simulated Portfolio
0.256057085,0.208532947,1.131989396,0.126212668,0.261281134,0.382361656,0.230144543,Simulated Portfolio
0.10046611,0.227932326,0.353026317,0.044972652,0.037723115,0.639894226,0.277410007,Simulated Portfolio
0.259307955,0.218893464,1.093262225,0.024327279,0.282514286,0.358603745,0.33455469,Simulated Portfolio
0.373001188,0.214566491,1.645183207,0.340363402,0.38129814,0.020777561,0.257560898,Simulated Portfolio
0.185527267,0.201604694,0.821048675,0.387365926,0.092981768,0.391778415,0.127873892,Simulated Portfolio
0.326955572,0.210766742,1.456375752,0.18384766,0.350922809,0.194598198,0.270631333,Simulated Portfolio
0.269450097,0.209581936,1.19022709,0.104460778,0.28094857,0.320491729,0.294098922,Simulated Portfolio
0.177345278,0.203914318,0.771624473,0.45297677,0.032030523,0.102388182,0.412604525,Simulated Portfolio
0.188432738,0.195022132,0.863659607,0.214591363,0.110083836,0.232136267,0.443188534,Simulated Portfolio
0.309634428,0.226395886,1.279327261,0.073037999,0.364556394,0.389740546,0.172665061,Simulated Portfolio
0.399571204,0.226540902,1.675508489,0.402347971,0.42361115,0.083439633,0.090601246,Simulated Portfolio
0.279810023,0.201147846,1.291637114,0.191071748,0.272838928,0.234719561,0.301369763,Simulated Portfolio
0.345012998,0.235734387,1.378725447,0.003775132,0.414838643,0.194704353,0.386681871,Simulated Portfolio
0.164951422,0.198800112,0.729131489,0.181402617,0.078235296,0.255212818,0.48514927,Simulated Portfolio
0.185501458,0.199909606,0.827881466,0.180922991,0.131115728,0.398028273,0.289933009,Simulated Portfolio
0.240999595,0.20038486,1.102875712,0.164994434,0.220646205,0.319837444,0.294521917,Simulated Portfolio
0.197740248,0.193526807,0.91842702,0.321400291,0.110465591,0.26226463,0.305869488,Simulated Portfolio
0.136954808,0.212536752,0.550280397,0.059340413,0.066309811,0.374725667,0.499624109,Simulated Portfolio
0.312405343,0.228502908,1.279656989,0.065401528,0.371532707,0.396336441,0.166729324,Simulated Portfolio
0.439349957,0.252599376,1.660138531,0.185327218,0.545052928,0.193242748,0.076377105,Simulated Portfolio
0.23891682,0.199194606,1.099009777,0.335161077,0.190828277,0.358287868,0.115722779,Simulated Portfolio
0.267547325,0.199151293,1.243011384,0.306370034,0.238958124,0.303129522,0.15154232,Simulated Portfolio
0.258520829,0.203460753,1.17231862,0.121695501,0.248254853,0.23216494,0.397884706,Simulated Portfolio
0.498280185,0.270286573,1.769529943,0.199468784,0.622552971,0.011213982,0.166764263,Simulated Portfolio
0.239234706,0.22078768,0.992966211,0.629466938,0.104204663,0.077795285,0.188533114,Simulated Portfolio
0.3204656,0.207483228,1.448144044,0.26661634,0.330313922,0.241294209,0.161775529,Simulated Portfolio
0.285383413,0.197685662,1.342451495,0.238287587,0.262148342,0.137030382,0.362533689,Simulated Portfolio
0.215721678,0.195731867,0.999947941,0.184187269,0.163251521,0.235594625,0.416966586,Simulated Portfolio
0.239182185,0.196103808,1.117684491,0.193915276,0.189069031,0.127525035,0.489490658,Simulated Portfolio
0.158507981,0.201511148,0.687346491,0.154219844,0.083817071,0.353142525,0.40882056,Simulated Portfolio
0.216791587,0.192248307,1.02363235,0.315533239,0.137623449,0.205165056,0.341678255,Simulated Portfolio
0.245241268,0.218481062,1.030941839,0.004569028,0.231898335,0.111062089,0.652470548,Simulated Portfolio
0.258478283,0.197192507,1.209367872,0.391429998,0.198610538,0.226593487,0.183365976,Simulated Portfolio
0.34134343,0.213307278,1.506481316,0.280101923,0.36389062,0.240303918,0.115703539,Simulated Portfolio
0.310891098,0.204679603,1.42120218,0.235138117,0.316188295,0.214273047,0.234400541,Simulated Portfolio
0.164414855,0.197461827,0.731355812,0.321504061,0.061680647,0.336261543,0.280553749,Simulated Portfolio
0.207097083,0.194879504,0.960065471,0.199647801,0.144404701,0.226352836,0.429594662,Simulated Portfolio
0.349173947,0.249812255,1.317685347,0.012116449,0.449373121,0.433921471,0.104588959,Simulated Portfolio
0.310435306,0.233856271,1.241939355,0.061515778,0.376942281,0.463641904,0.097900037,Simulated Portfolio
0.275831934,0.200310198,1.277178776,0.201282292,0.265665379,0.247688975,0.285363353,Simulated Portfolio
0.252673864,0.196395706,1.184719715,0.231312719,0.222657331,0.268622761,0.277407189,Simulated Portfolio
0.275285753,0.198689545,1.284847438,0.249183313,0.257286428,0.258058152,0.235472107,Simulated Portfolio
0.539292854,0.300921621,1.725674786,0.113728961,0.716618978,0.073640511,0.09601155,Simulated Portfolio
0.26774665,0.205099841,1.207931943,0.218693649,0.264412752,0.37955579,0.137337809,Simulated Portfolio
0.151692728,0.197906385,0.665429403,0.251755654,0.046378397,0.287132221,0.414733728,Simulated Portfolio
0.374264862,0.227346549,1.558259246,0.117014618,0.422850862,0.011450525,0.448683995,Simulated Portfolio
0.251862698,0.19316043,1.200363336,0.318201706,0.195428828,0.185084926,0.30128454,Simulated Portfolio
0.22896892,0.202527142,1.031806987,0.476822527,0.107751564,0.02509351,0.3903324,Simulated Portfolio
0.145177072,0.217951781,0.574333787,0.01263056,0.095199636,0.426052434,0.466117371,Simulated Portfolio
0.396851368,0.235130292,1.602734233,0.257493691,0.465822391,0.254780189,0.021903729,Simulated Portfolio
0.269486807,0.199543139,1.250290083,0.255660096,0.251175227,0.300365898,0.192798779,Simulated Portfolio
0.215400331,0.206592559,0.945824632,0.261133868,0.181071196,0.503685379,0.054109556,Simulated Portfolio
0.413117151,0.242724138,1.619604686,0.215483445,0.500246883,0.243596821,0.04067285,Simulated Portfolio
0.253555149,0.193383663,1.207729468,0.343233507,0.190768654,0.159772878,0.306224961,Simulated Portfolio
0.284294285,0.196692208,1.343694742,0.327695967,0.247996634,0.16972404,0.254583359,Simulated Portfolio
0.214052183,0.209843052,0.924749145,0.549107469,0.080831931,0.124668913,0.245391687,Simulated Portfolio
0.318387625,0.210407234,1.418143374,0.140652513,0.330405598,0.082501007,0.446440883,Simulated Portfolio
0.144011208,0.200330559,0.619032905,0.208871783,0.039368527,0.274800654,0.476959036,Simulated Portfolio
0.359930473,0.232680364,1.460933222,0.180955759,0.429191415,0.365965347,0.023887479,Simulated Portfolio
0.208214359,0.197806219,0.951508802,0.188161845,0.163077209,0.347904681,0.300856266,Simulated Portfolio
0.282238549,0.202742932,1.293453469,0.153972129,0.271474935,0.132762551,0.441790384,Simulated Portfolio
0.145767303,0.203002582,0.619535483,0.346510789,0.000299816,0.132510769,0.520678626,Simulated Portfolio
0.236349988,0.197320084,1.096441802,0.261746204,0.198109331,0.345145666,0.194998799,Simulated Portfolio
0.38563156,0.240595353,1.519695021,0.040883853,0.462495464,0.06259472,0.434025963,Simulated Portfolio
0.465499617,0.273521818,1.628753495,0.105970653,0.608925292,0.228237177,0.056866878,Simulated Portfolio
0.32393306,0.211538086,1.436777017,0.177807011,0.35037678,0.224380736,0.247435473,Simulated Portfolio
0.259087708,0.218176253,1.095846613,0.023499424,0.245579404,0.054199956,0.676721216,Simulated Portfolio
0.261543543,0.200796496,1.202927084,0.349865269,0.22380097,0.329012156,0.097321605,Simulated Portfolio
0.253466502,0.196156317,1.190206388,0.228729266,0.222939617,0.255700071,0.292631047,Simulated Portfolio
0.336222103,0.213142918,1.483615341,0.359607472,0.341977999,0.251632077,0.046782453,Simulated Portfolio
0.241002983,0.209443869,1.055189555,0.061503262,0.216539291,0.13012921,0.591828236,Simulated Portfolio
0.227112953,0.202106423,1.024771752,0.482551582,0.124426792,0.19864936,0.194372267,Simulated Portfolio
0.263107015,0.197233729,1.232583374,0.264004391,0.235703949,0.276192219,0.224099442,Simulated Portfolio
0.247684274,0.19631453,1.159793286,0.191065978,0.207938675,0.157675857,0.443319489,Simulated Portfolio
0.338885044,0.213118614,1.496279644,0.248554218,0.36513686,0.238501956,0.147806966,Simulated Portfolio
0.32880217,0.208741715,1.479350548,0.186155043,0.337234782,0.058034111,0.418576065,Simulated Portfolio
0.340772883,0.224527458,1.428657707,0.572114796,0.296244842,0.126512297,0.005128065,Simulated Portfolio
0.216085119,0.196131649,0.999762763,0.268780625,0.162686095,0.352873326,0.215659954,Simulated Portfolio
0.462474361,0.252825622,1.750116774,0.304487126,0.551710445,0.095624776,0.048177652,Simulated Portfolio
0.26817944,0.203729835,1.218179165,0.494564452,0.172132864,0.022785951,0.310516733,Simulated Portfolio
0.331731599,0.205072169,1.520106802,0.263149376,0.327468204,0.050738538,0.358643882,Simulated Portfolio
0.175478327,0.200137527,0.776857442,0.413364731,0.058635701,0.290286002,0.237713566,Simulated Portfolio
0.300959785,0.205546972,1.366888462,0.238767532,0.306712728,0.283724207,0.170795533,Simulated Portfolio
0.127559915,0.219396346,0.490253903,0.024297395,0.068294206,0.473375456,0.434032944,Simulated Portfolio
0.32611726,0.206201639,1.48455299,0.36966339,0.312905939,0.17071237,0.146718301,Simulated Portfolio
0.246227534,0.200962213,1.125721753,0.355945176,0.199935544,0.360110869,0.084008411,Simulated Portfolio
0.226378809,0.22294865,0.925678667,0.004146651,0.243083438,0.473992949,0.278776962,Simulated Portfolio
0.306072251,0.219608676,1.302645486,0.129654107,0.347274407,0.382674701,0.140396786,Simulated Portfolio
0.369354414,0.229702953,1.520896486,0.193154364,0.434634509,0.294152228,0.078058899,Simulated Portfolio
0.39985594,0.249759753,1.520885311,0.076745533,0.506064895,0.27364325,0.143546323,Simulated Portfolio
0.254643738,0.196355209,1.194996246,0.228252609,0.225239073,0.257152905,0.289355413,Simulated Portfolio
0.288785197,0.217933478,1.23333597,0.099899818,0.323214186,0.386578862,0.190307134,Simulated Portfolio
0.271911171,0.202276726,1.245378922,0.341092077,0.243427756,0.329752907,0.08572726,Simulated Portfolio
0.376138834,0.218271865,1.631629591,0.415631781,0.378197518,0.063182135,0.142988566,Simulated Portfolio
0.323050047,0.224786995,1.348165389,0.093828585,0.378090441,0.340641012,0.187439962,Simulated Portfolio
0.195880509,0.193021027,0.911198701,0.305282339,0.106252071,0.229785943,0.358679647,Simulated Portfolio
0.165341002,0.208703287,0.69640016,0.44532291,0.050276484,0.414545532,0.089855074,Simulated Portfolio
0.234923174,0.194083908,1.107372455,0.327306644,0.174046902,0.264637031,0.234009423,Simulated Portfolio
0.24928268,0.195775996,1.171148073,0.263829302,0.212700952,0.283623716,0.23984603,Simulated Portfolio
0.163527565,0.199972347,0.717737063,0.202120696,0.089656856,0.401529434,0.306693014,Simulated Portfolio
0.288892059,0.204990253,1.311730949,0.424196569,0.248696611,0.254609093,0.072497727,Simulated Portfolio
0.229148655,0.196664036,1.063481964,0.308355226,0.176804563,0.34191716,0.172923052,Simulated Portfolio
0.454650451,0.248374482,1.749980302,0.437474469,0.507783315,0.043584388,0.011157829,Simulated Portfolio
0.331246915,0.242058311,1.285834449,0.004877595,0.415878512,0.402620945,0.176622948,Simulated Portfolio
0.278741375,0.209676219,1.234004392,0.133528933,0.293966416,0.338768084,0.233736567,Simulated Portfolio
0.19949701,0.212578508,0.844379855,0.550127891,0.071232178,0.255550665,0.123089266,Simulated Portfolio
0.338607489,0.213009714,1.495741591,0.498057861,0.294171145,0.029057407,0.178713587,Simulated Portfolio
0.184796024,0.213432023,0.772124173,0.556072663,0.035560767,0.179703062,0.228663509,Simulated Portfolio
0.229532615,0.199331651,1.051175839,0.149509325,0.199061909,0.282172703,0.369256063,Simulated Portfolio
0.320789007,0.203682328,1.476755544,0.305275329,0.314461606,0.163302967,0.216960098,Simulated Portfolio
0.316684006,0.201622404,1.47148333,0.319845938,0.299988192,0.124107978,0.256057893,Simulated Portfolio
0.180452669,0.195608863,0.820272997,0.214393747,0.097969882,0.245938595,0.441697776,Simulated Portfolio
0.221331648,0.192688254,1.044856884,0.338697175,0.141612995,0.207899371,0.311790459,Simulated Portfolio
0.35312248,0.218565224,1.524133039,0.347299268,0.374087619,0.256796512,0.021816601,Simulated Portfolio
0.312465498,0.223452138,1.30885075,0.15973876,0.358725399,0.431090614,0.050445226,Simulated Portfolio
0.14896652,0.203995165,0.632203805,0.301319509,0.008275075,0.084778929,0.605626487,Simulated Portfolio
0.260865635,0.198020142,1.216369369,0.259265982,0.235389515,0.298638966,0.206705538,Simulated Portfolio
0.313395192,0.223484742,1.312819787,0.076828344,0.363963863,0.336533169,0.222674624,Simulated Portfolio
0.270658885,0.212386508,1.180201547,0.168008907,0.285534507,0.436715706,0.10974088,Simulated Portfolio
0.330309044,0.219105621,1.416253237,0.1890345,0.372356779,0.332015581,0.106593139,Simulated Portfolio
0.269885325,0.19417452,1.286910997,0.312950279,0.220834104,0.129144667,0.33707095,Simulated Portfolio
0.233877692,0.195706859,1.092847194,0.203255642,0.176590703,0.114233433,0.505920222,Simulated Portfolio
0.359902432,0.215284675,1.578851037,0.25522471,0.389695472,0.150469693,0.204610125,Simulated Portfolio
0.301734258,0.204562881,1.377250148,0.2027529,0.307714803,0.226768213,0.262764085,Simulated Portfolio
0.259447266,0.200102367,1.196623858,0.194733754,0.244737444,0.299505447,0.261023354,Simulated Portfolio
0.394235478,0.248208811,1.507744534,0.017207559,0.490179106,0.133069563,0.359543771,Simulated Portfolio
0.148054425,0.203625783,0.62887137,0.377917642,0.029581071,0.389740888,0.2027604,Simulated Portfolio
0.22305935,0.197398451,1.028677522,0.435971695,0.119574324,0.146568627,0.297885355,Simulated Portfolio
0.245989251,0.196366357,1.150855241,0.373658604,0.184270219,0.260242825,0.181828352,Simulated Portfolio
0.336847242,0.225655262,1.404120778,0.215109395,0.38683775,0.397451088,0.000601767,Simulated Portfolio
0.339661042,0.232510562,1.374823746,0.006337469,0.39164011,0.082994893,0.519027527,Simulated Portfolio
0.340222414,0.208532403,1.535600266,0.250108655,0.352559518,0.117328136,0.280003691,Simulated Portfolio
0.31081712,0.200460585,1.450744642,0.273150017,0.292585819,0.076737701,0.357526463,Simulated Portfolio
0.349278667,0.217591416,1.513288867,0.200449107,0.389843181,0.221861429,0.187846283,Simulated Portfolio
0.23150465,0.204284715,1.035342515,0.129024251,0.216806447,0.370226765,0.283942537,Simulated Portfolio
0.288508984,0.2052383,1.308279128,0.205741751,0.293851141,0.306153676,0.194253432,Simulated Portfolio
0.294140182,0.221823928,1.235845856,0.077576722,0.337105485,0.391344626,0.193973166,Simulated Portfolio
0.242785289,0.192376972,1.158066302,0.311092885,0.178476961,0.164126947,0.346303207,Simulated Portfolio
0.23581988,0.211962868,1.018196641,0.050472277,0.236115395,0.350311471,0.363100857,Simulated Portfolio
0.224179705,0.222904196,0.915997584,0.614888356,0.104486363,0.274352111,0.00627317,Simulated Portfolio
0.141966466,0.210321009,0.579906244,0.086036907,0.053988083,0.240722334,0.619252676,Simulated Portfolio
0.266930554,0.199691632,1.236559342,0.381473073,0.22052818,0.272051935,0.125946812,Simulated Portfolio
0.335825235,0.224481367,1.406910688,0.161914637,0.389889128,0.357452255,0.090743979,Simulated Portfolio
0.217219339,0.192954796,1.022101259,0.339653091,0.136476343,0.225774516,0.29809605,Simulated Portfolio
0.50191896,0.271872386,1.772592528,0.218951278,0.628002026,0.033457214,0.119589483,Simulated Portfolio
0.24285547,0.193438651,1.15207312,0.348212474,0.176333895,0.201154969,0.274298663,Simulated Portfolio
0.301197709,0.205121346,1.370884675,0.259231844,0.303488215,0.284333804,0.152946138,Simulated Portfolio
0.203072357,0.214654872,0.852868401,0.019132848,0.188995061,0.382542837,0.409329254,Simulated Portfolio
0.203215654,0.194158606,0.943639108,0.249172999,0.137834903,0.302051244,0.310940854,Simulated Portfolio
0.290606229,0.219689536,1.231766583,0.036435886,0.323823423,0.270069829,0.369670862,Simulated Portfolio
0.248061077,0.193168466,1.180633061,0.346866995,0.174522671,0.109375493,0.36923484,Simulated Portfolio
0.249436363,0.201401236,1.139200369,0.478744105,0.146299229,0.053835476,0.32112119,Simulated Portfolio
0.347869863,0.238201792,1.37643743,0.043533832,0.429961645,0.338889739,0.187614785,Simulated Portfolio
0.299628135,0.224605086,1.244976862,0.025857837,0.345932044,0.308000262,0.320209857,Simulated Portfolio
0.232909466,0.197953073,1.075555248,0.15853434,0.190221059,0.17393952,0.477305081,Simulated Portfolio
0.240166959,0.203137245,1.083833534,0.315046669,0.203998621,0.419326958,0.061627752,Simulated Portfolio
0.264742412,0.201228347,1.216242222,0.174465194,0.254970537,0.277879771,0.292684498,Simulated Portfolio
0.384069415,0.220557883,1.65067514,0.332972033,0.412164392,0.106752662,0.148110913,Simulated Portfolio
0.197359741,0.196833191,0.901066226,0.205320758,0.141122396,0.347455787,0.306101059,Simulated Portfolio
0.335479574,0.21800933,1.447092078,0.13509259,0.377570314,0.219921259,0.267415837,Simulated Portfolio
0.394484639,0.256074618,1.462404363,0.024881496,0.510688997,0.311129912,0.153299595,Simulated Portfolio
0.256756408,0.206537608,1.146311365,0.088670725,0.242186965,0.157519155,0.511623155,Simulated Portfolio
0.194498407,0.20245474,0.861913174,0.126277557,0.153347823,0.371085837,0.349288783,Simulated Portfolio
0.344785177,0.222392798,1.460412298,0.08961611,0.379375163,0.032918783,0.498089944,Simulated Portfolio
0.129739398,0.213216426,0.514685475,0.404019768,0.006081847,0.497035943,0.092862442,Simulated Portfolio
0.309578077,0.234618546,1.234250582,0.086555672,0.375281773,0.49982477,0.038337786,Simulated Portfolio
0.198491355,0.199410512,0.895095017,0.41151361,0.070887895,0.058726966,0.458871528,Simulated Portfolio
0.169370013,0.217639764,0.686317658,0.07739673,0.143527756,0.576910057,0.202165458,Simulated Portfolio
0.254582967,0.196444273,1.194145102,0.377765158,0.167528542,0.004192179,0.450514121,Simulated Portfolio
0.292929764,0.210816398,1.294632515,0.111606156,0.312412153,0.255090058,0.320891633,Simulated Portfolio
0.188420138,0.212488505,0.792608228,0.053134817,0.165191469,0.446605334,0.335068381,Simulated Portfolio
0.141677608,0.212554845,0.572452764,0.21761112,0.072493906,0.596169743,0.113725231,Simulated Portfolio
0.37584255,0.218390116,1.629389446,0.330407506,0.400432649,0.123709377,0.145450468,Simulated Portfolio
0.104784431,0.219019695,0.387108706,0.060442895,0.001236271,0.29855176,0.639769074,Simulated Portfolio
0.18457821,0.209505476,0.785555649,0.270393208,0.132844915,0.560142348,0.036619529,Simulated Portfolio
0.318501187,0.201523242,1.481224615,0.297262127,0.302422394,0.084252803,0.316062676,Simulated Portfolio
0.1753157,0.211344368,0.734893962,0.480747666,0.059850871,0.404008922,0.055392541,Simulated Portfolio
0.212678703,0.195369406,0.986227612,0.396253914,0.116941132,0.214045871,0.272759084,Simulated Portfolio
0.356611177,0.222270925,1.514418395,0.122937416,0.403795082,0.115763249,0.357504253,Simulated Portfolio
0.371242881,0.247308339,1.42026299,0.019955399,0.470716885,0.305886818,0.203440898,Simulated Portfolio
0.170126016,0.21415766,0.701006987,0.525795217,0.000846417,0.056888143,0.416470224,Simulated Portfolio
0.116532962,0.213722508,0.451674291,0.081604873,0.021140667,0.326777184,0.570477276,Simulated Portfolio
0.177480693,0.202271593,0.778560599,0.225417264,0.117761355,0.469321528,0.187499853,Simulated Portfolio
0.196317153,0.200969382,0.877333406,0.257740935,0.142145401,0.449721795,0.15039187,Simulated Portfolio
0.339995556,0.214992163,1.488405676,0.237348477,0.371445733,0.258033852,0.133171938,Simulated Portfolio
0.395392043,0.229460926,1.635973709,0.224088567,0.457293209,0.154769535,0.163848688,Simulated Portfolio
0.461594148,0.260891075,1.692638003,0.110777324,0.576303653,0.020984404,0.291934619,Simulated Portfolio
0.318708608,0.209230232,1.427655104,0.478639362,0.274303465,0.120769513,0.12628766,Simulated Portfolio
0.382236867,0.224367315,1.614481449,0.415293425,0.399748465,0.153859846,0.031098265,Simulated Portfolio
0.3512584,0.225979097,1.465880713,0.079930163,0.405357257,0.140905882,0.373806698,Simulated Portfolio
0.311173183,0.201221305,1.447029594,0.280967893,0.300007647,0.144933249,0.274091212,Simulated Portfolio
0.382680511,0.239447631,1.514654834,0.151395891,0.468229398,0.318671087,0.061703624,Simulated Portfolio
0.324646999,0.209897676,1.451407206,0.478781448,0.282267101,0.101774509,0.137176941,Simulated Portfolio
0.164300187,0.199111868,0.724719167,0.37452013,0.04860234,0.309151775,0.267725754,Simulated Portfolio
0.142279659,0.202221084,0.604683035,0.179455667,0.053332163,0.3712409,0.395971271,Simulated Portfolio
0.260291914,0.201335721,1.19348873,0.254609111,0.242269245,0.356931444,0.1461902,Simulated Portfolio
0.275788022,0.197957827,1.292133916,0.280023053,0.251777329,0.251524745,0.216674874,Simulated Portfolio
0.277488242,0.197690171,1.302483783,0.305989279,0.248569478,0.239550993,0.20589025,Simulated Portfolio
0.35584431,0.215663157,1.557263258,0.21599453,0.389669279,0.149531025,0.244805165,Simulated Portfolio
0.273737785,0.198380804,1.27904404,0.264122692,0.252675605,0.26450303,0.218698673,Simulated Portfolio
0.350980529,0.209181909,1.582261728,0.289279971,0.356727506,0.056339003,0.297653521,Simulated Portfolio
0.113178287,0.207818495,0.448363784,0.188728153,0.009689801,0.441030381,0.360551665,Simulated Portfolio
0.325229274,0.205819686,1.482993584,0.325893323,0.32138014,0.18793387,0.164792668,Simulated Portfolio
0.22901871,0.22124124,0.94475474,0.010252324,0.244080693,0.453543455,0.292123528,Simulated Portfolio
0.385537009,0.228758997,1.597913148,0.138347561,0.44164236,0.037542406,0.382467672,Simulated Portfolio
0.239249161,0.194300954,1.128399819,0.347562258,0.151937974,0.04962321,0.450876557,Simulated Portfolio
0.414696003,0.242687481,1.626355019,0.214522027,0.501884773,0.233068216,0.050524984,Simulated Portfolio
0.260442689,0.193858683,1.240298789,0.348527642,0.19414508,0.096853127,0.360474151,Simulated Portfolio
0.354848377,0.243267229,1.376463152,0.049736056,0.446320533,0.383699861,0.120243551,Simulated Portfolio
0.29868396,0.203678103,1.368256856,0.238932416,0.29972857,0.258721902,0.202617111,Simulated Portfolio
0.36825536,0.229200051,1.519438403,0.172078328,0.43429649,0.275439828,0.118185354,Simulated Portfolio
0.354036689,0.217906029,1.532939178,0.302331672,0.382975601,0.249775747,0.06491698,Simulated Portfolio
0.252445537,0.196650055,1.182026299,0.232650423,0.223111955,0.277682458,0.266555164,Simulated Portfolio
0.240361433,0.197531786,1.115574548,0.167090415,0.20397764,0.193909113,0.435022832,Simulated Portfolio
0.201622226,0.201016474,0.903519112,0.372202341,0.124392249,0.398414562,0.104990847,Simulated Portfolio
0.188606868,0.206090069,0.818122234,0.330040192,0.121920233,0.501379054,0.04666052,Simulated Portfolio
0.267516179,0.20231247,1.223435109,0.303953907,0.245427956,0.353601883,0.097016253,Simulated Portfolio
0.49742557,0.286415799,1.666896772,0.113801515,0.65856077,0.193315194,0.034322521,Simulated Portfolio
0.233448288,0.200101272,1.066701306,0.378358196,0.172560241,0.350237633,0.098843931,Simulated Portfolio
0.228847794,0.195787504,1.066706453,0.318711788,0.171881297,0.320976257,0.188430658,Simulated Portfolio
0.232232809,0.211112517,1.005306613,0.05673122,0.229681411,0.357859551,0.355727819,Simulated Portfolio
0.37646902,0.220596418,1.615932947,0.432075068,0.380333624,0.100880104,0.086711204,Simulated Portfolio
0.131287597,0.202850929,0.548617638,0.217525293,0.030161965,0.394124583,0.358188159,Simulated Portfolio
0.29231994,0.212595353,1.280930821,0.114515134,0.316999418,0.306263433,0.262222015,Simulated Portfolio
0.182602747,0.242982281,0.669195904,0.015968616,0.200598158,0.767891288,0.015541938,Simulated Portfolio
0.247462412,0.193899058,1.173097041,0.23942248,0.202532997,0.188732691,0.369311832,Simulated Portfolio
0.254389802,0.213764476,1.096486219,0.10797259,0.268886171,0.441947073,0.181194165,Simulated Portfolio
0.39441139,0.22348946,1.675297752,0.432142979,0.400455608,0.010272444,0.157128969,Simulated Portfolio
0.239942351,0.215124873,1.02239387,0.026883217,0.246398099,0.34094057,0.385778115,Simulated Portfolio
0.156012799,0.200905577,0.676998622,0.284098947,0.065327357,0.430892585,0.219681112,Simulated Portfolio
0.19273831,0.193717091,0.891704026,0.305037519,0.106503331,0.276613146,0.311846004,Simulated Portfolio
0.350776353,0.217422523,1.521352744,0.360533013,0.366438119,0.246934463,0.026094406,Simulated Portfolio
0.15805227,0.202779371,0.680800365,0.250812746,0.07990878,0.472498596,0.196779878,Simulated Portfolio
0.287088057,0.205919893,1.297048349,0.25736165,0.286940502,0.346850115,0.108847733,Simulated Portfolio
0.228154316,0.202405807,1.028400907,0.110261521,0.20142598,0.262558027,0.425754472,Simulated Portfolio
0.187508224,0.200693249,0.834648028,0.447520094,0.062696392,0.202606994,0.28717652,Simulated Portfolio
0.374837602,0.219517519,1.616443206,0.315090215,0.405328899,0.155714829,0.123866057,Simulated Portfolio
0.196497431,0.193841692,0.910523578,0.3392539,0.103390172,0.248269867,0.309086061,Simulated Portfolio
0.203898252,0.196858349,0.934165365,0.28337218,0.141752418,0.376159891,0.19871551,Simulated Portfolio
0.142155895,0.21317059,0.573042912,0.447326629,0.014391647,0.452806076,0.085475648,Simulated Portfolio
0.084130349,0.239513472,0.267752574,0.103348881,0.019199688,0.808564663,0.068886768,Simulated Portfolio
0.252399991,0.201793116,1.151674526,0.139392566,0.238295178,0.264046145,0.358266111,Simulated Portfolio
0.21946126,0.2026554,0.984238561,0.194386448,0.191588836,0.432258005,0.181766711,Simulated Portfolio
0.270029153,0.220489855,1.133971236,0.129904774,0.299272864,0.50240677,0.068415592,Simulated Portfolio
0.322687244,0.203329419,1.488654447,0.380359919,0.295522861,0.091870764,0.232246457,Simulated Portfolio
0.188071838,0.198420592,0.847048364,0.374605804,0.093948405,0.344078936,0.187366855,Simulated Portfolio
0.523162795,0.299603146,1.679430944,0.07331599,0.703073494,0.132113262,0.091497254,Simulated Portfolio
0.296392485,0.212317325,1.301789593,0.543756003,0.224008721,0.121935256,0.11030002,Simulated Portfolio
0.35091056,0.208805592,1.584778249,0.363685239,0.34108423,0.039473424,0.255757106,Simulated Portfolio
0.356544675,0.233117373,1.443670506,0.06561546,0.429849878,0.246621215,0.257913447,Simulated Portfolio
0.243542004,0.197147836,1.133880082,0.200729751,0.213944845,0.281486878,0.303838526,Simulated Portfolio
0.250768107,0.214039275,1.078157771,0.189340873,0.256314721,0.512017586,0.04232682,Simulated Portfolio
0.213870293,0.192523334,1.006996344,0.300605057,0.127854181,0.143638685,0.427902077,Simulated Portfolio
0.243795777,0.199935593,1.119339351,0.429884164,0.17071883,0.263879682,0.135517324,Simulated Portfolio
0.228788888,0.204950772,1.018727013,0.432572635,0.157085064,0.370298206,0.040044094,Simulated Portfolio
0.320284133,0.211298945,1.421134088,0.326586939,0.326513387,0.302545205,0.044354469,Simulated Portfolio
0.405354075,0.230939148,1.668639031,0.327058862,0.455708866,0.15342386,0.063808411,Simulated Portfolio
0.38914806,0.226709307,1.628288069,0.394979362,0.416808251,0.165582244,0.022630143,Simulated Portfolio
0.323036613,0.204314959,1.48318368,0.348777637,0.309560487,0.15579282,0.185869056,Simulated Portfolio
0.21762377,0.205917007,0.959725342,0.172498592,0.196577115,0.467100388,0.163823904,Simulated Portfolio
0.330098254,0.212072902,1.462224783,0.46735505,0.300053804,0.153848023,0.078743123,Simulated Portfolio
0.338660938,0.219497452,1.451775111,0.179640571,0.383660145,0.291731599,0.144967685,Simulated Portfolio
0.327303271,0.23259974,1.321167731,0.079802936,0.396202364,0.408703505,0.115291195,Simulated Portfolio
0.364893132,0.219544178,1.570950936,0.197128619,0.408224461,0.14514364,0.249503281,Simulated Portfolio
0.305082081,0.210701466,1.353014226,0.174771247,0.327702576,0.302403859,0.195122319,Simulated Portfolio
0.226205338,0.203582349,1.012884168,0.49968558,0.11697108,0.175606299,0.207737042,Simulated Portfolio
0.193938215,0.195568728,0.889396875,0.218642404,0.129577471,0.320858127,0.330921998,Simulated Portfolio
0.305497365,0.207501177,1.375883113,0.319379317,0.302728212,0.306733598,0.071158873,Simulated Portfolio
0.285803994,0.208875271,1.272548888,0.109183847,0.297508466,0.230145907,0.363161779,Simulated Portfolio
0.30646189,0.199865893,1.43327051,0.322434093,0.28376181,0.140180375,0.253623722,Simulated Portfolio
0.228768334,0.197031298,1.059569394,0.394985553,0.122300985,0.025597874,0.457115587,Simulated Portfolio
0.194503117,0.220574321,0.791130702,0.081860928,0.188808065,0.598329071,0.131001935,Simulated Portfolio
0.150101114,0.199750615,0.651317714,0.299552631,0.046233204,0.380640929,0.273573236,Simulated Portfolio
0.272574417,0.195289134,1.293335746,0.361894258,0.21739283,0.135585085,0.285127827,Simulated Portfolio
0.247054601,0.197350749,1.150512993,0.271727958,0.212385835,0.324873652,0.191012555,Simulated Portfolio
0.250614955,0.19415044,1.18781577,0.34755002,0.191053822,0.210839145,0.250557014,Simulated Portfolio
0.312109872,0.208485354,1.401104997,0.23562121,0.32660077,0.283858199,0.153919821,Simulated Portfolio
0.264558942,0.196919924,1.241920762,0.318035042,0.227069513,0.264972269,0.189923176,Simulated Portfolio
0.378963737,0.23152126,1.550456911,0.112793902,0.448265877,0.148425163,0.290515058,Simulated Portfolio
0.1820607,0.202668154,0.799635743,0.18696089,0.131226809,0.457425262,0.224387039,Simulated Portfolio
0.300576814,0.20304792,1.381825604,0.450908275,0.24433418,0.0908361,0.213921446,Simulated Portfolio
0.321419228,0.208111282,1.448356019,0.173941982,0.331473088,0.097881247,0.396703683,Simulated Portfolio
0.339721212,0.206386462,1.549138488,0.294613175,0.338697834,0.076473639,0.290215352,Simulated Portfolio
0.257074013,0.195283269,1.21400064,0.220684445,0.218665631,0.156366432,0.404283493,Simulated Portfolio
0.253947883,0.209621568,1.116048722,0.261042749,0.244330877,0.474781681,0.019844693,Simulated Portfolio
0.165963227,0.209636843,0.696267052,0.15460559,0.119345216,0.541344416,0.184704778,Simulated Portfolio
0.272819277,0.213601055,1.183604999,0.077333284,0.293115605,0.332243338,0.297307774,Simulated Portfolio
0.247016683,0.196921251,1.152829785,0.215480298,0.217627594,0.284322579,0.282569529,Simulated Portfolio
0.33923445,0.208765098,1.529156228,0.43794648,0.306961121,0.035753277,0.219339122,Simulated Portfolio
0.216327176,0.193894326,1.012547296,0.324711042,0.144577831,0.283307724,0.247403402,Simulated Portfolio
0.383953582,0.22683935,1.604455232,0.163592113,0.440735953,0.090712907,0.304959027,Simulated Portfolio
0.21887648,0.195826882,1.015572924,0.191618274,0.171908575,0.2732724,0.363200751,Simulated Portfolio
0.262033497,0.233348254,1.03722009,0.042884098,0.310063161,0.575852087,0.071200654,Simulated Portfolio
0.381078087,0.248818875,1.451168393,0.037549991,0.484521632,0.305629907,0.172298471,Simulated Portfolio
0.293203489,0.219493631,1.244698938,0.048721663,0.328872826,0.293130965,0.329274545,Simulated Portfolio
0.339109414,0.209426615,1.523729037,0.315445028,0.346900223,0.184604529,0.15305022,Simulated Portfolio
0.18045691,0.197036881,0.814349625,0.3454438,0.085119157,0.336333041,0.233104001,Simulated Portfolio
0.27598741,0.210631609,1.215332356,0.155794356,0.291224081,0.38903813,0.163943434,Simulated Portfolio
0.306869055,0.212200063,1.351880162,0.243716496,0.32526554,0.360196223,0.070821741,Simulated Portfolio
0.288281713,0.205289995,1.30684261,0.264234282,0.286380269,0.335399876,0.113985573,Simulated Portfolio
0.264788704,0.194578898,1.258043427,0.301097521,0.222579686,0.198971552,0.277351241,Simulated Portfolio
0.288547054,0.201085139,1.335489315,0.351504904,0.260992919,0.252250473,0.135251705,Simulated Portfolio
0.255177137,0.194978476,1.206169735,0.323322852,0.207249465,0.243235298,0.226192385,Simulated Portfolio
0.203337407,0.208253377,0.880357424,0.10617071,0.1821376,0.452726144,0.258965546,Simulated Portfolio
0.190904585,0.195703447,0.873283469,0.295217104,0.113789971,0.348606409,0.242386516,Simulated Portfolio
0.253949754,0.198955515,1.175889766,0.448127925,0.159221604,0.050179264,0.342471207,Simulated Portfolio
0.215344075,0.194716605,1.003222481,0.236622928,0.161587465,0.306051679,0.295737929,Simulated Portfolio
0.338458021,0.205438797,1.550135739,0.315158411,0.327666749,0.034011734,0.323163106,Simulated Portfolio
0.13774659,0.218001639,0.540117909,0.214804151,0.073325956,0.655286377,0.056583516,Simulated Portfolio
0.243571426,0.193243969,1.156938695,0.281183762,0.192604688,0.225041309,0.301170242,Simulated Portfolio
0.244483428,0.199121094,1.127371404,0.165246094,0.199469314,0.09456813,0.540716461,Simulated Portfolio
0.391032523,0.227643219,1.62988612,0.169654012,0.444180395,0.026763705,0.359401887,Simulated Portfolio
0.354586458,0.210654424,1.588319163,0.33543514,0.35937022,0.095881591,0.209313049,Simulated Portfolio
0.294374532,0.198034569,1.385488064,0.268375868,0.271530103,0.13099374,0.329100289,Simulated Portfolio
0.156877945,0.202044821,0.67746327,0.144094768,0.074865247,0.287078992,0.493960994,Simulated Portfolio
0.242479441,0.210854636,1.055131845,0.079440526,0.24621469,0.382015127,0.292329657,Simulated Portfolio
0.178968396,0.198540283,0.800685855,0.334105064,0.09020714,0.382852768,0.192835029,Simulated Portfolio
0.13518097,0.230283779,0.500169707,0.03013298,0.105562651,0.681823961,0.182480408,Simulated Portfolio
0.22760255,0.193917163,1.070573367,0.273958102,0.173454069,0.284610593,0.267977237,Simulated Portfolio
0.329509575,0.203538583,1.520643261,0.346504885,0.308598422,0.051466761,0.293429932,Simulated Portfolio
0.294006163,0.205656931,1.332345876,0.18953244,0.302502831,0.274615125,0.233349603,Simulated Portfolio
0.331132099,0.215447125,1.444122771,0.350287786,0.341605441,0.307605536,0.000501238,Simulated Portfolio
0.375596339,0.224484665,1.58405626,0.289363698,0.420503118,0.231990239,0.058142945,Simulated Portfolio
0.380283154,0.229039535,1.573017309,0.118303753,0.433508294,0.015374119,0.432813834,Simulated Portfolio
0.275228207,0.198527027,1.285609373,0.383601487,0.227933024,0.2175379,0.170927588,Simulated Portfolio
0.371582657,0.229855106,1.529583845,0.088297868,0.426030375,0.033151871,0.452519887,Simulated Portfolio
0.17463199,0.20248899,0.763656285,0.449893795,0.037739513,0.184054438,0.328312254,Simulated Portfolio
0.311382082,0.216150541,1.348051597,0.203294373,0.342403714,0.376765948,0.077535966,Simulated Portfolio
0.220709896,0.198418333,1.01154915,0.424295782,0.105463801,0.045717941,0.424522476,Simulated Portfolio
0.46310814,0.250942374,1.765776477,0.277047433,0.550910415,0.038635236,0.133406915,Simulated Portfolio
0.340162214,0.221163477,1.447626971,0.559227562,0.29258219,0.085527171,0.062663077,Simulated Portfolio
0.285352988,0.201485106,1.316985627,0.190772942,0.27976652,0.212146204,0.317314333,Simulated Portfolio
0.265706004,0.19401918,1.266400593,0.28982241,0.213949257,0.097273235,0.398955099,Simulated Portfolio
0.210399634,0.193139805,0.985812498,0.343067944,0.123945118,0.224888577,0.308098362,Simulated Portfolio
0.343079423,0.236866058,1.363975174,0.061323435,0.422382884,0.371556237,0.144737445,Simulated Portfolio
0.122711881,0.213814823,0.480377737,0.082971507,0.023289413,0.257944065,0.635795014,Simulated Portfolio
0.231286552,0.200363002,1.054518797,0.145209347,0.205470666,0.303678362,0.345641625,Simulated Portfolio
0.301330767,0.198813557,1.4150482,0.347389113,0.268042631,0.120998201,0.263570055,Simulated Portfolio
0.232022954,0.193946202,1.093204978,0.229703751,0.170751182,0.13219558,0.467349488,Simulated Portfolio
0.36506096,0.21877367,1.577250868,0.208649963,0.406004079,0.141641663,0.243704296,Simulated Portfolio
0.274078631,0.206705768,1.229180168,0.455926245,0.220764538,0.283329888,0.039979329,Simulated Portfolio
0.246379992,0.194774246,1.16226861,0.266412181,0.205059856,0.265808177,0.262719787,Simulated Portfolio
0.439439777,0.246738715,1.699934996,0.190712897,0.531932208,0.091233296,0.186121598,Simulated Portfolio
0.181644294,0.212035163,0.762346639,0.479588816,0.073096244,0.42126029,0.026054649,Simulated Portfolio
0.332033778,0.220471853,1.415299837,0.150553624,0.379481495,0.30848744,0.161477441,Simulated Portfolio
0.381085801,0.218550985,1.652181072,0.311416965,0.407408745,0.077738205,0.203436085,Simulated Portfolio
0.122811627,0.214638778,0.47899838,0.078738941,0.051572755,0.484717577,0.384970728,Simulated Portfolio
0.351508517,0.211581437,1.566812862,0.266094421,0.370723527,0.129976082,0.23320597,Simulated Portfolio
0.142458007,0.202191794,0.605652704,0.170959595,0.048913561,0.319260718,0.460866125,Simulated Portfolio
0.246031718,0.195031908,1.158947375,0.313903306,0.166151378,0.019521776,0.50042354,Simulated Portfolio
0.186654732,0.198656501,0.838909025,0.418806246,0.061788483,0.164159312,0.35524596,Simulated Portfolio
0.225294498,0.196330839,1.045655888,0.32987926,0.164915928,0.331012356,0.174192455,Simulated Portfolio
0.227058764,0.21793066,0.950113051,0.051982834,0.236803823,0.484072374,0.22714097,Simulated Portfolio
0.284692011,0.207531402,1.275431131,0.192105144,0.294598246,0.346646166,0.166650445,Simulated Portfolio
0.18284825,0.215925715,0.754186458,0.522273327,0.064695059,0.39847594,0.014555674,Simulated Portfolio
0.190623658,0.196630348,0.867738169,0.343202069,0.103552354,0.339878701,0.213366877,Simulated Portfolio
0.279985775,0.201304917,1.291502354,0.214606414,0.273224463,0.27077813,0.241390993,Simulated Portfolio
0.141067564,0.20115038,0.601875889,0.263535131,0.039693577,0.401943545,0.294827748,Simulated Portfolio
0.204796413,0.195487739,0.945309481,0.246349179,0.145793996,0.341120331,0.266736494,Simulated Portfolio
0.503181574,0.277208927,1.74302314,0.223855621,0.640020028,0.122375828,0.013748522,Simulated Portfolio
0.262385133,0.197909346,1.224728076,0.288604845,0.232473218,0.296748536,0.182173401,Simulated Portfolio
0.331456795,0.216054562,1.441565468,0.133746832,0.367908461,0.195520529,0.302824178,Simulated Portfolio
0.176600217,0.199596022,0.784585858,0.366656871,0.078641856,0.369876248,0.184825025,Simulated Portfolio
0.306175974,0.202107111,1.415961922,0.255728725,0.301736384,0.193066777,0.249468114,Simulated Portfolio
0.182274404,0.195779876,0.828861511,0.286106307,0.100090716,0.345193461,0.268609516,Simulated Portfolio
0.189957664,0.221961296,0.765708561,0.616126251,0.028340014,0.13600397,0.219529765,Simulated Portfolio
0.365002506,0.217094946,1.589177974,0.260047452,0.398456045,0.157156899,0.184339603,Simulated Portfolio
0.155105801,0.205270342,0.658184714,0.397395969,0.041124213,0.413525931,0.147953888,Simulated Portfolio
0.337857857,0.21571031,1.473540402,0.272179206,0.365443952,0.291315913,0.071060929,Simulated Portfolio
0.145444938,0.19919616,0.629755807,0.30600853,0.020533181,0.244050134,0.429408155,Simulated Portfolio
0.270965419,0.207105594,1.211775181,0.256613057,0.266527507,0.407895589,0.068963847,Simulated Portfolio
0.25426721,0.210824558,1.111195076,0.055560828,0.255551844,0.254317284,0.434570045,Simulated Portfolio
0.212828119,0.210386864,0.916540679,0.50999939,0.111286735,0.336021784,0.042692091,Simulated Portfolio
0.325522684,0.205509622,1.486658779,0.306819294,0.32444375,0.180451926,0.188285029,Simulated Portfolio
0.270271258,0.219026135,1.142654771,0.032642028,0.298106043,0.34301959,0.326232339,Simulated Portfolio
0.14959585,0.201186402,0.644158096,0.383154113,0.015184519,0.256085761,0.345575606,Simulated Portfolio
0.214989683,0.196192243,0.993870503,0.410181283,0.118268571,0.212816877,0.25873327,Simulated Portfolio
0.274594419,0.217313699,1.171552552,0.083832045,0.303485982,0.402536301,0.210145672,Simulated Portfolio
0.121985398,0.214466293,0.475531124,0.069768383,0.046895573,0.444301834,0.43903421,Simulated Portfolio
0.202015552,0.230217199,0.790625345,0.67085435,0.034762257,0.098439794,0.1959436,Simulated Portfolio
0.294012212,0.203073699,1.349323981,0.34941458,0.272890368,0.269318358,0.108376694,Simulated Portfolio
0.295540649,0.198921363,1.385173742,0.362122573,0.259585952,0.156140776,0.222150698,Simulated Portfolio
0.338429541,0.211807348,1.503392323,0.23005364,0.363385652,0.202702157,0.203858551,Simulated Portfolio
0.207844206,0.206084886,0.911489482,0.47350157,0.109369338,0.336797685,0.080331407,Simulated Portfolio
0.241602017,0.192729462,1.149808726,0.34189055,0.167416952,0.135692282,0.355000216,Simulated Portfolio
0.307046899,0.228101181,1.258419167,0.046939907,0.363987423,0.3829316,0.20614107,Simulated Portfolio
0.338532689,0.222780297,1.429806377,0.130939074,0.39175263,0.287465645,0.18984265,Simulated Portfolio
0.222892243,0.193907328,1.046336129,0.237124758,0.169916076,0.267513488,0.325445677,Simulated Portfolio
0.310427262,0.2000437,1.451819092,0.360358761,0.272218112,0.044532361,0.322890767,Simulated Portfolio
0.229226105,0.209399997,0.999169571,0.534943161,0.123159554,0.236572282,0.105325004,Simulated Portfolio
0.282683071,0.22942654,1.144955028,0.002568168,0.333332216,0.411761428,0.252338188,Simulated Portfolio
0.215679998,0.192765125,1.01512137,0.297688677,0.144986892,0.255363546,0.301960884,Simulated Portfolio
0.370378875,0.214585746,1.632815231,0.394664448,0.366041641,0.013536207,0.225757704,Simulated Portfolio
0.30569345,0.209424553,1.364183169,0.407908174,0.284416915,0.285155805,0.022519105,Simulated Portfolio
0.409237619,0.235977961,1.649465981,0.20370772,0.484693448,0.15259601,0.159002822,Simulated Portfolio
0.252953476,0.206787715,1.126534404,0.529232535,0.142098866,0.04441484,0.284253759,Simulated Portfolio
0.278312924,0.196556465,1.314191947,0.279156791,0.249976426,0.199037328,0.271829455,Simulated Portfolio
0.186210458,0.206307246,0.805645275,0.387440347,0.102830339,0.463761545,0.045967769,Simulated Portfolio
0.298803508,0.204976284,1.360174467,0.223589273,0.304408154,0.272747562,0.199255012,Simulated Portfolio
0.325309142,0.204415955,1.493568061,0.245035569,0.318744069,0.043355445,0.392864917,Simulated Portfolio
0.226633668,0.209336091,0.987090509,0.074642588,0.219149355,0.377826072,0.328381985,Simulated Portfolio
0.421110543,0.250417554,1.601766874,0.13910854,0.526835315,0.234521383,0.099534762,Simulated Portfolio
0.426132213,0.238606896,1.702097548,0.200159057,0.500565889,0.036349627,0.262925427,Simulated Portfolio
0.272384123,0.19764917,1.27692984,0.208884256,0.240371124,0.098838475,0.451906146,Simulated Portfolio
0.177490377,0.197374795,0.797925476,0.354330271,0.077480117,0.328928568,0.239261045,Simulated Portfolio
0.122879219,0.207376996,0.496097549,0.178924114,0.031096232,0.46455235,0.325427304,Simulated Portfolio
0.393447314,0.249797628,1.49499944,0.028633866,0.497383272,0.221312469,0.252670393,Simulated Portfolio
0.243918564,0.205643197,1.0888693,0.090984687,0.232329818,0.263555943,0.413129552,Simulated Portfolio
0.348340926,0.210530913,1.559585345,0.255161413,0.365263804,0.113733875,0.265840908,Simulated Portfolio
0.387760776,0.255601198,1.438806935,0.056825663,0.502341615,0.386460637,0.054372085,Simulated Portfolio
0.285382056,0.205386989,1.292107438,0.144297213,0.290114051,0.227670464,0.337918272,Simulated Portfolio
0.313738612,0.200693007,1.463621559,0.362012224,0.279871996,0.062956288,0.295159491,Simulated Portfolio
0.393706029,0.233002264,1.603872949,0.123576473,0.458306682,0.036260664,0.381856181,Simulated Portfolio
0.122332243,0.218750583,0.467803291,0.025137986,0.050921956,0.405613599,0.518326459,Simulated Portfolio
0.495107941,0.268574826,1.768996554,0.200398761,0.61657234,0.008554353,0.174474546,Simulated Portfolio
0.147642281,0.200019782,0.638148285,0.202285026,0.0466211,0.272916984,0.47817689,Simulated Portfolio
0.229354981,0.19722885,1.061482542,0.261016857,0.187387084,0.355548532,0.196047527,Simulated Portfolio
0.291619317,0.207356456,1.309914932,0.495789934,0.228976435,0.159545062,0.115688569,Simulated Portfolio
0.429654264,0.240652926,1.702261725,0.242886968,0.508186816,0.113230578,0.135695637,Simulated Portfolio
0.290914077,0.203316267,1.332476147,0.293835964,0.28117692,0.29895979,0.126027326,Simulated Portfolio
0.326972727,0.203845732,1.505907057,0.336689493,0.313610482,0.114697732,0.235002293,Simulated Portfolio
0.280774726,0.203163554,1.283570404,0.331140196,0.259641912,0.322012164,0.087205728,Simulated Portfolio
0.291169791,0.21163989,1.281279211,0.153281863,0.313270695,0.350137055,0.183310387,Simulated Portfolio
0.174603281,0.20138256,0.767709386,0.389441312,0.071736338,0.375530661,0.163291689,Simulated Portfolio
0.523535714,0.277718171,1.813117634,0.355469086,0.63714884,0.004226714,0.00315536,Max Sharpe (Optimal)
0.179958084,0.196206986,0.815251727,0.33755164,0.08352185,0.31838132,0.26054519,Simulated Portfolio
0.23862007,0.193268751,1.131171332,0.354671448,0.156038438,0.103350876,0.385939238,Simulated Portfolio
0.239286317,0.196130297,1.118064474,0.230129411,0.203312102,0.298603466,0.26795502,Simulated Portfolio
0.242437677,0.194958319,1.140949909,0.284540396,0.197241929,0.284824012,0.233393664,Simulated Portfolio
0.278003408,0.210512209,1.225598315,0.297578771,0.273763137,0.428454508,0.000203584,Simulated Portfolio
0.247212365,0.203648017,1.115711158,0.107709372,0.230891724,0.229486602,0.431912302,Simulated Portfolio
0.281225429,0.199264968,1.310945081,0.268135391,0.263922393,0.256314367,0.211627849,Simulated Portfolio
0.126288281,0.205365488,0.517556684,0.327816595,0.005103531,0.423897435,0.24318244,Simulated Portfolio
0.397464844,0.22965423,1.643622427,0.347027681,0.441781753,0.181204724,0.029985843,Simulated Portfolio
0.355615351,0.216021343,1.553621257,0.301837843,0.381206892,0.21170011,0.105255155,Simulated Portfolio
0.338419514,0.21220173,1.500550979,0.264046505,0.3607418,0.232027398,0.143184296,Simulated Portfolio
0.261983358,0.206144023,1.173855804,0.25003978,0.253293199,0.417205662,0.079461359,Simulated Portfolio
0.180038017,0.197285532,0.811199968,0.383788062,0.057161522,0.168129514,0.390920901,Simulated Portfolio
0.325779253,0.210951295,1.449525366,0.228554997,0.348301561,0.256964126,0.166179315,Simulated Portfolio
0.175351966,0.203294321,0.76417268,0.361053431,0.086329724,0.443131868,0.109484977,Simulated Portfolio
0.318174595,0.209044091,1.426371793,0.215508764,0.336729196,0.250550636,0.197211404,Simulated Portfolio
0.322002428,0.209563414,1.441102828,0.285024031,0.333522956,0.273520698,0.107932315,Simulated Portfolio
0.113980855,0.216850751,0.433389577,0.053669836,0.025237535,0.355394205,0.565698423,Simulated Portfolio
0.316048127,0.205097927,1.443447681,0.319170473,0.31097944,0.223377922,0.146472165,Simulated Portfolio
0.246653165,0.197589999,1.147088242,0.375343097,0.188106012,0.285056199,0.151494693,Simulated Portfolio
0.280638041,0.236210636,1.103413656,0.709104035,0.163678523,0.096365387,0.030852055,Simulated Portfolio
0.153628887,0.201334043,0.6637173,0.214969556,0.073349869,0.42771679,0.283963784,Simulated Portfolio
0.146605308,0.21093425,0.600212188,0.075954199,0.062638252,0.230705357,0.630702193,Simulated Portfolio
0.382468533,0.238885944,1.517328843,0.146973126,0.467450119,0.308601796,0.076974958,Simulated Portfolio
0.251717817,0.209085398,1.108244859,0.097010065,0.25591802,0.356273752,0.290798163,Simulated Portfolio
0.366771429,0.215693128,1.607707355,0.251752837,0.395158613,0.09194276,0.261145789,Simulated Portfolio
0.261159641,0.203688445,1.183963291,0.123762126,0.253092968,0.237512728,0.385632178,Simulated Portfolio
0.399246768,0.243992868,1.554335469,0.072877612,0.492525713,0.164285691,0.270310984,Simulated Portfolio
0.279913249,0.20410984,1.273398915,0.469489063,0.21685034,0.187493387,0.12616721,Simulated Portfolio
0.251375499,0.201347435,1.14913557,0.137255256,0.234052839,0.240356952,0.388334953,Simulated Portfolio
0.303999945,0.207595143,1.368047158,0.331781202,0.298298952,0.310143463,0.059776383,Simulated Portfolio
0.223546017,0.193930922,1.04958,0.366856477,0.127730918,0.103314258,0.402098346,Simulated Portfolio
0.160472561,0.213936826,0.656607671,0.118909168,0.119930737,0.57135856,0.189801535,Simulated Portfolio
0.223230403,0.193657534,1.049431946,0.225228569,0.160964784,0.170534813,0.443271834,Simulated Portfolio
0.264349763,0.207379418,1.178273937,0.144846757,0.269935602,0.363099111,0.22211853,Simulated Portfolio
0.308182773,0.199801213,1.442347462,0.290781395,0.288629824,0.108257607,0.312331173,Simulated Portfolio
0.33011582,0.230138031,1.347520956,0.024226015,0.391304302,0.244142654,0.34032703,Simulated Portfolio
0.260564669,0.19937626,1.206586323,0.202592648,0.243863889,0.288034238,0.265509224,Simulated Portfolio
0.320522571,0.20608651,1.458235044,0.230876498,0.329959124,0.183799013,0.255365364,Simulated Portfolio
0.403921065,0.249037513,1.541619417,0.06342234,0.507748529,0.209213584,0.219615546,Simulated Portfolio
0.242770923,0.194258157,1.146777702,0.248937654,0.199792477,0.24766416,0.30360571,Simulated Portfolio
0.369879396,0.238518677,1.466884693,0.082213329,0.455234312,0.290661094,0.171891265,Simulated Portfolio
0.229197609,0.194907483,1.073317481,0.205308833,0.183161302,0.239004277,0.372525588,Simulated Portfolio
0.201600245,0.194075551,0.935719335,0.221912297,0.128410171,0.206092261,0.44358527,Simulated Portfolio
0.308396846,0.20915966,1.378835885,0.394940351,0.291155236,0.282731578,0.031172835,Simulated Portfolio
0.161080494,0.198091479,0.712198702,0.223107069,0.058303937,0.208187276,0.510401717,Simulated Portfolio
0.190545245,0.204443141,0.834194019,0.457861248,0.081551678,0.330930612,0.129656463,Simulated Portfolio
0.185917681,0.197434617,0.840367731,0.395439935,0.076630452,0.262702256,0.265227356,Simulated Portfolio
0.414862683,0.252267403,1.565254483,0.026593172,0.508479998,0.002822506,0.462104324,Simulated Portfolio
0.230683727,0.196769563,1.07071299,0.172972732,0.189914573,0.225059914,0.412052782,Simulated Portfolio
0.199441166,0.217827644,0.823775909,0.033746357,0.193527763,0.494238128,0.278487752,Simulated Portfolio
0.333549387,0.221713076,1.414212425,0.072420632,0.373218208,0.117310762,0.437050398,Simulated Portfolio
0.293192296,0.21938631,1.245256811,0.078581503,0.331426888,0.359368075,0.230623534,Simulated Portfolio
0.258062291,0.199888143,1.190977554,0.154975173,0.236399684,0.190462526,0.418162617,Simulated Portfolio
0.32057631,0.225589172,1.332405748,0.023595964,0.363840323,0.152377029,0.460186684,Simulated Portfolio
0.213062829,0.192499997,1.002923802,0.295020465,0.139204122,0.240966002,0.324809411,Simulated Portfolio
0.252103376,0.200213029,1.159282078,0.300636986,0.220149738,0.360245074,0.118968202,Simulated Portfolio
0.353422466,0.234597673,1.421252231,0.016147788,0.410553166,0.05703301,0.516266036,Simulated Portfolio
0.252768486,0.194212338,1.19852574,0.281127908,0.209433577,0.232489514,0.276949001,Simulated Portfolio
0.256044626,0.202931225,1.163175481,0.145288623,0.247895425,0.3002062,0.306609751,Simulated Portfolio
0.277511622,0.211707694,1.216354578,0.069194887,0.288628512,0.215426993,0.426749608,Simulated Portfolio
0.233583814,0.203787809,1.048069633,0.096821212,0.206741364,0.208484518,0.487952906,Simulated Portfolio
0.426183658,0.261953446,1.550594827,0.045059598,0.552592373,0.233903446,0.168444582,Simulated Portfolio
0.212086117,0.195647609,0.981796396,0.306940084,0.147379648,0.340713534,0.204966735,Simulated Portfolio
0.4408071,0.247812748,1.698084958,0.201449319,0.535356798,0.116147289,0.147046594,Simulated Portfolio
0.154307367,0.205155772,0.654660436,0.122464869,0.0669251,0.225611422,0.584998609,Simulated Portfolio
0.255367775,0.193319176,1.217508676,0.314531066,0.201457611,0.179244952,0.304766371,Simulated Portfolio
0.348524223,0.214656863,1.530462241,0.353443813,0.360444811,0.218903145,0.06720823,Simulated Portfolio
0.437553243,0.242140472,1.724425663,0.453533199,0.475947133,0.049152464,0.021367205,Simulated Portfolio
0.18918479,0.194652639,0.86916258,0.228098883,0.105561974,0.204145574,0.462193569,Simulated Portfolio
0.095879792,0.226569945,0.334906697,0.121498149,0.021797379,0.688713459,0.167991014,Simulated Portfolio
0.16300041,0.199317569,0.717450104,0.194777026,0.086323371,0.370410019,0.348489584,Simulated Portfolio
0.264567222,0.200467871,1.219982141,0.22415389,0.25042141,0.317373349,0.208051351,Simulated Portfolio
0.272145346,0.195332285,1.290853406,0.303294028,0.23407593,0.192001872,0.27062817,Simulated Portfolio
0.258725491,0.210536724,1.133890025,0.559785681,0.147926345,0.055815068,0.236472907,Simulated Portfolio
0.325439273,0.206757135,1.477285285,0.247651292,0.335614532,0.185335873,0.231398303,Simulated Portfolio
0.201891187,0.194328222,0.93599985,0.321843012,0.122182654,0.300512689,0.255461645,Simulated Portfolio
0.230949119,0.197302587,1.069165499,0.414734592,0.124618803,0.043204656,0.417441948,Simulated Portfolio
0.242578178,0.205458445,1.083324551,0.0934427,0.230860614,0.274310091,0.401386595,Simulated Portfolio
0.34447585,0.211219189,1.536204412,0.268426723,0.363884123,0.177725326,0.189963828,Simulated Portfolio
0.227844929,0.213287405,0.974482902,0.228623144,0.214606836,0.554272204,0.002497816,Simulated Portfolio
0.366506104,0.215093106,1.610958676,0.240994453,0.38969503,0.034264247,0.33504627,Simulated Portfolio
0.174790602,0.218269185,0.709172951,0.04419755,0.097769154,0.069672621,0.788360675,Simulated Portfolio
0.268191351,0.210399177,1.179621299,0.098071528,0.280981979,0.329233969,0.291712525,Simulated Portfolio
0.253498633,0.194483858,1.200606755,0.25346245,0.214412631,0.221706109,0.31041881,Simulated Portfolio
0.20191404,0.206200853,0.88221769,0.129045344,0.175227395,0.450242771,0.245484491,Simulated Portfolio
0.306940726,0.209962591,1.366627855,0.262931539,0.318940542,0.335600385,0.082527534,Simulated Portfolio
0.179529276,0.209946348,0.759857352,0.422644486,0.086125083,0.474064483,0.017165947,Simulated Portfolio
0.272332975,0.212714233,1.186253365,0.059275015,0.285265303,0.246967601,0.408492082,Simulated Portfolio
0.317458497,0.219499483,1.355167184,0.074095588,0.357497009,0.22045587,0.347951534,Simulated Portfolio
0.329103394,0.227264618,1.360103462,0.08534403,0.389670498,0.337018457,0.187967014,Simulated Portfolio
0.396605494,0.228920641,1.645135589,0.260958425,0.453716462,0.163118259,0.122206853,Simulated Portfolio
0.264696863,0.199536953,1.226323543,0.218237186,0.248846691,0.293556392,0.239359731,Simulated Portfolio
0.296993339,0.198960918,1.392199747,0.321150723,0.271855252,0.17543993,0.231554096,Simulated Portfolio
0.311144283,0.206475792,1.41006498,0.403861183,0.286796571,0.220551234,0.088791012,Simulated Portfolio
0.25076508,0.194455288,1.186725657,0.243649239,0.19604249,0.093843036,0.466465235,Simulated Portfolio
0.292919107,0.217317884,1.255852036,0.106432567,0.327367173,0.371494721,0.19470554,Simulated Portfolio
0.365488004,0.214898917,1.607676806,0.253455061,0.390987647,0.078335633,0.277221659,Simulated Portfolio
0.350253607,0.208402639,1.584690139,0.329761833,0.346756807,0.0449471,0.27853426,Simulated Portfolio
0.210471463,0.195968883,0.971947481,0.348660847,0.13470378,0.32149373,0.195141643,Simulated Portfolio
0.304526582,0.198697531,1.431958313,0.314405557,0.274562719,0.079600958,0.331430765,Simulated Portfolio
0.21642708,0.19373138,1.013914624,0.355789936,0.118555382,0.112782107,0.412872575,Simulated Portfolio
0.235255598,0.196231381,1.096947884,0.313670456,0.184017435,0.32205363,0.180258479,Simulated Portfolio
0.282495198,0.200633161,1.308334055,0.233665517,0.273064356,0.262078671,0.231191455,Simulated Portfolio
0.150301116,0.207036484,0.629363064,0.271751375,0.069531496,0.529195901,0.129521229,Simulated Portfolio
0.133313844,0.201021143,0.563691171,0.281875035,0.007638077,0.274981249,0.435505639,Simulated Portfolio
0.356874354,0.212857463,1.582628809,0.326732757,0.370280124,0.140432843,0.162554276,Simulated Portfolio
0.350975254,0.215817453,1.533588918,0.27025623,0.380844606,0.227828862,0.121070302,Simulated Portfolio
0.277853961,0.195201541,1.320962731,0.338908039,0.228640181,0.118509224,0.313942556,Simulated Portfolio
0.259194838,0.194929026,1.227086817,0.364746695,0.200060209,0.188210791,0.246982305,Simulated Portfolio
0.192630561,0.201051985,0.858636444,0.138520106,0.14626495,0.357566366,0.357648579,Simulated Portfolio
0.269734863,0.208025414,1.200501703,0.534760182,0.177121018,0.102258933,0.185859866,Simulated Portfolio
0.293078699,0.237385365,1.150360296,0.716886076,0.173779464,0.013232109,0.096102351,Simulated Portfolio
0.295751719,0.203790695,1.353112412,0.334476229,0.280080013,0.281512733,0.103931026,Simulated Portfolio
0.410795917,0.229734186,1.70107864,0.421735555,0.434360541,0.040590087,0.103313817,Simulated Portfolio
0.169057604,0.2013811,0.740176729,0.42816455,0.039680111,0.247508529,0.28464681,Simulated Portfolio
0.222449629,0.207661206,0.974903465,0.082937585,0.209198574,0.367839118,0.340024723,Simulated Portfolio
0.28407631,0.204289766,1.2926556,0.190485466,0.287139423,0.291190308,0.231184804,Simulated Portfolio
0.261779563,0.195274915,1.238149623,0.299438091,0.222167809,0.236261872,0.242132229,Simulated Portfolio
0.343470931,0.214387265,1.508815979,0.160562213,0.367462324,0.059654576,0.412320887,Simulated Portfolio
0.249689381,0.195247755,1.176399604,0.217710011,0.213197798,0.212565237,0.356526955,Simulated Portfolio
0.224115167,0.195030481,1.046580853,0.197634087,0.174562572,0.229118203,0.398685138,Simulated Portfolio
0.328244182,0.203467103,1.514958329,0.352901496,0.306873251,0.064943061,0.275282192,Simulated Portfolio
0.229931775,0.201787151,1.040362454,0.391739006,0.166242862,0.368447526,0.073570606,Simulated Portfolio
0.291104304,0.222511113,1.218385452,0.011921801,0.326029197,0.244355965,0.417693038,Simulated Portfolio
0.221175457,0.194296304,1.035405475,0.382745599,0.123650144,0.127392721,0.366211535,Simulated Portfolio
0.203598654,0.215757628,0.850948613,0.00099839,0.184686507,0.311988675,0.502326428,Simulated Portfolio
0.248673484,0.198024737,1.154772313,0.201590004,0.223934569,0.291959635,0.282515792,Simulated Portfolio
0.319261095,0.204767076,1.461470766,0.256773727,0.322873269,0.182079135,0.238273869,Simulated Portfolio
0.264369427,0.202928084,1.204216897,0.174631253,0.25921475,0.318683833,0.247470164,Simulated Portfolio
0.176204768,0.209099765,0.747034639,0.514005512,0.032929463,0.217974049,0.235090976,Simulated Portfolio
0.156649153,0.197301853,0.692589305,0.251172138,0.051108829,0.254329296,0.443389737,Simulated Portfolio
0.244338153,0.196794807,1.139959718,0.368699733,0.184623101,0.27941806,0.167259105,Simulated Portfolio
0.181884661,0.195073303,0.829865793,0.278113657,0.078327025,0.15827376,0.485285558,Simulated Portfolio
0.198311686,0.202993824,0.878409412,0.17645464,0.160137009,0.448087463,0.215320888,Simulated Portfolio
0.139429702,0.201326749,0.593213285,0.336902704,0.015934963,0.338722559,0.308439775,Simulated Portfolio
0.233045111,0.197874229,1.076669319,0.160638574,0.197394254,0.234647041,0.407320131,Simulated Portfolio
0.209433618,0.194178913,0.975562256,0.374414545,0.108733099,0.159725295,0.357127061,Simulated Portfolio
0.223257761,0.21235893,0.957142518,0.14524834,0.217667983,0.520162529,0.116921148,Simulated Portfolio
0.252706961,0.205243603,1.133808597,0.131444784,0.249300965,0.338966614,0.280287637,Simulated Portfolio
0.373015068,0.23485526,1.50311757,0.081876034,0.450046388,0.20210994,0.265967638,Simulated Portfolio
0.10429163,0.212119555,0.39737793,0.126675587,0.000343592,0.397803943,0.475176878,Simulated Portfolio
0.315487472,0.204545183,1.444607334,0.261764678,0.318103345,0.20420002,0.215931957,Simulated Portfolio
0.342842163,0.214441905,1.505499418,0.174201942,0.374735781,0.149511622,0.301550655,Simulated Portfolio
0.502293237,0.296255284,1.627965012,0.037555257,0.68038011,0.18975544,0.092309193,Simulated Portfolio
0.13496596,0.203432223,0.565131514,0.369126152,0.000908383,0.326631186,0.303334278,Simulated Portfolio
0.21075615,0.192581568,0.990521322,0.269724579,0.139317233,0.23698799,0.353970199,Simulated Portfolio
0.220492591,0.200468796,1.000118697,0.428722575,0.135614158,0.305546755,0.130116511,Simulated Portfolio
0.202350093,0.192567666,0.946940352,0.288896508,0.118553528,0.214291022,0.378258942,Simulated Portfolio
0.252273093,0.197812019,1.174211219,0.217747154,0.227470941,0.293902608,0.260879297,Simulated Portfolio
0.30133646,0.200324853,1.404401181,0.290662544,0.286719982,0.19052968,0.232087794,Simulated Portfolio
0.296493522,0.206038797,1.341948826,0.461908533,0.246990635,0.188028797,0.103072035,Simulated Portfolio
0.234689147,0.193472007,1.109665168,0.354249399,0.147905346,0.091699057,0.406146198,Simulated Portfolio
0.268943591,0.200648544,1.24069473,0.430112464,0.208944849,0.220213772,0.140728916,Simulated Portfolio
0.245483967,0.213600323,1.055634952,0.035856976,0.250574778,0.309513031,0.404055215,Simulated Portfolio
0.123104774,0.212197377,0.485890896,0.132949608,0.047032151,0.524356867,0.295661374,Simulated Portfolio
0.26884483,0.223591257,1.112945264,0.000242462,0.302532159,0.351493843,0.345731536,Simulated Portfolio
0.333405854,0.212317161,1.476121162,0.191387478,0.36150739,0.20111356,0.245991572,Simulated Portfolio
0.173272401,0.209040206,0.733219722,0.210964409,0.123713622,0.557374062,0.107947908,Simulated Portfolio
0.191274285,0.20924082,0.818551009,0.066454508,0.162395637,0.402468108,0.368681747,Simulated Portfolio
0.305704975,0.211182019,1.352884948,0.475452649,0.265600285,0.230486709,0.028460357,Simulated Portfolio
0.228037574,0.205925429,1.010256847,0.45866327,0.148434354,0.348566694,0.044335681,Simulated Portfolio
0.327055586,0.225193397,1.36351949,0.042887993,0.354479556,0.010727888,0.591904563,Simulated Portfolio
0.291283175,0.222009732,1.221942718,0.024380316,0.329055553,0.285618539,0.360945591,Simulated Portfolio
0.163347746,0.209628742,0.683817229,0.490422188,0.026913224,0.317204408,0.16546018,Simulated Portfolio
0.192596706,0.195894984,0.88106751,0.227312647,0.12806003,0.340568438,0.304058885,Simulated Portfolio
0.199405046,0.193998878,0.92477363,0.341840202,0.095212527,0.142593079,0.420354193,Simulated Portfolio
0.212545604,0.199790831,0.963735936,0.452957485,0.107140317,0.219926903,0.219975295,Simulated Portfolio
0.251567673,0.193508919,1.196677002,0.284461,0.203858959,0.208507111,0.30317293,Simulated Portfolio
0.386325828,0.223108456,1.641918172,0.209295422,0.428974941,0.02782972,0.333899916,Simulated Portfolio
0.271216839,0.194965539,1.288519194,0.296357581,0.232295357,0.180135939,0.291211123,Simulated Portfolio
0.322984461,0.204222264,1.483601523,0.41503689,0.284317426,0.046807673,0.253838011,Simulated Portfolio
0.283611854,0.197205676,1.336735629,0.242313501,0.257195629,0.127441438,0.373049432,Simulated Portfolio
0.260445374,0.195443015,1.23025821,0.383231696,0.196697192,0.170158098,0.249913014,Simulated Portfolio
0.255126514,0.202703578,1.159952458,0.197421431,0.24459867,0.364426958,0.193552941,Simulated Portfolio
0.188861232,0.208569788,0.809615017,0.118813563,0.158866417,0.486563411,0.23575661,Simulated Portfolio
0.36102621,0.246543041,1.383231946,0.080544589,0.457112881,0.430834251,0.031508279,Simulated Portfolio
0.259447388,0.195506639,1.224753234,0.303652774,0.219080476,0.250475917,0.226790833,Simulated Portfolio
0.371332403,0.214404453,1.638643218,0.375288661,0.371529798,0.016231576,0.236949965,Simulated Portfolio
0.28897387,0.215759281,1.246638706,0.048746396,0.303775059,0.145741825,0.501736721,Simulated Portfolio
0.208228097,0.196123661,0.959741908,0.399673565,0.111724853,0.239821657,0.248779925,Simulated Portfolio
0.117255323,0.221970676,0.438144914,0.015629869,0.053428905,0.484997235,0.445943992,Simulated Portfolio
0.307819457,0.21474011,1.340315307,0.085611173,0.319787702,0.06341,0.531191125,Simulated Portfolio
0.200012541,0.210861763,0.853699308,0.235914205,0.166341351,0.564522177,0.033222267,Simulated Portfolio
0.222582495,0.19432873,1.042473211,0.216706479,0.158789939,0.14898648,0.475517103,Simulated Portfolio
0.294053597,0.198160271,1.382989614,0.380200737,0.245608687,0.088749237,0.285441339,Simulated Portfolio
0.198305942,0.202722028,0.87955879,0.217306395,0.154904893,0.466197642,0.16159107,Simulated Portfolio
0.297597754,0.204433314,1.357889032,0.433807964,0.255159582,0.197676116,0.113356338,Simulated Portfolio
0.333995679,0.215063935,1.460010851,0.162448422,0.369377338,0.214405632,0.253768608,Simulated Portfolio
0.286295184,0.210695386,1.263887118,0.237622723,0.2962105,0.405436842,0.060729934,Simulated Portfolio
0.271205285,0.203470793,1.234601201,0.291628922,0.255023451,0.361688764,0.091658863,Simulated Portfolio
0.130631161,0.205077063,0.53946141,0.345016654,0.008293206,0.413862178,0.232827963,Simulated Portfolio
0.171803939,0.200082847,0.758705411,0.364733649,0.071524436,0.376814522,0.186927394,Simulated Portfolio
0.297192994,0.202638982,1.367915454,0.18800518,0.282746178,0.06271397,0.466534671,Simulated Portfolio
0.233874064,0.205982576,1.038311437,0.364418595,0.186632028,0.439871777,0.0090776,Simulated Portfolio
0.33267231,0.221679842,1.410467938,0.072375848,0.373788109,0.134561817,0.419274226,Simulated Portfolio
0.240288914,0.206105904,1.068814187,0.448940685,0.17165866,0.350672437,0.028728218,Simulated Portfolio
0.255629995,0.198146646,1.189169737,0.175398781,0.229681462,0.200371111,0.394548646,Simulated Portfolio
0.136154683,0.201764037,0.575695672,0.21583442,0.036503665,0.374302488,0.373359427,Simulated Portfolio
0.178775576,0.196928109,0.806261622,0.346100544,0.081201415,0.328966799,0.243731242,Simulated Portfolio
0.226737672,0.194027291,1.065508212,0.325971701,0.161562132,0.27660334,0.235862827,Simulated Portfolio
0.179308334,0.195452509,0.815074387,0.314453474,0.085988324,0.313437338,0.286120864,Simulated Portfolio
0.463870871,0.263314879,1.685703719,0.101291173,0.583777522,0.036020752,0.278910552,Simulated Portfolio
0.40126837,0.244175983,1.561449107,0.134218016,0.496708055,0.26217384,0.106900089,Simulated Portfolio
0.248726016,0.19393877,1.179372312,0.247906723,0.205427207,0.207350868,0.339315201,Simulated Portfolio
0.36231395,0.226734807,1.509754739,0.121663499,0.423586211,0.196113824,0.258636466,Simulated Portfolio
0.308114955,0.204892473,1.406176377,0.295672878,0.305665176,0.257869046,0.140792901,Simulated Portfolio
0.216159042,0.200081987,0.980393312,0.240084601,0.17576466,0.417135319,0.167015421,Simulated Portfolio
0.361189739,0.212524932,1.605410416,0.281992609,0.377563209,0.071614257,0.268829926,Simulated Portfolio
0.308242927,0.200600313,1.436901681,0.258998766,0.294709841,0.110033791,0.336257602,Simulated Portfolio
0.145720867,0.203284638,0.618447456,0.307458622,0.045604885,0.450202244,0.196734249,Simulated Portfolio
0.258263004,0.196308362,1.213718062,0.265964813,0.22629939,0.270686348,0.237049448,Simulated Portfolio
0.314120517,0.206429903,1.424796083,0.312919052,0.312873837,0.257364224,0.116842886,Simulated Portfolio
0.26248901,0.198846811,1.21947649,0.433571408,0.192064457,0.17808215,0.196281985,Simulated Portfolio
0.3108194,0.206135411,1.410817284,0.456471678,0.265853173,0.130620188,0.147054961,Simulated Portfolio
0.313457885,0.206698289,1.419740272,0.293185319,0.316284538,0.265494594,0.125035549,Simulated Portfolio
0.291689626,0.232418788,1.16896585,0.016180308,0.350814432,0.447912823,0.185092438,Simulated Portfolio
0.301812139,0.226433013,1.244571785,0.034669555,0.35379367,0.35509443,0.256442344,Simulated Portfolio
0.180729962,0.209236255,0.768174532,0.051664091,0.131418893,0.274704866,0.54221215,Simulated Portfolio
0.265209108,0.209628545,1.169731476,0.230968483,0.265875125,0.446569838,0.056586554,Simulated Portfolio
0.099645345,0.216463834,0.367938348,0.092697302,0.006365676,0.463367182,0.43756984,Simulated Portfolio
0.257348877,0.199646237,1.188847233,0.17021012,0.23973561,0.251277126,0.338777144,Simulated Portfolio
0.2846076,0.212988754,1.242354796,0.078204645,0.304916974,0.262187768,0.354690614,Simulated Portfolio
0.147074583,0.205653634,0.617905849,0.123986019,0.074919253,0.39803689,0.403057837,Simulated Portfolio
0.124506706,0.205593349,0.508317544,0.257710138,0.019268389,0.461546914,0.261474559,Simulated Portfolio
0.307966273,0.217349985,1.324896676,0.132748189,0.345721996,0.347259835,0.17426998,Simulated Portfolio
0.479115332,0.270969341,1.694344202,0.116234897,0.61399632,0.090250177,0.179518606,Simulated Portfolio
0.272145071,0.217025863,1.161820385,0.095667619,0.299505978,0.422487143,0.182339259,Simulated Portfolio
0.331872143,0.226007673,1.379918388,0.08473454,0.3903591,0.30206307,0.22284329,Simulated Portfolio
0.286192612,0.201390614,1.321772685,0.205157047,0.25374362,0.005896369,0.535202964,Simulated Portfolio
0.297504058,0.211554386,1.311738614,0.194164529,0.318187194,0.36144039,0.126207886,Simulated Portfolio
0.253475382,0.193130989,1.208896525,0.294660259,0.201707813,0.178612729,0.325019198,Simulated Portfolio
0.32784207,0.203803773,1.510482679,0.275535369,0.318149784,0.047918721,0.358396125,Simulated Portfolio
0.333887897,0.215443602,1.456937656,0.16307438,0.370341505,0.224890505,0.241693609,Simulated Portfolio
0.546415022,0.297407901,1.770010213,0.217662339,0.709947268,0.072321465,6.89E-05,Simulated Portfolio
0.31917286,0.203341414,1.471283463,0.331750345,0.306689385,0.161851265,0.199709005,Simulated Portfolio
0.174415777,0.210510311,0.733530709,0.080957136,0.138576711,0.468761123,0.31170503,Simulated Portfolio
0.299735892,0.213460907,1.310478325,0.080739786,0.312208424,0.109279716,0.497772075,Simulated Portfolio
0.238458503,0.205546218,1.062819379,0.132398687,0.185233909,0.013617894,0.668749509,Simulated Portfolio
0.365178405,0.218568377,1.579269653,0.492246305,0.338848424,0.009383425,0.159521846,Simulated Portfolio
0.326341672,0.204531513,1.49777248,0.265861121,0.326220039,0.12184523,0.286073611,Simulated Portfolio
0.287728799,0.215165108,1.244294679,0.188332046,0.311017413,0.433548334,0.067102208,Simulated Portfolio
0.172449233,0.197939612,0.770180515,0.350507427,0.045558197,0.130808989,0.473125387,Simulated Portfolio
0.160270432,0.202640785,0.692212238,0.201321874,0.049742252,0.11605635,0.632879524,Simulated Portfolio
0.279560169,0.204762098,1.267618237,0.501044192,0.195277394,0.061089273,0.24258914,Simulated Portfolio
0.287182548,0.204986239,1.303416998,0.16608696,0.292833478,0.257135939,0.283943623,Simulated Portfolio
0.415447541,0.239218038,1.653084123,0.297683006,0.485705031,0.213123532,0.003488431,Simulated Portfolio
0.135393529,0.209190505,0.551619345,0.407859727,0.007154255,0.430528979,0.154457039,Simulated Portfolio
0.112944143,0.249144323,0.373053425,0.010411991,0.091141592,0.851818163,0.046628254,Simulated Portfolio
0.317650845,0.214123179,1.390091656,0.113427478,0.346306137,0.18401778,0.356248605,Simulated Portfolio
0.166158746,0.200404902,0.72931722,0.410489237,0.03350518,0.211339559,0.344666024,Simulated Portfolio
0.343149812,0.209907251,1.539488568,0.401592105,0.330574667,0.120723106,0.147110122,Simulated Portfolio
0.119654263,0.20453011,0.487235171,0.268018514,0.001939705,0.402994124,0.327047658,Simulated Portfolio
0.407514289,0.25033995,1.547952252,0.071129806,0.514140437,0.222226662,0.192503095,Simulated Portfolio
0.122203141,0.212855771,0.480152081,0.33286657,0.012298666,0.549812172,0.105022592,Simulated Portfolio
0.274235128,0.196231666,1.295586658,0.351448126,0.228665556,0.189527971,0.230358347,Simulated Portfolio
0.355553803,0.219155118,1.531124651,0.383055595,0.3695618,0.238115307,0.009267298,Simulated Portfolio
0.280721678,0.214176981,1.217318859,0.075394313,0.3039672,0.305874275,0.314764211,Simulated Portfolio
0.264920517,0.195071388,1.255543006,0.317986412,0.221507704,0.213581027,0.246924857,Simulated Portfolio
0.301120318,0.222896093,1.261216895,0.091860097,0.347687569,0.400371264,0.16008107,Simulated Portfolio
0.266890984,0.204099246,1.209661421,0.155826235,0.265627421,0.307393197,0.271153147,Simulated Portfolio
0.405608256,0.238287755,1.618246203,0.170934945,0.488171578,0.184273767,0.15661971,Simulated Portfolio
0.266994702,0.198039454,1.24719947,0.324875851,0.231695146,0.278650952,0.164778051,Simulated Portfolio
0.28333992,0.202910375,1.29781397,0.414309577,0.23997596,0.247129039,0.098585425,Simulated Portfolio
0.266679294,0.193991899,1.271595853,0.294348943,0.220416896,0.14374535,0.341488811,Simulated Portfolio
0.170851277,0.197692807,0.763059008,0.373846885,0.046277722,0.194808513,0.38506688,Simulated Portfolio
0.267339501,0.207617226,1.191324559,0.158768517,0.273867931,0.373720763,0.19364279,Simulated Portfolio
0.130053549,0.21237809,0.518196338,0.33218364,0.026665301,0.555230171,0.085920888,Simulated Portfolio
0.277196161,0.200854253,1.2805114,0.331458339,0.250293987,0.296339252,0.121908422,Simulated Portfolio
0.408421638,0.250379426,1.551332089,0.098470955,0.515560028,0.262080959,0.123888059,Simulated Portfolio
0.154099664,0.197599126,0.678645025,0.291097019,0.046084125,0.309285762,0.353533094,Simulated Portfolio
0.249422044,0.198165406,1.157730043,0.224590292,0.223945319,0.31588284,0.235581549,Simulated Portfolio
0.133734474,0.201853205,0.563451414,0.315896621,0.011805169,0.354653739,0.31764447,Simulated Portfolio
0.467034642,0.286663446,1.559440694,0.00334933,0.632436123,0.246896613,0.117317934,Simulated Portfolio
0.276291237,0.196104207,1.306913507,0.296480588,0.24332941,0.19898093,0.261209072,Simulated Portfolio
0.327699801,0.22570598,1.36327713,0.036514954,0.37586623,0.16926863,0.418350186,Simulated Portfolio
0.259051269,0.199734375,1.196845905,0.303620007,0.228735347,0.336186712,0.131457934,Simulated Portfolio
0.350591021,0.254114331,1.300953864,0.026622962,0.456271546,0.492599943,0.024505548,Simulated Portfolio
0.373419826,0.222174256,1.590732577,0.304194911,0.411493393,0.210813801,0.073497895,Simulated Portfolio
0.196484366,0.196897669,0.896325318,0.176500566,0.137855631,0.289599089,0.396044714,Simulated Portfolio
0.243714464,0.194000996,1.15316142,0.37964654,0.164513711,0.138052495,0.317787254,Simulated Portfolio
0.173991739,0.195355625,0.788263653,0.276896217,0.083151148,0.30976836,0.330184275,Simulated Portfolio
0.180865606,0.194652544,0.82642437,0.289169062,0.091397323,0.297924868,0.321508747,Simulated Portfolio
0.356910976,0.231993099,1.452245683,0.048555692,0.422628577,0.155822862,0.372992869,Simulated Portfolio
0.207911572,0.194449834,0.966375586,0.221233746,0.148531399,0.281338862,0.348895993,Simulated Portfolio
0.324113775,0.211769709,1.436058897,0.340420282,0.329147517,0.290209037,0.040223164,Simulated Portfolio
0.257840353,0.195117951,1.2189568,0.232172747,0.211790473,0.105617552,0.450419228,Simulated Portfolio
0.121251645,0.219144142,0.462032178,0.149391356,0.054870368,0.640688318,0.155049958,Simulated Portfolio
0.262678639,0.195849581,1.239107265,0.250078478,0.232058469,0.231170737,0.286692317,Simulated Portfolio
0.301473372,0.198824275,1.415689162,0.273010933,0.277955728,0.089338197,0.359695142,Simulated Portfolio
0.183870269,0.194024935,0.844583551,0.286458463,0.093826892,0.270862334,0.348852311,Simulated Portfolio
0.404283227,0.230510689,1.667095039,0.306475003,0.457454578,0.152328019,0.0837424,Simulated Portfolio
0.302718066,0.204048321,1.385544684,0.302512201,0.296044393,0.265842804,0.135600602,Simulated Portfolio
0.39338186,0.228403211,1.634748733,0.406709779,0.421287849,0.159587454,0.012414918,Simulated Portfolio
0.198235627,0.219241738,0.812963942,0.073197928,0.193497881,0.570613129,0.162691062,Simulated Portfolio
0.275546629,0.195178074,1.309299877,0.288358336,0.238296296,0.155716865,0.317628504,Simulated Portfolio
0.180128802,0.197896236,0.809155372,0.375566832,0.076638729,0.316000647,0.231793793,Simulated Portfolio
0.311913864,0.205051031,1.423615689,0.42317079,0.277439143,0.160928313,0.138461755,Simulated Portfolio
0.317678057,0.202631407,1.469061788,0.324321302,0.304370541,0.152910642,0.218397515,Simulated Portfolio
0.247642052,0.20435783,1.113938486,0.223286819,0.233625988,0.419764867,0.123322327,Simulated Portfolio
0.316239106,0.208089084,1.423616752,0.361376572,0.307964678,0.259089803,0.071568947,Simulated Portfolio
0.185529124,0.215165952,0.769309096,0.098269068,0.16550641,0.558581813,0.177642708,Simulated Portfolio
0.151221815,0.205968097,0.637097768,0.207254787,0.080500327,0.509977796,0.20226709,Simulated Portfolio
0.283896333,0.211528525,1.247568537,0.111128466,0.304154598,0.315577274,0.269139662,Simulated Portfolio
0.271992743,0.195398281,1.289636438,0.253645405,0.232472077,0.106244549,0.407637969,Simulated Portfolio
0.260972276,0.198571059,1.213531705,0.188007466,0.241121552,0.237509883,0.333361099,Simulated Portfolio
0.178941597,0.207012593,0.767787093,0.425200721,0.079239459,0.429238639,0.066321181,Simulated Portfolio
0.250458792,0.200390033,1.150051169,0.184445107,0.233689858,0.321457215,0.260407821,Simulated Portfolio
0.210641878,0.19819628,0.961884238,0.173018533,0.168215376,0.332899323,0.325866768,Simulated Portfolio
0.259106676,0.194098103,1.231885695,0.338691814,0.204283499,0.185329107,0.27169558,Simulated Portfolio
0.332894355,0.221752353,1.411008052,0.088039829,0.380749511,0.212659455,0.318551205,Simulated Portfolio
0.314080483,0.210421218,1.397579988,0.466018837,0.278024358,0.199098368,0.056858436,Simulated Portfolio
0.151217813,0.197955897,0.662863877,0.279393911,0.035862381,0.248289391,0.436454317,Simulated Portfolio
0.204809982,0.193152322,0.956809531,0.28623382,0.130473262,0.273828763,0.309464156,Simulated Portfolio
0.238212651,0.204848568,1.065238842,0.515238143,0.124473427,0.088825798,0.271462632,Simulated Portfolio
0.265745231,0.198675514,1.236917556,0.243062165,0.245663873,0.289432776,0.221841186,Simulated Portfolio
0.306840368,0.218057595,1.315433969,0.150117154,0.344515361,0.379530982,0.125836502,Simulated Portfolio
0.195797896,0.193003309,0.91085431,0.278430695,0.111762868,0.236304662,0.373501775,Simulated Portfolio
0.192127628,0.194856628,0.883355263,0.280378507,0.116201408,0.328737187,0.274682898,Simulated Portfolio
0.286912721,0.197260581,1.353097103,0.318930324,0.255232152,0.178961049,0.246876475,Simulated Portfolio
0.369364073,0.220409862,1.585065526,0.198993324,0.413861974,0.130514449,0.256630254,Simulated Portfolio
0.341105295,0.227812431,1.409516125,0.076886909,0.403517041,0.266833018,0.252763032,Simulated Portfolio
0.268352292,0.210302268,1.180930163,0.105216281,0.281400528,0.341136761,0.27224643,Simulated Portfolio
0.214451751,0.196750197,0.988317949,0.237264504,0.166300093,0.358911466,0.237523937,Simulated Portfolio
0.265514138,0.196409731,1.250010052,0.3989364,0.200758026,0.154678321,0.245627252,Simulated Portfolio
0.25437319,0.202417361,1.157870986,0.123317433,0.234211163,0.177677738,0.464793666,Simulated Portfolio
0.25338786,0.195970111,1.190935997,0.214624988,0.221712271,0.225444313,0.338218428,Simulated Portfolio
0.272588625,0.199086992,1.268734956,0.420879023,0.212202935,0.181021919,0.185896123,Simulated Portfolio
0.144682486,0.200189912,0.622821025,0.339849763,0.01255962,0.23974751,0.407843106,Simulated Portfolio
0.335560218,0.207418963,1.521366286,0.297680094,0.340945538,0.159464116,0.201910252,Simulated Portfolio
0.272970893,0.199964311,1.265080211,0.250664822,0.257444207,0.294827774,0.197063197,Simulated Portfolio
0.17421806,0.198331541,0.777577075,0.256398273,0.098393578,0.402114329,0.24309382,Simulated Portfolio
0.287331646,0.22039282,1.212978021,0.037175465,0.32280877,0.309778751,0.330237014,Simulated Portfolio
0.231008949,0.205355185,1.027531634,0.379540844,0.177238848,0.425838721,0.017381587,Simulated Portfolio
0.261010154,0.198033076,1.217019697,0.431341772,0.173944293,0.045680916,0.349033019,Simulated Portfolio
0.249548649,0.211738083,1.084116024,0.041979881,0.243520798,0.20186108,0.512638241,Simulated Portfolio
0.398713518,0.226227818,1.67403603,0.373178963,0.429703047,0.102421034,0.094696955,Simulated Portfolio
0.141554227,0.213612742,0.569040152,0.070566948,0.050857421,0.197417379,0.681158252,Simulated Portfolio
0.270775392,0.196501985,1.276197756,0.36004705,0.22297941,0.20496835,0.21200519,Simulated Portfolio
0.185443813,0.198333391,0.834170244,0.355612396,0.095167978,0.363366626,0.185853,Simulated Portfolio
0.259031817,0.201307606,1.187395858,0.160947054,0.247426688,0.276975044,0.314651214,Simulated Portfolio
0.207732699,0.201181993,0.933148619,0.134488668,0.171546803,0.344365194,0.349599335,Simulated Portfolio
0.248014248,0.202294079,1.127142472,0.398257463,0.193164756,0.341922218,0.066655564,Simulated Portfolio
0.295509542,0.202092758,1.363282603,0.205638839,0.292754125,0.196396234,0.305210803,Simulated Portfolio
0.220941188,0.2016041,0.996711813,0.1407493,0.194102679,0.351216555,0.313931466,Simulated Portfolio
0.34178724,0.231457825,1.390262954,0.027686974,0.405360213,0.198357034,0.368595779,Simulated Portfolio
0.155153097,0.2027495,0.666601382,0.419900885,0.015803169,0.236681774,0.327614172,Simulated Portfolio
0.264235027,0.207850511,1.175051364,0.508793162,0.187147609,0.225332805,0.078726424,Simulated Portfolio
0.413564936,0.244395957,1.610357804,0.11191538,0.507177924,0.138936712,0.241969984,Simulated Portfolio
0.169770607,0.217823816,0.687576823,0.556289297,0.026534088,0.320880268,0.096296348,Simulated Portfolio
0.248378435,0.202722503,1.126556904,0.393659308,0.195858221,0.35211877,0.058363702,Simulated Portfolio
0.340740074,0.22017797,1.456731002,0.100588046,0.380468853,0.116559764,0.402383337,Simulated Portfolio
0.273971609,0.218746141,1.161033554,0.06765838,0.305096802,0.400520113,0.226724705,Simulated Portfolio
0.27377707,0.197328119,1.286066429,0.222020261,0.250803988,0.185115804,0.342059947,Simulated Portfolio
0.358186848,0.2446507,1.382325284,0.044777572,0.452391573,0.378665973,0.124164882,Simulated Portfolio
0.298021931,0.208318269,1.334601769,0.371012272,0.282265201,0.321974899,0.024747627,Simulated Portfolio
0.179071258,0.203067319,0.783342487,0.45569766,0.038344644,0.13406619,0.371891505,Simulated Portfolio
0.418512857,0.251916235,1.581926061,0.043041764,0.518261813,0.056274575,0.382421849,Simulated Portfolio
0.287642978,0.196742677,1.360370723,0.273401445,0.253278895,0.083825026,0.389494634,Simulated Portfolio
0.297093614,0.203927013,1.358788175,0.419049649,0.25854781,0.210825221,0.11157732,Simulated Portfolio
0.405224216,0.227845307,1.690727013,0.248432255,0.455957918,0.039138832,0.256470995,Simulated Portfolio
0.309952575,0.21508837,1.348062544,0.140817883,0.343625585,0.313489284,0.202067248,Simulated Portfolio
0.28060915,0.200357995,1.300717497,0.20502139,0.27118961,0.230541341,0.293247659,Simulated Portfolio
0.27998488,0.19614719,1.325458092,0.324133654,0.223427567,0.022472052,0.429966727,Simulated Portfolio
0.306740254,0.216388213,1.325119563,0.236525051,0.332067511,0.407645509,0.023761929,Simulated Portfolio
0.164231405,0.215888346,0.668083331,0.033498313,0.093276826,0.167923724,0.705301137,Simulated Portfolio
0.257175321,0.213106145,1.112944546,0.578812413,0.145758183,0.088695206,0.186734198,Simulated Portfolio
0.244383376,0.232855122,0.963617952,0.036792925,0.283927185,0.603330735,0.075949155,Simulated Portfolio
0.297300743,0.205363798,1.350290295,0.220348842,0.303764825,0.284114774,0.191771559,Simulated Portfolio
0.356360038,0.225524689,1.491455496,0.088436802,0.404643353,0.074532361,0.432387484,Simulated Portfolio
0.308160822,0.20635119,1.396458248,0.402533869,0.283267556,0.232120095,0.08207848,Simulated Portfolio
0.23251492,0.197132282,1.078032057,0.429627225,0.130143115,0.088932166,0.351297493,Simulated Portfolio
0.304773607,0.207117853,1.374935104,0.151364044,0.314395586,0.161277719,0.372962651,Simulated Portfolio
0.299436002,0.220242454,1.268765387,0.099953729,0.340945701,0.38080716,0.17829341,Simulated Portfolio
0.224446743,0.212748117,0.960980271,0.053078559,0.222419185,0.403920022,0.320582235,Simulated Portfolio
0.267772594,0.212315724,1.167000681,0.064015052,0.280765456,0.282246349,0.372973143,Simulated Portfolio
0.332165432,0.231788783,1.346766778,0.141717408,0.397058749,0.439089862,0.022133981,Simulated Portfolio
0.160542043,0.214739621,0.654476532,0.021994539,0.102265878,0.278145829,0.597593754,Simulated Portfolio
0.168349566,0.204880564,0.724078278,0.154519091,0.114490327,0.46669028,0.264300302,Simulated Portfolio
0.260414127,0.201714309,1.191854602,0.17520261,0.250861057,0.30704599,0.266890343,Simulated Portfolio
0.348999267,0.212200974,1.55041356,0.425797751,0.334601628,0.106535429,0.133065192,Simulated Portfolio
0.376133406,0.217141312,1.640099725,0.324788548,0.397680762,0.088262673,0.189268017,Simulated Portfolio
0.403081468,0.263733154,1.452534361,0.003639664,0.531808394,0.330925871,0.133626071,Simulated Portfolio
0.259964789,0.233062049,1.029617609,0.037205575,0.307035513,0.571904212,0.083854699,Simulated Portfolio
0.268179565,0.23823317,1.041750672,0.049135935,0.324093873,0.6133791,0.013391092,Simulated Portfolio
0.343823291,0.211892843,1.528240813,0.195107925,0.364685049,0.083501785,0.356705242,Simulated Portfolio
0.212785451,0.194947822,0.988907947,0.254099189,0.156315564,0.325337718,0.26424753,Simulated Portfolio
0.287229792,0.19615817,1.362317929,0.330026939,0.243638746,0.094942263,0.331392051,Simulated Portfolio
0.319976417,0.203576035,1.473535022,0.364014514,0.300149233,0.144582918,0.191253335,Simulated Portfolio
0.248349471,0.217451744,1.050115613,0.023657932,0.264109817,0.362286224,0.349946027,Simulated Portfolio
0.174745386,0.195638416,0.79097648,0.33481798,0.069333418,0.271435762,0.32441284,Simulated Portfolio
0.393374272,0.223822069,1.668174515,0.386627579,0.415852127,0.084421451,0.113098842,Simulated Portfolio
0.200064636,0.196672374,0.915556323,0.276766609,0.136132637,0.374658411,0.212442343,Simulated Portfolio
0.257019618,0.22481145,1.054304033,0.0309209,0.291624511,0.476926165,0.200528425,Simulated Portfolio
0.16340789,0.210199744,0.682245791,0.076468181,0.085062049,0.176222095,0.662247676,Simulated Portfolio
0.267998044,0.20951115,1.183698548,0.074542723,0.269805789,0.203943467,0.45170802,Simulated Portfolio
0.205912031,0.212465488,0.875022254,0.562047417,0.07191059,0.186999871,0.179042122,Simulated Portfolio
0.299296957,0.205950535,1.356136109,0.178968927,0.309298822,0.239137693,0.272594558,Simulated Portfolio
0.1588868,0.213666747,0.65001598,0.251148794,0.098225149,0.61293042,0.037695637,Simulated Portfolio
0.297928723,0.205530258,1.352252096,0.433600896,0.258444773,0.219859076,0.088095255,Simulated Portfolio
0.329108478,0.221990505,1.392440083,0.563329994,0.280953063,0.153943105,0.001773838,Simulated Portfolio
0.303324064,0.212337534,1.334309853,0.159891248,0.329554157,0.320627234,0.189927361,Simulated Portfolio
0.282775063,0.199655881,1.316139859,0.435675312,0.216537687,0.092975431,0.254811569,Simulated Portfolio
0.252208691,0.206037776,1.127019986,0.115757517,0.249881593,0.327349804,0.307011085,Simulated Portfolio
0.322494016,0.216253808,1.398791628,0.199711868,0.357086011,0.3336178,0.109584322,Simulated Portfolio
0.290619821,0.206589801,1.30993795,0.140277129,0.299273308,0.22239223,0.338057333,Simulated Portfolio
0.332043948,0.209279097,1.491042116,0.470669961,0.286391157,0.017586552,0.225352329,Simulated Portfolio
0.387469069,0.226795107,1.620268945,0.368627083,0.421643962,0.190171525,0.019557431,Simulated Portfolio
0.381467741,0.223617286,1.616457065,0.195271945,0.430825548,0.091839402,0.282063106,Simulated Portfolio
0.305380522,0.219735764,1.298744079,0.155995263,0.344628981,0.410269506,0.089106251,Simulated Portfolio
0.297648849,0.219503431,1.264895257,0.080503622,0.337231306,0.346416006,0.235849066,Simulated Portfolio
0.309443291,0.206693888,1.400347603,0.161366219,0.311520791,0.085432692,0.441680298,Simulated Portfolio
0.149900425,0.203667114,0.637807562,0.319123201,0.051612237,0.457557699,0.171706864,Simulated Portfolio
0.383720807,0.219469782,1.657270551,0.387188161,0.395564692,0.055600931,0.161646217,Simulated Portfolio
0.134920024,0.211805587,0.542573146,0.067971957,0.057747724,0.345905808,0.52837451,Simulated Portfolio
0.141113596,0.200863959,0.602963303,0.268411634,0.037727015,0.39230472,0.30155663,Simulated Portfolio
0.330068249,0.229229705,1.352653006,0.100968259,0.393796199,0.380874041,0.124361501,Simulated Portfolio
0.241425319,0.194154736,1.140457985,0.380346388,0.156211115,0.103111203,0.360331294,Simulated Portfolio
0.295513244,0.210126227,1.311179705,0.476799692,0.249510649,0.245390982,0.028298677,Simulated Portfolio
0.381787851,0.223790358,1.616637344,0.246256269,0.430804916,0.163727392,0.159211423,Simulated Portfolio
0.196036872,0.194890604,0.903259922,0.225150219,0.12991014,0.303271942,0.341667699,Simulated Portfolio
0.27970137,0.197045511,1.317976591,0.277585977,0.253716342,0.207759338,0.260938342,Simulated Portfolio
0.410263082,0.244167174,1.598343772,0.086809679,0.50042574,0.092594382,0.320170199,Simulated Portfolio
0.155996298,0.202426217,0.671831447,0.157789836,0.083834515,0.394714028,0.363661621,Simulated Portfolio
0.348260982,0.23141867,1.41847234,0.145378433,0.416590963,0.375507312,0.062523292,Simulated Portfolio
0.233607616,0.200556997,1.065071867,0.17471192,0.210338054,0.355080604,0.259869422,Simulated Portfolio
0.353108416,0.251135177,1.326410821,0.003550413,0.456064674,0.420053366,0.120331547,Simulated Portfolio
0.386407069,0.248939578,1.471871497,0.090600532,0.490028782,0.354558725,0.064811961,Simulated Portfolio
0.345563922,0.226523431,1.437219634,0.093580447,0.406101809,0.249357649,0.250960095,Simulated Portfolio
0.269481792,0.225478675,1.106454044,0.065720636,0.309522851,0.498773105,0.125983408,Simulated Portfolio
0.279103237,0.205958151,1.258038272,0.208453522,0.282703862,0.352815388,0.156027227,Simulated Portfolio
0.303542253,0.219460524,1.291996612,0.149357468,0.342381836,0.408044191,0.100216505,Simulated Portfolio
0.231468537,0.200884723,1.052686008,0.471237241,0.117833408,0.064424145,0.346505206,Simulated Portfolio
0.362211183,0.21389814,1.599879191,0.28681275,0.383707813,0.115157367,0.21432207,Simulated Portfolio
0.172279952,0.195160128,0.780282085,0.294099103,0.073369029,0.279079936,0.353451931,Simulated Portfolio
0.339891665,0.233618316,1.369291888,0.023637737,0.409935309,0.257426892,0.309000062,Simulated Portfolio
0.3769682,0.233906506,1.526114883,0.211345083,0.447713239,0.320662501,0.020279177,Simulated Portfolio
0.171189206,0.198738188,0.760745619,0.169837707,0.095449061,0.291034454,0.443678778,Simulated Portfolio
0.570737162,0.313020769,1.759426906,0.158029347,0.759815628,0.047064455,0.035090571,Simulated Portfolio
0.27684047,0.211827522,1.212498114,0.228487992,0.285870408,0.441684798,0.043956802,Simulated Portfolio
0.282204614,0.204631051,1.281353014,0.157955518,0.256208058,0.012622211,0.573214213,Simulated Portfolio
0.389251765,0.264474493,1.39617156,0.001084413,0.51758081,0.407635158,0.07369962,Simulated Portfolio
0.228313904,0.192254581,1.083531552,0.303368156,0.160494126,0.211131995,0.325005723,Simulated Portfolio
0.368428725,0.243744124,1.429485638,0.067808379,0.462535145,0.350379864,0.119276611,Simulated Portfolio
0.322811655,0.204714331,1.479191291,0.286744935,0.322589064,0.173809546,0.216856455,Simulated Portfolio
0.203978112,0.193214345,0.952196958,0.302721047,0.109715078,0.138401192,0.449162683,Simulated Portfolio
0.212259591,0.217361047,0.884517228,0.005517616,0.208636291,0.393069904,0.392776189,Simulated Portfolio
0.323368796,0.21734325,1.395805002,0.147268109,0.363642604,0.296587232,0.192502055,Simulated Portfolio
0.288542756,0.205229838,1.308497622,0.222660604,0.292258922,0.317901141,0.167179333,Simulated Portfolio
0.224654483,0.208861787,0.979856038,0.204070198,0.207964226,0.50807025,0.079895326,Simulated Portfolio
0.332136245,0.212267408,1.470485969,0.176991085,0.359783944,0.183402468,0.279822503,Simulated Portfolio
0.23009912,0.197363394,1.064529323,0.27243824,0.186906548,0.35805185,0.182603362,Simulated Portfolio
0.294156135,0.205531081,1.333891368,0.164126667,0.301833655,0.228714673,0.305325004,Simulated Portfolio
0.19973818,0.198973337,0.903327966,0.309407467,0.08564456,0.009695494,0.595252479,Simulated Portfolio
0.370945545,0.227365487,1.543530417,0.143374085,0.433572546,0.187656965,0.235396404,Simulated Portfolio
0.317079758,0.214528831,1.384801087,0.498726522,0.278072089,0.205610594,0.017590795,Simulated Portfolio
0.232674829,0.197088699,1.079081806,0.430580801,0.131175906,0.096635604,0.341607689,Simulated Portfolio
0.203609246,0.204385231,0.898348896,0.129946206,0.17399434,0.417033332,0.279026122,Simulated Portfolio
0.301022468,0.212656469,1.321485631,0.123071375,0.3275904,0.282025355,0.267312869,Simulated Portfolio
0.261561373,0.196172344,1.231373233,0.390772246,0.180745606,0.033178079,0.395304069,Simulated Portfolio
0.406338575,0.254219675,1.519703678,0.035912518,0.518932561,0.225900566,0.219254356,Simulated Portfolio
0.25413401,0.194952194,1.200981665,0.222821423,0.212528966,0.15089326,0.41375635,Simulated Portfolio
0.397829037,0.237615184,1.590087934,0.180338318,0.479244029,0.236054207,0.104363445,Simulated Portfolio
0.324928756,0.204417326,1.491697215,0.252936914,0.324813916,0.111036716,0.311212454,Simulated Portfolio
0.410828805,0.234012034,1.670122678,0.294709041,0.47234664,0.164173347,0.068770973,Simulated Portfolio
0.371300724,0.226489963,1.551065305,0.160557762,0.432109442,0.19625907,0.211073727,Simulated Portfolio
0.262508566,0.196066455,1.236869235,0.354285626,0.185236537,0.00196777,0.458510066,Simulated Portfolio
0.17149354,0.200380904,0.756027829,0.227083814,0.062128771,0.096391263,0.614396152,Simulated Portfolio
0.15530139,0.201068399,0.672912256,0.306742932,0.02177239,0.113926107,0.557558571,Simulated Portfolio
0.320183524,0.217954864,1.3772738,0.080907085,0.339534346,0.042600514,0.536958054,Simulated Portfolio
0.316602205,0.226498763,1.309509161,0.012697663,0.361138231,0.17063638,0.455527726,Simulated Portfolio
0.271833076,0.194909007,1.292054581,0.284331535,0.233889749,0.16643087,0.315347846,Simulated Portfolio
0.334419969,0.216521636,1.452141115,0.215528232,0.370278161,0.295590605,0.118603002,Simulated Portfolio
0.21727599,0.199892151,0.986912138,0.263409488,0.173360975,0.416233527,0.14699601,Simulated Portfolio
0.181141607,0.218503468,0.737478488,0.542246942,0.057572227,0.393934372,0.006246459,Simulated Portfolio
0.351610126,0.212682898,1.559176264,0.209687263,0.368753219,0.027368471,0.394191046,Simulated Portfolio
0.342638402,0.21826551,1.478192326,0.180961815,0.385521954,0.25205602,0.181460211,Simulated Portfolio
0.107976486,0.216753399,0.405882844,0.214055449,0.017003621,0.614447845,0.154493085,Simulated Portfolio
0.311231585,0.202023261,1.441574514,0.238844649,0.304078702,0.114526088,0.342550562,Simulated Portfolio
0.364697359,0.212194026,1.624444222,0.322152519,0.370674471,0.024504837,0.282668173,Simulated Portfolio
0.1322526,0.203787437,0.550831798,0.343475372,0.007760381,0.383847431,0.264916815,Simulated Portfolio
0.353804715,0.242735004,1.375181616,0.029341254,0.444106512,0.349657742,0.176894492,Simulated Portfolio
0.349543185,0.212020192,1.554300951,0.394282411,0.344935032,0.137043917,0.12373864,Simulated Portfolio
0.221906253,0.197113475,1.024314818,0.242161194,0.138820841,0.031351521,0.587666445,Simulated Portfolio
0.233344569,0.215427308,0.99033206,0.011245631,0.231837489,0.291392475,0.465524404,Simulated Portfolio
0.349381188,0.225411994,1.461240732,0.242534661,0.398506747,0.355516779,0.003441812,Simulated Portfolio
0.186968164,0.198350785,0.841782216,0.216338213,0.126794524,0.394379886,0.262487377,Simulated Portfolio
0.30368615,0.214220971,1.32426881,0.123054926,0.334398343,0.300221045,0.242325686,Simulated Portfolio
0.183755369,0.222751418,0.735148493,0.038022937,0.106231245,0.001865807,0.853880012,Simulated Portfolio
0.290345153,0.212734859,1.270807962,0.10513746,0.314461563,0.299467631,0.280933346,Simulated Portfolio
0.219443191,0.196971908,1.012546372,0.363423939,0.147812303,0.323602157,0.165161601,Simulated Portfolio
0.284493556,0.207523239,1.274525,0.149776957,0.296264695,0.299675771,0.254282578,Simulated Portfolio
0.306190223,0.21009956,1.362164789,0.147653993,0.327535022,0.244334317,0.280476667,Simulated Portfolio
0.393989384,0.228017593,1.640177755,0.357238671,0.43307505,0.174243445,0.035442834,Simulated Portfolio
0.403682448,0.251856706,1.523415652,0.092019367,0.513337781,0.301989598,0.092653254,Simulated Portfolio
0.193450468,0.22230613,0.780232499,0.001849925,0.137617417,0.068593287,0.79193937,Simulated Portfolio
0.250451523,0.224370467,1.027102747,0.071614796,0.280345829,0.538864927,0.109174447,Simulated Portfolio
0.346967009,0.211273641,1.547599627,0.213673287,0.363495129,0.056412852,0.366418732,Simulated Portfolio
0.250237667,0.205126922,1.12241565,0.182587066,0.243454231,0.402819539,0.171139164,Simulated Portfolio
0.283185573,0.202673338,1.298570281,0.185307355,0.28168041,0.250918457,0.282093778,Simulated Portfolio
0.277589898,0.202562249,1.271657968,0.214736677,0.273290082,0.305914946,0.206058296,Simulated Portfolio
0.323950091,0.206500747,1.471907952,0.226694741,0.3342427,0.163830073,0.275232487,Simulated Portfolio
0.171827674,0.208517659,0.728128616,0.08756814,0.129201995,0.438107612,0.345122252,Simulated Portfolio
0.379813271,0.23256164,1.547173776,0.086889959,0.437472816,0.007769446,0.467867779,Simulated Portfolio
0.234685485,0.213458034,1.005750313,0.036176519,0.236095684,0.344940483,0.382787314,Simulated Portfolio
0.220732496,0.20556043,0.97651331,0.509948673,0.09101515,0.054341836,0.344694341,Simulated Portfolio
0.20806521,0.200333152,0.938762298,0.266989699,0.158690053,0.432178345,0.142141903,Simulated Portfolio
0.289373036,0.198592438,1.356411347,0.397664216,0.225779032,0.017744563,0.358812189,Simulated Portfolio
0.321743519,0.229335674,1.315728659,0.015312864,0.379206002,0.250602165,0.354878969,Simulated Portfolio
0.301500131,0.214731042,1.310942884,0.108113416,0.332470099,0.29314846,0.266268024,Simulated Portfolio
0.232363196,0.194268177,1.093144536,0.334229159,0.142529077,0.050403205,0.472838559,Simulated Portfolio
0.349917375,0.216571481,1.523364821,0.215674923,0.387202471,0.21368284,0.183439766,Simulated Portfolio
0.321342,0.211115591,1.427379187,0.290666728,0.334495116,0.299548672,0.075289483,Simulated Portfolio
0.1227051,0.212946426,0.48230488,0.140321987,0.047575338,0.545684137,0.266418537,Simulated Portfolio
0.236696252,0.201382583,1.076042672,0.37977028,0.179611846,0.36421362,0.076404254,Simulated Portfolio
0.349202803,0.208386214,1.579772469,0.376132255,0.332669405,0.012916415,0.278281925,Simulated Portfolio
0.223493112,0.20767904,0.979844244,0.168595363,0.208877495,0.47898156,0.143545581,Simulated Portfolio
0.183952215,0.207547699,0.789949568,0.468999697,0.072371518,0.366195008,0.092433777,Simulated Portfolio
0.144333785,0.201711191,0.616395075,0.190239182,0.056394903,0.383364494,0.37000142,Simulated Portfolio
0.379081987,0.232231769,1.546222502,0.57731202,0.352589248,0.051630778,0.018467955,Simulated Portfolio
0.148487676,0.201348903,0.638134471,0.363814299,0.027581864,0.345736009,0.262867828,Simulated Portfolio
0.40923431,0.227240902,1.712870824,0.359015252,0.442003493,0.032096889,0.166884366,Simulated Portfolio
0.443396369,0.244891705,1.728912657,0.265287925,0.525554189,0.093656854,0.115501032,Simulated Portfolio
0.314219883,0.228096578,1.289891701,0.011326305,0.367365736,0.254424801,0.366883157,Simulated Portfolio
0.272993502,0.212895649,1.188345106,0.202823286,0.285453062,0.454866286,0.056857366,Simulated Portfolio
0.338308759,0.218544445,1.456494396,0.270515604,0.370698062,0.325916453,0.032869881,Simulated Portfolio
0.183170954,0.199879777,0.81634549,0.156788043,0.12645551,0.356549941,0.360206507,Simulated Portfolio
0.270493497,0.196891826,1.272239187,0.243510532,0.245881751,0.223744687,0.28686303,Simulated Portfolio
0.248917847,0.193636184,1.182205938,0.247489286,0.197774362,0.140499986,0.414236366,Simulated Portfolio
0.222929871,0.193352943,1.049530811,0.2414835,0.15414452,0.142724515,0.461647465,Simulated Portfolio
0.248543637,0.195432409,1.169425468,0.281647676,0.207901487,0.281219207,0.22923163,Simulated Portfolio
0.168153759,0.212217662,0.698121717,0.153976434,0.127175606,0.573891473,0.144956487,Simulated Portfolio
0.332125959,0.219222036,1.423789163,0.54690042,0.285304635,0.122010314,0.045784631,Simulated Portfolio
0.300226487,0.211927285,1.322276586,0.177191258,0.323858497,0.343871357,0.155078888,Simulated Portfolio
0.312058469,0.208393862,1.401473467,0.161567708,0.328131148,0.185949185,0.32435196,Simulated Portfolio
0.224838616,0.215560517,0.950260367,0.011018097,0.221740214,0.329425169,0.437816521,Simulated Portfolio
0.192351278,0.202844373,0.849672463,0.421920303,0.053283246,0.016519394,0.508277057,Simulated Portfolio
0.328338794,0.214263721,1.439062066,0.298051183,0.346991138,0.313836975,0.041120704,Simulated Portfolio
0.247984241,0.217164532,1.049822633,0.007903841,0.256619559,0.281722672,0.453753927,Simulated Portfolio
0.138282292,0.200327663,0.590444124,0.275551145,0.026179503,0.347917184,0.350352168,Simulated Portfolio
0.221372728,0.211250874,0.953239739,0.232241356,0.201494694,0.543885157,0.022378793,Simulated Portfolio
0.227874474,0.193110279,1.076454736,0.356678989,0.147878167,0.192962399,0.302480445,Simulated Portfolio
0.129452244,0.210833288,0.519141189,0.14751547,0.055642204,0.526536057,0.270306269,Simulated Portfolio
0.157665626,0.197237244,0.69796973,0.312967312,0.045494028,0.286078416,0.355460244,Simulated Portfolio
0.27840002,0.201364345,1.283246148,0.313303754,0.256911187,0.30664055,0.123144509,Simulated Portfolio
0.163507954,0.21576755,0.665104435,0.026506763,0.127129073,0.448553428,0.397810736,Simulated Portfolio
0.223707381,0.196822512,1.034980091,0.229504184,0.181987591,0.344468977,0.244039248,Simulated Portfolio
0.314977314,0.205803133,1.433298462,0.328941944,0.309302162,0.239532021,0.122223873,Simulated Portfolio
0.278043538,0.20068508,1.285813267,0.343808048,0.248175536,0.285172043,0.122844373,Simulated Portfolio
0.330459709,0.209912497,1.478995835,0.182445689,0.334450008,0.005564751,0.477539552,Simulated Portfolio
0.378111646,0.230858891,1.551214444,0.097680389,0.438295276,0.05524357,0.408780765,Simulated Portfolio
0.421483332,0.235073578,1.707904972,0.432973858,0.453027487,0.058866531,0.055132124,Simulated Portfolio
0.349960075,0.210619319,1.566618277,0.240525483,0.364052721,0.058439059,0.336982737,Simulated Portfolio
0.179623422,0.203877886,0.782936418,0.250363305,0.120179604,0.496121283,0.133335808,Simulated Portfolio
0.199709911,0.194650341,0.923244778,0.374036112,0.095600148,0.189837469,0.340526271,Simulated Portfolio
0.335820725,0.210293325,1.501810509,0.276524733,0.352016116,0.215731417,0.155727734,Simulated Portfolio
0.267547954,0.22260012,1.112074667,0.021716753,0.301642427,0.39502016,0.28162066,Simulated Portfolio
0.404393087,0.230387521,1.66846314,0.435012171,0.427634754,0.096694021,0.040659054,Simulated Portfolio
0.168276174,0.199131102,0.744615846,0.377361246,0.056381138,0.320855338,0.245402278,Simulated Portfolio
0.139610754,0.201456972,0.593728539,0.195319161,0.037272232,0.300214394,0.467194213,Simulated Portfolio
0.158691082,0.197976487,0.700543204,0.291696805,0.05969673,0.357166907,0.291439558,Simulated Portfolio
0.353309989,0.234124521,1.423644084,0.023170061,0.4193815,0.142423961,0.415024478,Simulated Portfolio
0.341088337,0.208556082,1.539577908,0.336708166,0.342055102,0.147979671,0.173257061,Simulated Portfolio
0.301574304,0.207191319,1.359006283,0.392561283,0.279382329,0.279464365,0.048592023,Simulated Portfolio
0.161081434,0.196518191,0.717905216,0.300803165,0.052402388,0.276044884,0.370749563,Simulated Portfolio
0.265664675,0.20104324,1.221949441,0.154991424,0.252300769,0.213218553,0.379489255,Simulated Portfolio
0.276297529,0.198033993,1.294209772,0.243568801,0.256890112,0.231804176,0.26773691,Simulated Portfolio
0.324274049,0.214291189,1.419909287,0.494783172,0.287862753,0.177595173,0.039758902,Simulated Portfolio
0.335255547,0.205952764,1.530717724,0.355442928,0.323629313,0.107071544,0.213856214,Simulated Portfolio
0.184279833,0.194119442,0.846282223,0.296083397,0.093484572,0.276614376,0.333817655,Simulated Portfolio
0.296705452,0.206827999,1.337852968,0.217384916,0.306360622,0.30973326,0.166521202,Simulated Portfolio
0.244980197,0.193470838,1.162863609,0.248185571,0.190142111,0.13477988,0.426892439,Simulated Portfolio
0.240287523,0.196143734,1.12309233,0.242251671,0.20363959,0.305171318,0.248937422,Simulated Portfolio
0.319853208,0.21519258,1.393417972,0.141413327,0.35508265,0.26726428,0.236239743,Simulated Portfolio
0.430088859,0.242662386,1.689956427,0.520538309,0.447950755,0.024868795,0.00664214,Simulated Portfolio
0.236655644,0.217092007,0.997989959,0.60471728,0.101427354,0.0545772,0.239278166,Simulated Portfolio
0.293781188,0.211864326,1.292247703,0.127974666,0.31745985,0.30933978,0.245225704,Simulated Portfolio
0.471915971,0.279023851,1.619632047,0.006624326,0.617121296,0.054726814,0.321527564,Simulated Portfolio
0.301418844,0.21016505,1.339037315,0.14070333,0.322321331,0.25914505,0.277830289,Simulated Portfolio
0.165666307,0.197211388,0.738630302,0.285911305,0.072664492,0.355876276,0.285547927,Simulated Portfolio
0.209366771,0.192967983,0.981337778,0.25095824,0.140846315,0.24140118,0.366794265,Simulated Portfolio
0.251975394,0.196271086,1.181913234,0.195975343,0.21599497,0.170266203,0.417763484,Simulated Portfolio
0.273083985,0.207197274,1.221463877,0.362591214,0.247749178,0.381079025,0.008580584,Simulated Portfolio
0.329537637,0.204442341,1.51405837,0.39188836,0.296036004,0.015110826,0.29696481,Simulated Portfolio
0.283072128,0.200633192,1.311209402,0.281512954,0.267569826,0.280165241,0.170751979,Simulated Portfolio
0.29228708,0.197230449,1.38055296,0.310232947,0.261186946,0.138113117,0.29046699,Simulated Portfolio
0.132013246,0.202462673,0.553253814,0.237022622,0.028338598,0.397898701,0.33674008,Simulated Portfolio
0.217435749,0.19543152,1.0102554,0.188881092,0.164774366,0.230673239,0.415671303,Simulated Portfolio
0.321291579,0.224870389,1.3398455,0.118187483,0.37541146,0.380292014,0.126109043,Simulated Portfolio
0.320247942,0.201796441,1.487875311,0.323128907,0.290758388,0.001329924,0.384782781,Simulated Portfolio
0.268731345,0.223900865,1.110899436,0.006537073,0.304275474,0.377045308,0.312142146,Simulated Portfolio
0.258666932,0.219089488,1.089358207,0.130600757,0.281025762,0.515243453,0.073130028,Simulated Portfolio
0.368267344,0.231326141,1.505525241,0.20723361,0.434331244,0.328411881,0.030023265,Simulated Portfolio
0.235863855,0.204007031,1.058119687,0.441817397,0.163320061,0.334335071,0.060527471,Simulated Portfolio
0.245769243,0.20473704,1.102727887,0.342748261,0.208551128,0.418302603,0.030398008,Simulated Portfolio
0.226305339,0.192011641,1.074441831,0.298294922,0.154512467,0.182731513,0.364461098,Simulated Portfolio
0.328605134,0.209401742,1.473746735,0.474383934,0.284975153,0.060796654,0.179844259,Simulated Portfolio
0.186438112,0.202551177,0.821708936,0.110367988,0.134429114,0.305981516,0.449221382,Simulated Portfolio
0.329800631,0.245135602,1.26379289,0.02073233,0.418546915,0.469352821,0.091367934,Simulated Portfolio
0.342241906,0.207067347,1.556217871,0.310563414,0.341675485,0.088961343,0.258799758,Simulated Portfolio
0.455430115,0.276198278,1.576512781,0.046562102,0.60488493,0.249971983,0.098580985,Simulated Portfolio
0.325065376,0.209136394,1.458691001,0.192683133,0.344107482,0.178495969,0.284713417,Simulated Portfolio
0.276052803,0.222340886,1.151622658,0.009662167,0.30967658,0.321426591,0.359234663,Simulated Portfolio
0.197199119,0.197781595,0.895933307,0.233919434,0.140864827,0.390623652,0.234592086,Simulated Portfolio
0.239362656,0.193342851,1.134578574,0.249171,0.189694526,0.213198483,0.347935991,Simulated Portfolio
0.116624854,0.216953209,0.445371858,0.05949561,0.019854116,0.281546646,0.639103627,Simulated Portfolio
0.25634553,0.198627137,1.189895467,0.392808101,0.199344038,0.265367969,0.142479892,Simulated Portfolio
0.352100203,0.221294719,1.500714542,0.550116567,0.308108479,0.02920725,0.112567704,Simulated Portfolio
0.259515425,0.195310539,1.226331288,0.242873081,0.226118809,0.216489764,0.314518346,Simulated Portfolio
0.294538415,0.205545758,1.335655951,0.381745573,0.270036173,0.286702007,0.061516248,Simulated Portfolio
0.353526066,0.211533844,1.576703094,0.237944914,0.36672077,0.02549108,0.369843236,Simulated Portfolio
0.157069928,0.198571826,0.690278832,0.250416154,0.066567764,0.375361131,0.307654952,Simulated Portfolio
0.166168417,0.201993432,0.723629555,0.430353839,0.035074672,0.254083746,0.280487744,Simulated Portfolio
0.22712188,0.192264037,1.077278329,0.292778408,0.160904872,0.215730353,0.330586367,Simulated Portfolio
0.297029298,0.20078072,1.379760461,0.212653807,0.279716291,0.076994737,0.430635165,Simulated Portfolio
0.410335897,0.231682876,1.68478527,0.471665771,0.42268937,0.025468988,0.080175872,Simulated Portfolio
0.312330419,0.207797434,1.406804759,0.208253259,0.327775849,0.249289809,0.214681083,Simulated Portfolio
0.343223652,0.207494594,1.557744932,0.378132576,0.327791367,0.061308241,0.232767816,Simulated Portfolio
0.406351421,0.254615464,1.517391815,0.048470374,0.520603438,0.258454338,0.17247185,Simulated Portfolio
0.334792021,0.214475426,1.46773002,0.26103174,0.361395608,0.284995736,0.092576916,Simulated Portfolio
0.246987413,0.192946213,1.176428446,0.277694698,0.194964052,0.190320866,0.337020384,Simulated Portfolio
0.278072559,0.215839945,1.195666347,0.036607915,0.287660653,0.150352413,0.525379019,Simulated Portfolio
0.363652863,0.215677304,1.593365908,0.278559661,0.391388771,0.145753548,0.184298019,Simulated Portfolio
0.317941329,0.203113996,1.466867548,0.321873652,0.306855431,0.166059451,0.205211467,Simulated Portfolio
0.205844934,0.197968425,0.938760482,0.318817165,0.139677974,0.384298996,0.157205865,Simulated Portfolio
0.279755913,0.224571251,1.156674829,0.000638057,0.318344585,0.326583087,0.354434271,Simulated Portfolio
0.26537831,0.206821196,1.186427285,0.107959068,0.267835045,0.275451015,0.348754872,Simulated Portfolio
0.400482659,0.224787449,1.692633022,0.379324913,0.424854048,0.046047109,0.14977393,Simulated Portfolio
0.293398002,0.204047337,1.33987537,0.258631307,0.291599158,0.296806145,0.152963391,Simulated Portfolio
0.316095546,0.21727851,1.362746581,0.227135376,0.347082236,0.383742806,0.042039582,Simulated Portfolio
0.241192243,0.198153443,1.116267473,0.312264619,0.197546449,0.346913115,0.143275817,Simulated Portfolio
0.316811047,0.233154182,1.273024761,0.025837201,0.384145031,0.378201314,0.211816455,Simulated Portfolio
0.150363456,0.199747203,0.652642209,0.339990594,0.033941124,0.335728027,0.290340254,Simulated Portfolio
0.231145566,0.202766306,1.041324718,0.456091251,0.147574376,0.292947053,0.103387321,Simulated Portfolio
0.333242593,0.212203003,1.476145899,0.280551648,0.352485653,0.262693352,0.104269347,Simulated Portfolio
0.202218923,0.194442424,0.937135627,0.352111353,0.095790534,0.122431609,0.429666504,Simulated Portfolio
0.319248182,0.210990926,1.418298828,0.149846051,0.342224567,0.181989907,0.325939476,Simulated Portfolio
0.220323208,0.208091598,0.962668412,0.118683622,0.208206731,0.443885586,0.229224061,Simulated Portfolio
0.335600279,0.213466147,1.478455878,0.312368196,0.351900497,0.271827951,0.063903356,Simulated Portfolio
0.383095697,0.219913052,1.651087526,0.334405776,0.409286268,0.099017764,0.157290193,Simulated Portfolio
0.17688677,0.205626583,0.7629693,0.439747571,0.067169594,0.380508238,0.112574597,Simulated Portfolio
0.293288096,0.205208128,1.33176058,0.407689458,0.260248446,0.262484007,0.069578088,Simulated Portfolio
0.380392114,0.221309831,1.628450542,0.27885825,0.41993585,0.142639393,0.158566506,Simulated Portfolio
0.320310807,0.219118278,1.370542022,0.095246365,0.362704369,0.254493864,0.287555402,Simulated Portfolio
0.215031763,0.223387651,0.87306421,0.023722466,0.227341599,0.535775073,0.213160862,Simulated Portfolio
0.37560372,0.217539323,1.63466409,0.426823527,0.37026046,0.021864996,0.181051017,Simulated Portfolio
0.13283261,0.213906269,0.527486222,0.064163586,0.044053711,0.256576278,0.635206426,Simulated Portfolio
0.196150161,0.194240994,0.906863981,0.309189936,0.1147615,0.302363036,0.273685528,Simulated Portfolio
0.314538494,0.225485282,1.306242657,0.110374755,0.368182954,0.405547335,0.115894956,Simulated Portfolio
0.290529419,0.206671896,1.308980196,0.146160538,0.300420825,0.242052777,0.31136586,Simulated Portfolio
0.292358563,0.197404626,1.379696961,0.35693434,0.240991763,0.039812617,0.36226128,Simulated Portfolio
0.291687539,0.201190856,1.350397056,0.229866806,0.285579128,0.22818791,0.256366155,Simulated Portfolio
0.172549048,0.204806578,0.744844473,0.108901148,0.120538627,0.387975191,0.382585034,Simulated Portfolio
0.316360608,0.206557412,1.434761429,0.19029032,0.308865726,0.007590591,0.493253362,Simulated Portfolio
0.302057934,0.220860901,1.277084052,0.080838659,0.345329226,0.350780499,0.223051616,Simulated Portfolio
0.320766705,0.223371841,1.346484426,0.040294267,0.36235668,0.162444789,0.434904265,Simulated Portfolio
0.291753417,0.212390578,1.279498457,0.18815625,0.312515823,0.38793112,0.111396807,Simulated Portfolio
0.18964559,0.193643768,0.876070485,0.27254583,0.106009868,0.268070525,0.353373777,Simulated Portfolio
0.257450002,0.196862521,1.206171705,0.313940622,0.218023215,0.285850993,0.182185171,Simulated Portfolio
0.358512092,0.218684858,1.547944818,0.296122873,0.390451445,0.238190291,0.075235391,Simulated Portfolio
0.447602247,0.264657401,1.615682183,0.061646729,0.5759684,0.145213084,0.217171786,Simulated Portfolio
0.302932437,0.201084253,1.407034282,0.258499734,0.294712537,0.185546717,0.261241011,Simulated Portfolio
0.33113482,0.210535269,1.477827546,0.345648376,0.33432286,0.240192713,0.079836052,Simulated Portfolio
0.330258601,0.218442902,1.420318987,0.214961353,0.368457773,0.339384147,0.077196727,Simulated Portfolio
0.324465205,0.23678589,1.285824946,0.014067234,0.39920749,0.375538313,0.211186964,Simulated Portfolio
0.318259777,0.201428773,1.480720815,0.313105506,0.300213813,0.093222161,0.29345852,Simulated Portfolio
0.215454648,0.19273029,1.014135596,0.262930389,0.149435709,0.24323629,0.344397613,Simulated Portfolio
0.23155809,0.201193277,1.051516693,0.126898875,0.205598143,0.273307474,0.394195508,Simulated Portfolio
0.391382148,0.239455089,1.550946981,0.090505949,0.477010643,0.175024519,0.25745889,Simulated Portfolio
0.236906781,0.196270582,1.105141583,0.392304003,0.163660358,0.247741158,0.196294481,Simulated Portfolio
0.332793764,0.236844528,1.320671268,0.00532261,0.407983841,0.315607649,0.2710859,Simulated Portfolio
0.2983407,0.213618795,1.302978512,0.101170069,0.325381924,0.269281905,0.304166101,Simulated Portfolio
0.290735322,0.204742015,1.322324204,0.255880019,0.28991286,0.316911363,0.137295759,Simulated Portfolio
0.200352279,0.199974447,0.901876625,0.171888773,0.156936584,0.385383741,0.285790902,Simulated Portfolio
0.376870052,0.237634079,1.501762933,0.048543279,0.453277464,0.123446647,0.37473261,Simulated Portfolio
0.375377856,0.230502479,1.541752861,0.106896463,0.441674383,0.136372764,0.315056391,Simulated Portfolio
0.405228748,0.232453188,1.65723151,0.27988836,0.466347283,0.172532606,0.081231751,Simulated Portfolio
0.282941001,0.207743644,1.265699376,0.121449479,0.292954801,0.251924221,0.333671499,Simulated Portfolio
0.273845613,0.213064877,1.191400555,0.084039306,0.293677252,0.332249119,0.290034324,Simulated Portfolio
0.269149769,0.194598555,1.280326922,0.301470554,0.213617404,0.062593024,0.422319018,Simulated Portfolio
0.33337002,0.206466775,1.517774568,0.277007317,0.338455767,0.139177527,0.245359389,Simulated Portfolio
0.243433648,0.227395075,0.982579098,0.668682752,0.103346722,0.069358047,0.158612479,Simulated Portfolio
0.280411877,0.197594503,1.317910536,0.230212315,0.25835169,0.164776126,0.34665987,Simulated Portfolio
0.238434735,0.193562993,1.128494305,0.369280497,0.160980314,0.168962014,0.300777175,Simulated Portfolio
0.257011363,0.193317961,1.226018325,0.319218968,0.193397516,0.095850009,0.391533507,Simulated Portfolio
0.308548833,0.20512125,1.40672326,0.278520246,0.309548494,0.258057555,0.153873705,Simulated Portfolio
0.155786252,0.207496742,0.654401848,0.183418911,0.039403604,0.067773049,0.709404437,Simulated Portfolio
0.242555901,0.198463046,1.121397182,0.195051473,0.216969128,0.312188767,0.275790633,Simulated Portfolio
0.222682729,0.222862071,0.909453671,0.016664099,0.238024092,0.503916329,0.24139548,Simulated Portfolio
0.485458606,0.266616987,1.745795013,0.162290362,0.606442043,0.005774529,0.225493066,Simulated Portfolio
0.276275528,0.207645641,1.23419652,0.103278472,0.280995529,0.221113261,0.394612739,Simulated Portfolio
0.226226596,0.19787701,1.04219584,0.266777175,0.182984764,0.372611427,0.177626635,Simulated Portfolio
0.422458039,0.238995446,1.683956938,0.186090066,0.500502482,0.067419899,0.245987553,Simulated Portfolio
0.321162949,0.204590718,1.472026451,0.234719167,0.323685813,0.128354776,0.313240244,Simulated Portfolio
0.155437609,0.202583169,0.668553116,0.197183593,0.082090076,0.447495756,0.273230575,Simulated Portfolio
0.157723712,0.204557532,0.673276173,0.431038612,0.006775614,0.141651454,0.420534319,Simulated Portfolio
0.286560721,0.228602844,1.166042888,0.021624061,0.33794651,0.423010704,0.217418724,Simulated Portfolio
0.205700505,0.206720605,0.898316376,0.345330552,0.147440861,0.490617184,0.016611403,Simulated Portfolio
0.233035359,0.193095585,1.103263747,0.360110162,0.149758681,0.139624268,0.350506889,Simulated Portfolio
0.306571109,0.199489711,1.436520748,0.321722596,0.281723686,0.120639356,0.275914361,Simulated Portfolio
0.377615324,0.228909383,1.562257167,0.119362015,0.438339158,0.095331309,0.346967517,Simulated Portfolio
0.322313243,0.204333514,1.479508854,0.252888209,0.323536536,0.137919475,0.28565578,Simulated Portfolio
0.326911705,0.215446313,1.424539135,0.11425776,0.343715508,0.030825675,0.511201057,Simulated Portfolio
0.378763783,0.234504652,1.529879175,0.071012025,0.446631681,0.07492361,0.407432685,Simulated Portfolio
0.153132498,0.203598525,0.653897163,0.142026525,0.081324404,0.391310784,0.385338287,Simulated Portfolio
0.309276955,0.202775929,1.426584293,0.258683262,0.306749584,0.194566408,0.240000746,Simulated Portfolio
0.217014858,0.198586939,0.992083665,0.167333622,0.179463851,0.326147164,0.327055363,Simulated Portfolio
0.364679424,0.212744769,1.620154639,0.383108609,0.359296646,0.022047136,0.235547609,Simulated Portfolio
0.244052639,0.202898177,1.104261468,0.160495729,0.231553537,0.359702621,0.248248113,Simulated Portfolio
0.213196476,0.205826235,0.938638732,0.473320039,0.117968164,0.330998834,0.077712963,Simulated Portfolio
0.17708311,0.200554803,0.78324282,0.142678698,0.115282735,0.330075716,0.411962851,Simulated Portfolio
0.389265348,0.238610613,1.547564644,0.150846302,0.474080983,0.271838965,0.10323375,Simulated Portfolio
0.242706658,0.212032995,1.050339629,0.52459731,0.156905682,0.307356786,0.011140221,Simulated Portfolio
0.294344174,0.233331928,1.175767826,0.693159567,0.183125464,0.036902854,0.086812115,Simulated Portfolio
0.286920142,0.205548879,1.298572598,0.360223533,0.265305986,0.324486545,0.049983936,Simulated Portfolio
0.216498953,0.193646819,1.014728533,0.354877365,0.133791247,0.23673754,0.274593848,Simulated Portfolio
0.317790489,0.201349174,1.478975468,0.299192955,0.300823947,0.084102261,0.315880836,Simulated Portfolio
0.253469276,0.195334349,1.195228984,0.337620297,0.202472372,0.249631606,0.210275725,Simulated Portfolio
0.322650571,0.225918647,1.339644053,0.106866783,0.379247421,0.375574513,0.138311283,Simulated Portfolio
0.297733808,0.205520882,1.351365394,0.168214378,0.305579511,0.214563567,0.311642544,Simulated Portfolio
0.216267597,0.195155393,1.005699074,0.362404819,0.111589575,0.067245957,0.458759649,Simulated Portfolio
0.377058281,0.219568355,1.62618279,0.221882336,0.41316706,0.04870167,0.316248935,Simulated Portfolio
0.296793415,0.201461747,1.373925418,0.222548529,0.29183337,0.195751457,0.289866644,Simulated Portfolio
0.271271105,0.217844271,1.153443715,0.031814774,0.295608392,0.306706976,0.365869857,Simulated Portfolio
0.133106724,0.205262962,0.551033284,0.220993656,0.042312834,0.47399648,0.262697031,Simulated Portfolio
0.201040602,0.199617764,0.906936328,0.216123751,0.153679248,0.414994043,0.215202959,Simulated Portfolio
0.302848155,0.202180369,1.39898921,0.28717654,0.294508853,0.228182961,0.190131645,Simulated Portfolio
0.322281877,0.219115614,1.379554255,0.119335182,0.366230017,0.291653493,0.222781309,Simulated Portfolio
0.324415167,0.210396785,1.44686226,0.231168007,0.345330225,0.255833577,0.167668191,Simulated Portfolio
0.199387654,0.213656451,0.839607944,0.54830087,0.042170606,0.013350255,0.396178269,Simulated Portfolio
0.253717476,0.195458839,1.195737563,0.232431247,0.220146246,0.234495901,0.312926606,Simulated Portfolio
0.281604194,0.210993717,1.239867228,0.081094854,0.293941179,0.218623783,0.406340184,Simulated Portfolio
0.27982473,0.219129283,1.185714325,0.061779833,0.313312989,0.375791833,0.249115346,Simulated Portfolio
0.437530553,0.246444404,1.694218035,0.293624507,0.520174351,0.175856366,0.010344777,Simulated Portfolio
0.249664075,0.200014917,1.148234735,0.256096537,0.224254899,0.362345156,0.157303408,Simulated Portfolio
0.26122682,0.1974333,1.22181425,0.323782246,0.222519295,0.283713846,0.169984613,Simulated Portfolio
0.28703106,0.199011666,1.341785964,0.365979989,0.249564085,0.200992775,0.18346315,Simulated Portfolio
0.29683263,0.197923385,1.398685811,0.317368236,0.267205783,0.133499635,0.281926346,Simulated Portfolio
0.258731055,0.196651211,1.213982123,0.297938405,0.222553363,0.280971066,0.198537166,Simulated Portfolio
0.39386712,0.239839527,1.558821955,0.156105715,0.480646768,0.268134082,0.095113435,Simulated Portfolio
0.30506382,0.222279902,1.282454313,0.057959114,0.350560255,0.316610499,0.274870132,Simulated Portfolio
0.314034599,0.207440124,1.417443228,0.193782495,0.328897649,0.212370437,0.264949419,Simulated Portfolio
0.256777291,0.227606443,1.040292567,0.663024889,0.137005345,0.148430767,0.051538998,Simulated Portfolio
0.261261565,0.19684303,1.2256546,0.249997064,0.233841641,0.266181595,0.2499797,Simulated Portfolio
0.355061832,0.210210793,1.593932581,0.317020765,0.360699109,0.072392047,0.249888079,Simulated Portfolio
0.3636783,0.22436335,1.531793404,0.258056829,0.411871594,0.284437627,0.045633951,Simulated Portfolio
0.367228384,0.233435331,1.487471421,0.204009334,0.436400384,0.355640685,0.003949598,Simulated Portfolio
0.140922565,0.218175171,0.554245311,0.181376737,0.084513926,0.652219915,0.081889422,Simulated Portfolio
0.369309222,0.238742894,1.463118821,0.034550442,0.450181336,0.18527878,0.329989442,Simulated Portfolio
0.226731699,0.200135463,1.032958852,0.212961051,0.196016512,0.39252685,0.198495587,Simulated Portfolio
0.166483081,0.222810457,0.657433601,0.002094572,0.147178072,0.535414199,0.315313157,Simulated Portfolio
0.329174628,0.214347599,1.442398375,0.135156976,0.359715345,0.162454971,0.342672708,Simulated Portfolio
0.343557399,0.242579561,1.333819705,0.094398058,0.429137233,0.470439227,0.006025482,Simulated Portfolio
0.35335981,0.217725567,1.531100892,0.197307157,0.394083013,0.193709212,0.214900617,Simulated Portfolio
0.38626396,0.25117711,1.458190042,0.08393773,0.49333639,0.374027574,0.048698307,Simulated Portfolio
0.317365005,0.231628008,1.283804183,0.016121779,0.381041747,0.32990399,0.272932483,Simulated Portfolio
0.211825474,0.192732074,0.995296058,0.264899336,0.143032106,0.245190805,0.346877753,Simulated Portfolio
0.371662256,0.234361621,1.500511283,0.134217097,0.448952891,0.291157468,0.125672544,Simulated Portfolio
0.200407661,0.197456725,0.913656706,0.374614403,0.113333538,0.327762243,0.184289816,Simulated Portfolio
0.181132853,0.203544392,0.791634945,0.411427292,0.081044878,0.39204454,0.11548329,Simulated Portfolio
0.195027121,0.194732581,0.898807584,0.368368019,0.090639358,0.207402149,0.333590473,Simulated Portfolio
0.162017166,0.216535894,0.655859698,0.087997916,0.128730887,0.575692659,0.207578539,Simulated Portfolio
0.222192572,0.194063589,1.041888248,0.273360649,0.165647222,0.296635049,0.264357079,Simulated Portfolio
0.278679973,0.220840866,1.171341057,0.033050511,0.313130586,0.347519488,0.306299416,Simulated Portfolio
0.261622045,0.214791279,1.124915526,0.057581255,0.239580476,0.019304935,0.683533333,Simulated Portfolio
0.249262371,0.202475378,1.132297534,0.291313738,0.221637937,0.399357366,0.087690958,Simulated Portfolio
0.129126126,0.230355563,0.473729065,0.008594209,0.028010112,0.09318225,0.870213429,Simulated Portfolio
0.191902256,0.197891493,0.868669257,0.265928701,0.085879613,0.058772327,0.589419359,Simulated Portfolio
0.274036653,0.201342797,1.261712147,0.226148472,0.264831045,0.303929847,0.205090636,Simulated Portfolio
0.209286174,0.195785774,0.966802491,0.396033271,0.099357193,0.116586289,0.388023248,Simulated Portfolio
0.127424733,0.204316743,0.525775477,0.189004182,0.028267092,0.390985743,0.391742983,Simulated Portfolio
0.310551124,0.209229404,1.388672523,0.146370099,0.327808571,0.182064739,0.34375659,Simulated Portfolio
0.274026664,0.20014253,1.269228799,0.449498035,0.191083525,0.028250328,0.331168112,Simulated Portfolio
0.229992985,0.194400762,1.080206597,0.295995662,0.174786171,0.294473214,0.234744953,Simulated Portfolio
0.30772552,0.201965597,1.424626393,0.320976314,0.293163126,0.197817354,0.188043206,Simulated Portfolio
0.140546236,0.201179391,0.599197737,0.216727931,0.044367846,0.377819834,0.361084388,Simulated Portfolio
0.205559109,0.192861433,0.962136943,0.328203658,0.111967851,0.172699886,0.387128604,Simulated Portfolio
0.227846035,0.198684585,1.046110527,0.147198065,0.190586549,0.232620583,0.429594803,Simulated Portfolio
0.268591759,0.195902066,1.26895935,0.300952654,0.232726404,0.228306879,0.238014063,Simulated Portfolio
0.17744743,0.194589248,0.809127084,0.262479298,0.085442982,0.257487833,0.394589887,Simulated Portfolio
0.340318232,0.219396687,1.459995759,0.188413324,0.38472324,0.289945039,0.136918397,Simulated Portfolio
0.256800283,0.204331401,1.158903049,0.345272127,0.223905735,0.391072567,0.039749571,Simulated Portfolio
0.252987028,0.198588021,1.173217936,0.164509401,0.222976134,0.166332179,0.446182286,Simulated Portfolio
0.248035563,0.202392251,1.126701058,0.125815832,0.232497196,0.258206308,0.383480663,Simulated Portfolio
0.168193152,0.196647125,0.75359938,0.345570854,0.054765935,0.260854726,0.338808485,Simulated Portfolio
0.323484925,0.208580871,1.454998837,0.230645,0.340146751,0.225413031,0.203795218,Simulated Portfolio
0.345370943,0.23432942,1.388519388,0.00615239,0.408335926,0.139209083,0.4463026,Simulated Portfolio
0.16557471,0.200381637,0.726487279,0.155797462,0.092349618,0.324824969,0.427027951,Simulated Portfolio
0.355771189,0.218298213,1.538130726,0.231238409,0.39560422,0.222721632,0.15043574,Simulated Portfolio
0.305966603,0.202367104,1.413108144,0.218681729,0.288741665,0.032600285,0.459976321,Simulated Portfolio
0.307213626,0.219861277,1.306340206,0.21998929,0.339597715,0.438440104,0.00197289,Simulated Portfolio
0.321191356,0.202071091,1.490521752,0.363681631,0.287580116,0.022397431,0.326340821,Simulated Portfolio
0.283684473,0.203950905,1.292882095,0.373085212,0.254766746,0.302869743,0.069278299,Simulated Portfolio
0.28386324,0.213058483,1.23845451,0.06289174,0.292225622,0.14459508,0.500287557,Simulated Portfolio
0.554641515,0.306622476,1.743647505,0.128146784,0.737646002,0.049350884,0.08485633,Simulated Portfolio
0.331330464,0.215526428,1.444511782,0.490303041,0.300814106,0.176965458,0.031917394,Simulated Portfolio
0.389435442,0.234070489,1.578308499,0.101691706,0.456464583,0.049390772,0.392452938,Simulated Portfolio
0.171140017,0.203520795,0.742626902,0.38904702,0.070486697,0.414294766,0.126171517,Simulated Portfolio
0.343911279,0.221785048,1.460473922,0.151037161,0.395216303,0.26919065,0.184555887,Simulated Portfolio
0.195246566,0.217584847,0.805417142,0.00302512,0.182087208,0.413386475,0.401501196,Simulated Portfolio
0.221098932,0.197448468,1.018488185,0.234466952,0.178894427,0.36372579,0.222912831,Simulated Portfolio
0.38140855,0.238457348,1.515610877,0.166331885,0.464098295,0.325126932,0.044442887,Simulated Portfolio
0.219886627,0.219949437,0.908784445,0.600699745,0.098007686,0.260922601,0.040369968,Simulated Portfolio
0.199703773,0.205558192,0.874223361,0.085357745,0.166540305,0.344243837,0.403858113,Simulated Portfolio
0.26452334,0.196354012,1.245318786,0.346685845,0.218329204,0.236071644,0.198913307,Simulated Portfolio
0.36598475,0.225601102,1.533612854,0.275177879,0.413815848,0.293190951,0.017815321,Simulated Portfolio
0.141856992,0.199938563,0.609472181,0.227918567,0.036807717,0.313126572,0.422147144,Simulated Portfolio
0.194642355,0.200997417,0.868878605,0.232798338,0.143505401,0.447544376,0.176151884,Simulated Portfolio
0.386579463,0.235128987,1.559056873,0.105507859,0.463162464,0.151679811,0.279649866,Simulated Portfolio
0.311762352,0.202421671,1.44135927,0.228672041,0.302619973,0.079513518,0.389194468,Simulated Portfolio
0.343625222,0.213995983,1.51229578,0.324189799,0.359917816,0.240882397,0.075009989,Simulated Portfolio
0.335616019,0.205367842,1.536832722,0.353253926,0.321170471,0.07821269,0.247362914,Simulated Portfolio
0.173353973,0.196108873,0.781983859,0.217947697,0.086214013,0.255697595,0.440140695,Simulated Portfolio
0.294128069,0.205065017,1.336786122,0.278225399,0.291406412,0.314185943,0.116182245,Simulated Portfolio
0.263886635,0.21746802,1.121482761,0.057673404,0.288767612,0.39486729,0.258691695,Simulated Portfolio
0.21273123,0.21140997,0.911646831,0.032706179,0.193653189,0.302913644,0.470726988,Simulated Portfolio
0.410632217,0.2439594,1.60121814,0.077823809,0.492885856,0.011252227,0.418038109,Simulated Portfolio
0.246443218,0.216422257,1.046302822,0.008487129,0.249249846,0.243602518,0.498660506,Simulated Portfolio
0.24518133,0.236795013,0.950954701,0.045342493,0.288952432,0.64640615,0.019298925,Simulated Portfolio
0.216341663,0.193597184,1.014176232,0.368323347,0.12199473,0.161376748,0.348305175,Simulated Portfolio
0.304833746,0.220243301,1.293268604,0.090956787,0.347721265,0.3459802,0.215341748,Simulated Portfolio
0.386859825,0.219579482,1.670738187,0.381462122,0.398490061,0.026187746,0.193860071,Simulated Portfolio
0.156338833,0.202606421,0.672924542,0.420521887,0.017327221,0.233232047,0.328918845,Simulated Portfolio
0.258842234,0.210001564,1.1373355,0.19279369,0.262432673,0.452030989,0.092742648,Simulated Portfolio
0.192887392,0.193525318,0.893358006,0.258123593,0.106278366,0.202072105,0.433525935,Simulated Portfolio
0.257131707,0.205881204,1.151789007,0.471714054,0.188441956,0.282299075,0.057544914,Simulated Portfolio
0.431279633,0.244244517,1.683884813,0.205198144,0.5202393,0.133188507,0.141374049,Simulated Portfolio
0.232243157,0.193083593,1.099229374,0.257330253,0.178280252,0.233013263,0.331376232,Simulated Portfolio
0.184072742,0.202835803,0.808894388,0.192232506,0.134455785,0.463244585,0.210067125,Simulated Portfolio
0.253419237,0.202255669,1.154080075,0.188093243,0.242023,0.353551392,0.216332366,Simulated Portfolio
0.265398037,0.199651118,1.229134302,0.18759599,0.250784814,0.253494833,0.308124363,Simulated Portfolio
0.233813783,0.200653663,1.065586243,0.311213096,0.191117673,0.397944788,0.099724442,Simulated Portfolio
0.221666513,0.192360155,1.048379864,0.331956294,0.14032415,0.182267848,0.345451707,Simulated Portfolio
0.316837554,0.207019193,1.433864896,0.180387288,0.32723693,0.138216481,0.354159301,Simulated Portfolio
0.245520721,0.208093127,1.083749013,0.075737206,0.240942727,0.289061342,0.394258725,Simulated Portfolio
0.270105045,0.207220363,1.206952067,0.277474232,0.261814228,0.41252261,0.04818893,Simulated Portfolio
0.176521498,0.194788638,0.803545317,0.29124597,0.081787526,0.283715048,0.343251456,Simulated Portfolio
0.323564864,0.209721107,1.447469301,0.163245037,0.32940681,0.033857508,0.473490644,Simulated Portfolio
0.367253281,0.232261884,1.495093708,0.171238187,0.438229837,0.321184568,0.069347408,Simulated Portfolio
0.293573057,0.19751523,1.385073225,0.275038151,0.264642952,0.095398063,0.364920834,Simulated Portfolio
0.333116784,0.219642113,1.425577178,0.097619592,0.37512107,0.177189535,0.350069803,Simulated Portfolio
0.082687853,0.238179894,0.263195402,0.040318288,0.020838581,0.748099973,0.190743158,Simulated Portfolio
0.306240615,0.204774715,1.397831828,0.468373109,0.243298243,0.027189641,0.261139007,Simulated Portfolio
0.23025357,0.205965087,1.020821405,0.204931426,0.212392668,0.465708451,0.116967455,Simulated Portfolio
0.22316504,0.192639213,1.054640108,0.282645134,0.144917821,0.12471263,0.447724415,Simulated Portfolio
0.22094297,0.202654084,0.991556479,0.482508634,0.096804209,0.05807594,0.362611217,Simulated Portfolio
0.217625238,0.218647685,0.903852412,0.586212187,0.099556674,0.284453173,0.029777966,Simulated Portfolio
0.246745492,0.196239035,1.1554556,0.25306415,0.211893856,0.297170175,0.23787182,Simulated Portfolio
0.318461186,0.207168244,1.440670541,0.475202815,0.261777898,0.015273469,0.247745818,Simulated Portfolio
0.339882197,0.206170765,1.551540042,0.293857629,0.336202189,0.052328732,0.317611451,Simulated Portfolio
0.302205609,0.201370112,1.40142748,0.424007012,0.24260502,0.012665219,0.320722749,Simulated Portfolio
0.270287247,0.194651024,1.285825483,0.277319067,0.230631592,0.151058895,0.340990445,Simulated Portfolio
0.29733535,0.201099818,1.379092993,0.337276508,0.275380383,0.224010705,0.163332404,Simulated Portfolio
0.352952785,0.241269513,1.380003554,0.000872966,0.437609562,0.265203851,0.296313621,Simulated Portfolio
0.399717576,0.226566543,1.675964912,0.389400842,0.427289891,0.092382048,0.090927219,Simulated Portfolio
0.273803701,0.205893762,1.23269252,0.118132289,0.257118553,0.080908311,0.543840847,Simulated Portfolio
0.20741775,0.200150792,0.936382752,0.218214365,0.164936782,0.419947656,0.196901197,Simulated Portfolio
0.271776521,0.217305525,1.158629176,0.12466725,0.297927745,0.458290009,0.119114995,Simulated Portfolio
0.282861553,0.200314909,1.312241579,0.44606454,0.210379614,0.05628165,0.287274195,Simulated Portfolio
0.269006681,0.216839932,1.148343291,0.081338408,0.295089186,0.409369125,0.21420328,Simulated Portfolio
0.238849596,0.204710159,1.069070522,0.091587692,0.214655052,0.190649475,0.503107781,Simulated Portfolio
0.225807511,0.195668029,1.051819821,0.240062086,0.180866136,0.320891082,0.258180696,Simulated Portfolio
0.329697418,0.205952435,1.503732733,0.380283478,0.312391126,0.131010949,0.176314448,Simulated Portfolio
0.207902082,0.194308552,0.967029398,0.377060504,0.107833895,0.178233627,0.336871974,Simulated Portfolio
0.273246038,0.198783903,1.273976587,0.252147547,0.254657367,0.269994115,0.223200971,Simulated Portfolio
0.31583026,0.204088252,1.449521262,0.266518885,0.316537508,0.193440331,0.223503275,Simulated Portfolio
0.181327399,0.20789653,0.775998518,0.077982836,0.142760758,0.399762114,0.379494291,Simulated Portfolio
0.315195625,0.214723584,1.374770385,0.250302291,0.338894381,0.363587708,0.04721562,Simulated Portfolio
0.121548103,0.203667367,0.498597809,0.274220618,0.00073907,0.375172251,0.349868061,Simulated Portfolio
0.207212778,0.194882349,0.960645125,0.324708486,0.132653323,0.315259659,0.227378531,Simulated Portfolio
0.315404307,0.228190291,1.294552481,0.130441419,0.371551486,0.451224409,0.046782687,Simulated Portfolio
0.318108882,0.203144092,1.467475026,0.303624734,0.310470806,0.16620103,0.21970343,Simulated Portfolio
0.328821515,0.23123912,1.335507219,0.049672721,0.395820798,0.338441362,0.216065119,Simulated Portfolio
0.267388019,0.195354894,1.266351786,0.266628398,0.233934761,0.204003681,0.29543316,Simulated Portfolio
0.379620933,0.224389432,1.602664308,0.344645105,0.414321493,0.206058407,0.034974995,Simulated Portfolio
0.240018081,0.195268235,1.126747937,0.267748272,0.197383414,0.295487791,0.239380523,Simulated Portfolio
0.305805383,0.214656857,1.331452381,0.241092561,0.327783634,0.39240584,0.038717966,Simulated Portfolio
0.383509563,0.22082936,1.646110657,0.393923316,0.398166721,0.090340032,0.117569931,Simulated Portfolio
0.253024985,0.2164143,1.076754101,0.072448713,0.272140837,0.435123944,0.220286506,Simulated Portfolio
0.099272841,0.217687365,0.364159126,0.086915603,0.010232221,0.492089705,0.410762471,Simulated Portfolio
0.409135942,0.230719381,1.686620082,0.251345783,0.468062123,0.087746806,0.192845289,Simulated Portfolio
0.224768017,0.196757888,1.040710583,0.418281029,0.134180497,0.216576983,0.230961492,Simulated Portfolio
0.259573096,0.196901,1.216718535,0.259646539,0.2306335,0.27832345,0.231396511,Simulated Portfolio
0.292614903,0.197577481,1.379787314,0.298777115,0.265512104,0.15205377,0.283657011,Simulated Portfolio
0.325156121,0.21273606,1.434435331,0.137541444,0.335185011,0.020288882,0.506984663,Simulated Portfolio
0.291760002,0.201767316,1.346898041,0.194178697,0.286897159,0.184421756,0.334502388,Simulated Portfolio
0.324009615,0.217079917,1.400450213,0.103020278,0.360361338,0.193647391,0.342970993,Simulated Portfolio
0.341289912,0.214403075,1.498532201,0.347566036,0.352992046,0.252116547,0.04732537,Simulated Portfolio
0.322435817,0.216537311,1.396691478,0.095220895,0.341382068,0.047110074,0.516286964,Simulated Portfolio
0.306341535,0.20221015,1.416059158,0.221810347,0.30196705,0.141606722,0.334615881,Simulated Portfolio
0.221148638,0.19455595,1.033885823,0.320287524,0.155876973,0.301146869,0.222688634,Simulated Portfolio
0.329345216,0.214409066,1.442780486,0.305089818,0.347161028,0.311379685,0.036369469,Simulated Portfolio
0.160588319,0.202939773,0.692758827,0.142815851,0.094136605,0.391715495,0.371332048,Simulated Portfolio
0.246724126,0.205456695,1.103512962,0.366788019,0.20507633,0.411918998,0.016216653,Simulated Portfolio
0.133778688,0.209960927,0.541904105,0.204557355,0.055918705,0.552478298,0.187045641,Simulated Portfolio
0.415502078,0.23890636,1.655469016,0.214037541,0.495633305,0.168920425,0.121408729,Simulated Portfolio
0.161406551,0.198975434,0.710673415,0.367043296,0.04452258,0.305617614,0.28281651,Simulated Portfolio
0.114845125,0.20831298,0.455301081,0.243016961,0.008763795,0.491043374,0.25717587,Simulated Portfolio
0.251569311,0.210888953,1.098062785,0.212368771,0.250303827,0.485285754,0.052041647,Simulated Portfolio
0.339333011,0.209800018,1.522082854,0.216394276,0.356620948,0.113091162,0.313893614,Simulated Portfolio
0.2760562,0.203399856,1.258880931,0.137781244,0.264394207,0.138453088,0.459371461,Simulated Portfolio
0.143962202,0.204203316,0.607052838,0.403054283,0.010892043,0.331286074,0.2547676,Simulated Portfolio
0.315516927,0.20157504,1.466039286,0.321138591,0.298793235,0.132896386,0.247171788,Simulated Portfolio
0.310357077,0.217132659,1.337233555,0.07734196,0.343579139,0.211860899,0.367218002,Simulated Portfolio
0.180375231,0.206220303,0.777688856,0.466469849,0.063409729,0.339419889,0.130700533,Simulated Portfolio
0.113587786,0.216262695,0.432750484,0.130505306,0.03729641,0.576570115,0.255628169,Simulated Portfolio
0.34629206,0.225928191,1.444229066,0.063801941,0.39311046,0.086387777,0.456699822,Simulated Portfolio
0.195103177,0.202743925,0.863666701,0.474641849,0.072581739,0.216330977,0.236445435,Simulated Portfolio
0.401748138,0.228383003,1.671526047,0.217674685,0.456712398,0.049057062,0.276555855,Simulated Portfolio
0.458289519,0.266728997,1.643201614,0.137326684,0.589687915,0.219347695,0.053637705,Simulated Portfolio
0.240644125,0.196531864,1.122688815,0.18483334,0.195090044,0.142817351,0.477259265,Simulated Portfolio
0.371267511,0.221893439,1.583045952,0.363980586,0.396607907,0.208147989,0.031263518,Simulated Portfolio
0.292341771,0.214166837,1.271633716,0.143720105,0.319779773,0.372918607,0.163581515,Simulated Portfolio
0.282817659,0.207138329,1.268802639,0.373861148,0.258694927,0.349059458,0.018384467,Simulated Portfolio
0.31031483,0.206117167,1.408494179,0.335743569,0.302816808,0.262909314,0.09853031,Simulated Portfolio
0.466569236,0.252990101,1.765164861,0.248556688,0.560207005,0.023211417,0.16802489,Simulated Portfolio
0.121570632,0.218006917,0.465905549,0.180778268,0.049629378,0.63983248,0.129759875,Simulated Portfolio
0.242679172,0.193768204,1.149203881,0.239688556,0.196514584,0.207890054,0.355906807,Simulated Portfolio
0.372656787,0.214437557,1.644566334,0.342256562,0.380093263,0.018575665,0.25907451,Simulated Portfolio
0.343939462,0.216874149,1.493674849,0.376806707,0.353505276,0.262297662,0.007390354,Simulated Portfolio
0.321117571,0.20964508,1.436320709,0.366622156,0.315607736,0.260326156,0.057443952,Simulated Portfolio
0.197193876,0.194134157,0.912739305,0.295778111,0.119423463,0.305878351,0.278920075,Simulated Portfolio
0.21020635,0.205711148,0.924628306,0.471404671,0.113450289,0.333578088,0.081566951,Simulated Portfolio
0.344134328,0.211537871,1.532275649,0.2797566,0.362954748,0.191955077,0.165333574,Simulated Portfolio
0.20916271,0.193243842,0.978880921,0.248895607,0.143033997,0.2593733,0.348697096,Simulated Portfolio
0.419372394,0.235418699,1.696434457,0.199412982,0.485835281,0.010107311,0.304644425,Simulated Portfolio
0.308405105,0.199657328,1.444500474,0.312431956,0.285168798,0.108913045,0.2934862,Simulated Portfolio
0.290658619,0.205661657,1.316038308,0.171172162,0.298872055,0.264958018,0.264997765,Simulated Portfolio
0.111403876,0.221940609,0.411839347,0.043194759,0.046026517,0.549056123,0.361722601,Simulated Portfolio
0.283344837,0.199935617,1.317148196,0.342225341,0.253889745,0.254074599,0.149810315,Simulated Portfolio
0.378836356,0.217350619,1.650956214,0.367455346,0.390449529,0.053634227,0.188460898,Simulated Portfolio
0.276102521,0.194830924,1.314485998,0.312027226,0.226833617,0.088255978,0.372883179,Simulated Portfolio
0.153074617,0.204225494,0.651606294,0.431654836,0.01503345,0.277810123,0.27550159,Simulated Portfolio
0.365567491,0.240291045,1.438120559,0.077780049,0.453653207,0.332787215,0.13577953,Simulated Portfolio
0.310227301,0.199686378,1.453415623,0.32819408,0.277221888,0.040542669,0.354041362,Simulated Portfolio
0.416714831,0.235065207,1.687679927,0.240551498,0.485613673,0.108274738,0.165560092,Simulated Portfolio
0.295797064,0.197631407,1.395512322,0.349695117,0.254896008,0.094878592,0.300530283,Simulated Portfolio
0.189818388,0.210376876,0.807210333,0.07065242,0.163759263,0.440990747,0.32459757,Simulated Portfolio
0.182393038,0.196494135,0.82645234,0.226274715,0.111697816,0.349797643,0.312229825,Simulated Portfolio
0.116140031,0.222945088,0.431227403,0.003482176,0.050031159,0.454565702,0.491920964,Simulated Portfolio
0.239100645,0.199916119,1.095962876,0.138722666,0.210075761,0.219934008,0.431267565,Simulated Portfolio
0.279905291,0.203967487,1.274248629,0.269976256,0.271829019,0.343608836,0.114585889,Simulated Portfolio
0.290551628,0.21073575,1.283843048,0.106905373,0.308933127,0.253311054,0.330850445,Simulated Portfolio
0.36026024,0.221948647,1.533058407,0.538097707,0.324249773,0.027854688,0.109797832,Simulated Portfolio
0.25164632,0.212401541,1.090605647,0.056975731,0.259974807,0.330753847,0.352295615,Simulated Portfolio
0.362240773,0.21154824,1.617790688,0.315038032,0.367667104,0.024134843,0.29316002,Simulated Portfolio
0.103732845,0.22266026,0.376056533,0.018787735,0.019677807,0.403966303,0.557568154,Simulated Portfolio
0.430810546,0.24085572,1.705629189,0.487426649,0.456444084,0.035164308,0.020964959,Simulated Portfolio
0.319288447,0.215670866,1.387709212,0.096941743,0.348105242,0.150641995,0.40431102,Simulated Portfolio
0.256269241,0.199103881,1.186663163,0.421891078,0.189908966,0.231939196,0.15626076,Simulated Portfolio
0.38130315,0.225977697,1.598844291,0.358541425,0.415930194,0.216142328,0.009386052,Simulated Portfolio
0.265389495,0.209904106,1.169055239,0.100006313,0.276282559,0.333393324,0.290317804,Simulated Portfolio
0.336717785,0.206237783,1.535692346,0.348908302,0.327469402,0.108101858,0.215520439,Simulated Portfolio
0.401369595,0.245401502,1.554063819,0.142050951,0.498439051,0.286853472,0.072656526,Simulated Portfolio
0.208484993,0.197155383,0.956022557,0.210637805,0.160453061,0.356048335,0.272860798,Simulated Portfolio
0.22102302,0.202188995,0.994233242,0.430037217,0.140059016,0.336771757,0.09313201,Simulated Portfolio
0.118618724,0.211270259,0.46678943,0.263475867,0.018965332,0.552233956,0.165324845,Simulated Portfolio
0.180640188,0.200135042,0.802658978,0.28959106,0.107593763,0.436121505,0.166693671,Simulated Portfolio
0.141702432,0.202123288,0.602119791,0.369974605,0.000868013,0.23085885,0.398298532,Simulated Portfolio
0.293990743,0.20584408,1.331059622,0.151230794,0.301021989,0.204968653,0.342778563,Simulated Portfolio
0.323922305,0.213172123,1.425713179,0.183396065,0.354274746,0.265266233,0.197062956,Simulated Portfolio
0.2542314,0.212072944,1.104485071,0.570848526,0.14479801,0.111023128,0.173330337,Simulated Portfolio
0.301550612,0.199619824,1.410434128,0.33078464,0.276729933,0.164925718,0.227559708,Simulated Portfolio
0.184907128,0.203836785,0.809015547,0.243556711,0.130294676,0.49392106,0.132227553,Simulated Portfolio
0.28228893,0.205269919,1.277775776,0.187011361,0.287332208,0.313226659,0.212429772,Simulated Portfolio
0.296247292,0.217055409,1.272704027,0.190773272,0.324964047,0.43058872,0.053673961,Simulated Portfolio
0.229437764,0.206301836,1.015200677,0.200386689,0.212239848,0.469320276,0.118053187,Simulated Portfolio
0.188341367,0.198929473,0.846236429,0.372152849,0.096680739,0.359182133,0.171984279,Simulated Portfolio
0.276489346,0.195128533,1.314463561,0.305742957,0.236239643,0.151263391,0.30675401,Simulated Portfolio
0.191388094,0.196012972,0.874371182,0.377875177,0.089308195,0.262900313,0.269916316,Simulated Portfolio
0.224053581,0.196982903,1.035894886,0.208249847,0.184761612,0.330549332,0.276439209,Simulated Portfolio
0.299332128,0.202976328,1.376180811,0.305871421,0.288924529,0.260455187,0.144748863,Simulated Portfolio
0.492348966,0.27011166,1.748717426,0.250938488,0.615622944,0.116276483,0.017162085,Simulated Portfolio
0.295906097,0.210420875,1.311210676,0.303010872,0.297694481,0.378074684,0.021219963,Simulated Portfolio
0.325454342,0.217517523,1.40427464,0.206827281,0.362005263,0.342613479,0.088553977,Simulated Portfolio
0.410400442,0.251316428,1.553421898,0.027664164,0.509348095,0.075695175,0.387292566,Simulated Portfolio
0.311093666,0.210857818,1.380521095,0.211990561,0.332452856,0.311453442,0.144103141,Simulated Portfolio
0.374531487,0.223720402,1.584707895,0.153355268,0.417974422,0.021817768,0.406852542,Simulated Portfolio
0.169208556,0.203217867,0.734229516,0.125067025,0.110024813,0.373042011,0.391866152,Simulated Portfolio
0.37968429,0.224363559,1.603131508,0.369725823,0.408791456,0.196993988,0.024488733,Simulated Portfolio
0.239825346,0.195286361,1.125656418,0.200102258,0.194401432,0.171818031,0.433678278,Simulated Portfolio
0.203082964,0.209775801,0.872755406,0.534585485,0.057434816,0.066271352,0.341708347,Simulated Portfolio
0.262452195,0.195841044,1.238005015,0.299617593,0.224921975,0.249716805,0.225743627,Simulated Portfolio
0.174551585,0.202014071,0.765053561,0.265506357,0.105369479,0.468874969,0.160249194,Simulated Portfolio
0.241510984,0.21727673,1.019487841,0.013643479,0.252053992,0.345421751,0.388880778,Simulated Portfolio
0.298498766,0.205056638,1.358155332,0.482402707,0.23220203,0.067403179,0.217992083,Simulated Portfolio
0.24815487,0.220149754,1.036362141,0.026312283,0.270616814,0.423036919,0.280033985,Simulated Portfolio
0.222313478,0.197062962,1.026643851,0.402948909,0.138899606,0.267902278,0.190249207,Simulated Portfolio
0.132272557,0.208547077,0.538355937,0.106307115,0.043387185,0.322451585,0.527854115,Simulated Portfolio
0.263002155,0.201716645,1.204670811,0.143731765,0.250179765,0.216923928,0.389164541,Simulated Portfolio
0.225890383,0.198892488,1.035184307,0.364109791,0.16233911,0.352551989,0.120999111,Simulated Portfolio
0.254081018,0.196370394,1.192038238,0.278334133,0.218873783,0.28773829,0.215053794,Simulated Portfolio
0.178428624,0.195688518,0.809595909,0.290775674,0.091278344,0.334340547,0.283605435,Simulated Portfolio
0.326870657,0.211604433,1.450209018,0.180484169,0.353373546,0.2110856,0.255056685,Simulated Portfolio
0.323972096,0.21954475,1.384556436,0.581579534,0.254253429,0.033687846,0.130479191,Simulated Portfolio
0.290119983,0.196997811,1.371182664,0.340790063,0.250914335,0.129971552,0.278324051,Simulated Portfolio
0.350867766,0.225146467,1.469566768,0.096384318,0.406837148,0.183526395,0.313252139,Simulated Portfolio
0.282992487,0.205954541,1.276944352,0.390420007,0.2526143,0.321015748,0.035949945,Simulated Portfolio
0.145574058,0.222865041,0.563453367,0.025472799,0.111944853,0.578538551,0.284043796,Simulated Portfolio
0.380265066,0.22394542,1.608718167,0.357283884,0.411444238,0.191950549,0.039321329,Simulated Portfolio
0.383887797,0.226702556,1.605133191,0.214061431,0.441929712,0.177438334,0.166570523,Simulated Portfolio
0.161077904,0.212855886,0.662786014,0.037523974,0.113275055,0.385106235,0.464094736,Simulated Portfolio
0.209254819,0.195368182,0.968708501,0.194049776,0.153353024,0.261171675,0.391425525,Simulated Portfolio
0.164875929,0.197642967,0.73301839,0.289684429,0.071859754,0.366222209,0.272233608,Simulated Portfolio
0.176170577,0.205656024,0.759377597,0.431106386,0.024995452,0.028025207,0.515872955,Simulated Portfolio
0.337941188,0.205803081,1.544880602,0.326009362,0.330764396,0.083436576,0.259789666,Simulated Portfolio
0.325229497,0.202501212,1.507297137,0.327632586,0.301848561,0.028559611,0.341959242,Simulated Portfolio
0.500323872,0.26712726,1.798108786,0.362272885,0.598404919,0.026376039,0.012946158,Simulated Portfolio
0.425797563,0.237732704,1.70694884,0.374652378,0.477871988,0.11529143,0.032184204,Simulated Portfolio
0.223642118,0.195783119,1.040141349,0.200812794,0.179853529,0.284569575,0.334764102,Simulated Portfolio
0.269461835,0.212657831,1.173066773,0.062734797,0.283567501,0.279308532,0.37438917,Simulated Portfolio
0.353317969,0.230510058,1.446001848,0.043835591,0.407928877,0.078397108,0.469838424,Simulated Portfolio
0.300384601,0.206425852,1.358282397,0.149070662,0.307135713,0.160630961,0.383162664,Simulated Portfolio
0.365842075,0.218938963,1.579627815,0.382606206,0.380644262,0.181647427,0.055102105,Simulated Portfolio
0.107599891,0.221948699,0.39468531,0.038368211,0.037354321,0.524488642,0.399788826,Simulated Portfolio
0.280699776,0.221740185,1.175699279,0.013664174,0.313981258,0.296429669,0.375924899,Simulated Portfolio
0.235844267,0.216802294,0.995581104,0.121596281,0.245068644,0.531150286,0.10218479,Simulated Portfolio
0.20213559,0.210110787,0.866855018,0.470702275,0.108683563,0.408858059,0.011756104,Simulated Portfolio
0.181772891,0.201790204,0.801688524,0.244844041,0.121218674,0.465581476,0.168355809,Simulated Portfolio
0.383831031,0.225131276,1.616083904,0.386907908,0.410405554,0.176680494,0.026006044,Simulated Portfolio
0.101237409,0.248824627,0.326484599,0.012038123,0.070165734,0.848368315,0.069427829,Simulated Portfolio
0.321211675,0.204885141,1.470148952,0.303329455,0.318982365,0.191802362,0.185885818,Simulated Portfolio
0.212749816,0.199772233,0.964847882,0.42668408,0.121512556,0.296689921,0.155113442,Simulated Portfolio
0.177810561,0.194423602,0.811684175,0.275956031,0.082524949,0.248335886,0.393183134,Simulated Portfolio
0.375177846,0.224069646,1.585122538,0.368493841,0.40370125,0.217623305,0.010181604,Simulated Portfolio
0.167426447,0.197040453,0.748203958,0.301121291,0.072031109,0.348221759,0.27862584,Simulated Portfolio
0.266716859,0.21404192,1.152656725,0.085597029,0.286712922,0.379177195,0.248512854,Simulated Portfolio
0.274032429,0.204510566,1.242148187,0.32772299,0.253245708,0.360623987,0.058407316,Simulated Portfolio
0.347683906,0.215943895,1.517449271,0.250020877,0.380246862,0.239700368,0.130031894,Simulated Portfolio
0.212768766,0.206736544,0.932436823,0.212731034,0.18512549,0.502316781,0.099826695,Simulated Portfolio
0.267424347,0.194612652,1.271368249,0.301253807,0.225592322,0.186352953,0.286800918,Simulated Portfolio
0.217482462,0.206523102,0.956224559,0.238091463,0.188318672,0.499256027,0.074333838,Simulated Portfolio
0.154804053,0.204089804,0.660513412,0.426667628,0.023075211,0.312177675,0.238079487,Simulated Portfolio
0.480887005,0.257477581,1.790008289,0.375087012,0.561635442,0.019741037,0.043536509,Simulated Portfolio
0.297107496,0.200918772,1.379201619,0.266621166,0.287431148,0.220995387,0.224952299,Simulated Portfolio
0.336879154,0.225754241,1.403646522,0.176694286,0.391647534,0.379126077,0.052532103,Simulated Portfolio
0.159537525,0.206752479,0.674901339,0.224991534,0.094196398,0.530848194,0.149963874,Simulated Portfolio
0.191909223,0.198473048,0.866159035,0.247213168,0.131551179,0.409312761,0.211922893,Simulated Portfolio
0.317906259,0.217418313,1.370198558,0.078305324,0.347397838,0.136598906,0.437697931,Simulated Portfolio
0.438207483,0.245663921,1.702356133,0.278692259,0.521574765,0.155301733,0.044431243,Simulated Portfolio
0.169429243,0.216704142,0.68955416,0.204719057,0.128053616,0.639153023,0.028074303,Simulated Portfolio
0.318326491,0.207766567,1.435873422,0.335132226,0.316002258,0.25632367,0.092541847,Simulated Portfolio
0.409349993,0.233990179,1.663958694,0.375627972,0.455277606,0.165502723,0.003591699,Simulated Portfolio
0.4777831,0.262584645,1.743373457,0.255915991,0.589396604,0.115367856,0.039319549,Simulated Portfolio
0.17322203,0.230769673,0.663960855,0.083242509,0.16620578,0.718478342,0.032073368,Simulated Portfolio
0.280671575,0.20601141,1.265325912,0.202604318,0.285493494,0.344640979,0.167261208,Simulated Portfolio
0.280554901,0.201167007,1.295216868,0.196338303,0.273903978,0.240776902,0.288980817,Simulated Portfolio
0.283011801,0.198297307,1.326350841,0.352996053,0.246192514,0.21121228,0.189599153,Simulated Portfolio
0.198173678,0.196097774,0.90859613,0.206976288,0.139666771,0.32618716,0.327169781,Simulated Portfolio
0.289921019,0.201406009,1.340183546,0.187734207,0.281522112,0.156555926,0.374187755,Simulated Portfolio
0.310174922,0.200197808,1.449441058,0.353366503,0.279575919,0.098664589,0.268392989,Simulated Portfolio
0.260989482,0.195661806,1.231663382,0.248068664,0.208150842,0.054120629,0.489659866,Simulated Portfolio
0.281661405,0.199404245,1.312215821,0.207919604,0.268067631,0.193899662,0.330113103,Simulated Portfolio
0.228076802,0.192222098,1.082481171,0.311584729,0.157679619,0.203547344,0.327188309,Simulated Portfolio
0.213082593,0.2145971,0.899744653,0.015262977,0.202484589,0.344887045,0.437365389,Simulated Portfolio
0.329867195,0.213611649,1.450610003,0.134625393,0.353365355,0.099048861,0.41296039,Simulated Portfolio
0.301699232,0.207570695,1.357124289,0.194327788,0.315886831,0.282379022,0.207406359,Simulated Portfolio
0.196363686,0.201841772,0.87377199,0.3613732,0.120130806,0.422285516,0.096210478,Simulated Portfolio
0.362513648,0.239771988,1.428497344,0.00650852,0.440656538,0.161685155,0.391149787,Simulated Portfolio
0.385714047,0.232721256,1.571468173,0.135310219,0.458669498,0.171649442,0.234370841,Simulated Portfolio
0.256806277,0.198892564,1.190624082,0.317255668,0.220954518,0.324387802,0.137402012,Simulated Portfolio
0.263734364,0.201419844,1.210081188,0.157299865,0.231145856,0.068952857,0.542601423,Simulated Portfolio
0.227115145,0.193853045,1.068413166,0.269061702,0.17319612,0.282107055,0.275635123,Simulated Portfolio
0.368900991,0.222408431,1.568739948,0.252869973,0.414931829,0.227039063,0.105159134,Simulated Portfolio
0.15424123,0.202813081,0.661896312,0.353997772,0.048113611,0.418656089,0.179232528,Simulated Portfolio
0.37431789,0.218615262,1.620737216,0.220337621,0.4070995,0.035400436,0.337162443,Simulated Portfolio
0.336999046,0.221376843,1.43194311,0.085522259,0.380227042,0.145611567,0.388639132,Simulated Portfolio
0.232032943,0.230679541,0.919166658,0.029276817,0.263198517,0.597426992,0.110097674,Simulated Portfolio
0.287417784,0.215680291,1.239880487,0.226631147,0.306038435,0.454302693,0.013027724,Simulated Portfolio
0.169236769,0.195647809,0.762782723,0.289888033,0.071097037,0.297595643,0.341419288,Simulated Portfolio
0.217473267,0.240022402,0.822728483,0.000539971,0.253482964,0.682673021,0.063304044,Simulated Portfolio
0.166612332,0.218061676,0.672343416,0.082369377,0.071129754,0.023541351,0.822959519,Simulated Portfolio
0.222912799,0.197416999,1.027838537,0.241754264,0.180700738,0.363621907,0.213923091,Simulated Portfolio
0.120010115,0.214252529,0.466786161,0.171791232,0.041917153,0.5847626,0.201529015,Simulated Portfolio
0.221928593,0.212485577,0.950316703,0.024502335,0.203998196,0.244332626,0.527166844,Simulated Portfolio
0.325641612,0.226421273,1.349880281,0.154882755,0.380405975,0.414433595,0.050277675,Simulated Portfolio
0.281082724,0.200938752,1.299314947,0.184733893,0.272489617,0.204021864,0.338754627,Simulated Portfolio
0.15885247,0.202787194,0.684720114,0.359092766,0.055411959,0.42064362,0.164851655,Simulated Portfolio
0.362013175,0.23956894,1.427619021,0.029074227,0.446029046,0.247354893,0.277541834,Simulated Portfolio
0.23546658,0.198781872,1.083934759,0.455041306,0.133825218,0.115303902,0.295829574,Simulated Portfolio
0.277443795,0.203513528,1.264995977,0.194702064,0.276738981,0.306494122,0.222064832,Simulated Portfolio
0.178069426,0.196261671,0.805401406,0.33274504,0.081521269,0.321677516,0.264056175,Simulated Portfolio
0.25367851,0.198408689,1.17776349,0.332090902,0.212025526,0.317543795,0.138339777,Simulated Portfolio
0.359654706,0.224789721,1.5109886,0.206365008,0.414392845,0.28539456,0.093847586,Simulated Portfolio
0.250033817,0.204163886,1.126711594,0.502630404,0.139913351,0.028209452,0.329246793,Simulated Portfolio
0.271787459,0.207398087,1.214029809,0.233374494,0.271756586,0.404522333,0.090346587,Simulated Portfolio
0.427053897,0.24801536,1.641244709,0.231899125,0.521014527,0.240430159,0.006656188,Simulated Portfolio
0.221736316,0.202474599,0.996353698,0.424093571,0.143949956,0.349864652,0.082091821,Simulated Portfolio
0.372239662,0.255996023,1.375957556,0.005901112,0.48577562,0.3953361,0.112987168,Simulated Portfolio
0.159910575,0.203006286,0.689193315,0.128233097,0.081817012,0.277347381,0.51260251,Simulated Portfolio
0.223635315,0.192525623,1.057705,0.336194992,0.144781723,0.197344407,0.321678878,Simulated Portfolio
0.134184641,0.212937406,0.536235708,0.232462782,0.056938378,0.597062623,0.113536217,Simulated Portfolio
0.282787914,0.197181228,1.332722777,0.27220949,0.258106105,0.191770074,0.277914331,Simulated Portfolio
0.233919766,0.192257414,1.11267369,0.297810366,0.161890104,0.133872073,0.406427458,Simulated Portfolio
0.250696731,0.199108421,1.158648789,0.160183224,0.226826203,0.224639489,0.388351084,Simulated Portfolio
0.195570678,0.200498021,0.875672871,0.145629798,0.149954176,0.356642309,0.347773717,Simulated Portfolio
0.344047926,0.211209853,1.534246254,0.211687688,0.364706754,0.105384423,0.318221135,Simulated Portfolio
0.1815565,0.204274359,0.790879974,0.471916986,0.054895203,0.260034971,0.21315284,Simulated Portfolio
0.295415561,0.205762119,1.338514411,0.243442036,0.299617383,0.311503227,0.145437355,Simulated Portfolio
0.158650745,0.198259639,0.699339241,0.238957418,0.070056078,0.36436821,0.326618294,Simulated Portfolio
0.299528516,0.202943181,1.377373282,0.273300729,0.294659752,0.256231107,0.175808412,Simulated Portfolio
0.101008223,0.222486338,0.364104257,0.039141156,0.024493942,0.513626907,0.422737994,Simulated Portfolio
0.253385955,0.22733797,1.026603499,0.660945592,0.132578615,0.157279479,0.049196315,Simulated Portfolio
0.284046652,0.201150268,1.312683568,0.213467897,0.277639052,0.247378364,0.261514687,Simulated Portfolio
0.394735329,0.244065084,1.535390978,0.114410339,0.490544729,0.275069821,0.119975111,Simulated Portfolio
0.362961467,0.243904149,1.406132157,0.058445025,0.456657485,0.36604695,0.11885054,Simulated Portfolio
0.308702345,0.210608507,1.370800968,0.235673024,0.326236159,0.329832863,0.108257954,Simulated Portfolio
0.617916529,0.354497772,1.686658074,0.009910365,0.870317447,0.063482123,0.056290065,Simulated Portfolio
0.192817593,0.204151049,0.846518269,0.477658836,0.053111797,0.092205486,0.377023881,Simulated Portfolio
0.375250311,0.215772753,1.646409505,0.349386078,0.386606889,0.046081609,0.217925424,Simulated Portfolio
0.442015397,0.242072615,1.743342165,0.360464091,0.503082138,0.070207116,0.066246655,Simulated Portfolio
0.178665195,0.196696003,0.806651852,0.193635674,0.101313694,0.268123073,0.436927559,Simulated Portfolio
0.346075092,0.222826336,1.463359752,0.088634199,0.381866326,0.033584211,0.495915264,Simulated Portfolio
0.307163669,0.213381639,1.345774968,0.129121087,0.336524579,0.27705002,0.257304313,Simulated Portfolio
0.248182,0.192978805,1.182420009,0.28962332,0.19545475,0.195174875,0.319747055,Simulated Portfolio
0.265477149,0.197982433,1.239893589,0.188487346,0.237068048,0.139938575,0.43450603,Simulated Portfolio
0.17378133,0.195333953,0.787273936,0.275718389,0.069179743,0.195145779,0.459956089,Simulated Portfolio
0.40090462,0.23115256,1.647849456,0.464257757,0.417065177,0.103088121,0.015588945,Simulated Portfolio
0.335835932,0.211983732,1.489906463,0.357666349,0.339837635,0.236506528,0.065989488,Simulated Portfolio
0.372500797,0.220773119,1.59666539,0.180090021,0.409356734,0.019696116,0.390857129,Simulated Portfolio
0.213205213,0.210010466,0.919978973,0.063709314,0.199468682,0.390953011,0.345868993,Simulated Portfolio
0.430105721,0.242684424,1.68987245,0.185872465,0.515532022,0.081945803,0.21664971,Simulated Portfolio
0.324714402,0.204603515,1.489292119,0.28884811,0.323550767,0.157630516,0.229970607,Simulated Portfolio
0.224881448,0.193991157,1.05613808,0.363603715,0.146320871,0.23342804,0.256647374,Simulated Portfolio
0.325001515,0.203512656,1.498685735,0.36911912,0.301666595,0.092698421,0.236515864,Simulated Portfolio
0.28300155,0.210880432,1.247159578,0.091828202,0.298674431,0.253955435,0.355541933,Simulated Portfolio
0.283846071,0.211638298,1.246683956,0.088796656,0.301686527,0.262253986,0.347262831,Simulated Portfolio
0.326159594,0.206811524,1.480379757,0.278935572,0.333076929,0.200984587,0.187002912,Simulated Portfolio
0.38938468,0.224808828,1.643105755,0.303663925,0.432375605,0.154001207,0.109959263,Simulated Portfolio
0.297611613,0.216657759,1.281337042,0.059238251,0.325254573,0.215648585,0.399858591,Simulated Portfolio
0.26076754,0.234280161,1.027690691,0.030778403,0.310006287,0.575354414,0.083860896,Simulated Portfolio
0.289154101,0.205733888,1.308263325,0.175763784,0.297314214,0.280541319,0.246380684,Simulated Portfolio
0.337651679,0.235616896,1.348170205,0.007185753,0.410096948,0.266190632,0.316526666,Simulated Portfolio
0.201717138,0.198871299,0.913742402,0.35528454,0.081259378,0.013891635,0.549564446,Simulated Portfolio
0.321245974,0.208045628,1.447980314,0.183229472,0.335662844,0.149080247,0.332027437,Simulated Portfolio
0.220461575,0.197398828,1.015515532,0.220295013,0.179376122,0.355563579,0.244765287,Simulated Portfolio
0.21001554,0.195553103,0.971682563,0.400445293,0.10375784,0.149245475,0.346551391,Simulated Portfolio
0.233547147,0.196766496,1.085282055,0.344692854,0.175023766,0.318633957,0.161649422,Simulated Portfolio
0.347822368,0.218431082,1.500804578,0.139803714,0.38787968,0.135304431,0.337012175,Simulated Portfolio
0.210767894,0.248654566,0.767200447,0.764370471,0.042096873,0.174216698,0.019315959,Simulated Portfolio
0.349068129,0.209431398,1.571245441,0.259987746,0.357277055,0.044311592,0.338423607,Simulated Portfolio
0.352974723,0.244343339,1.362732965,0.017322361,0.445513321,0.355170709,0.18199361,Simulated Portfolio
0.366121091,0.213954932,1.617728962,0.290694899,0.385161439,0.076916706,0.247226956,Simulated Portfolio
0.295257876,0.210011181,1.310682003,0.277041664,0.301086544,0.376468574,0.045403218,Simulated Portfolio
0.291639822,0.201169921,1.350300385,0.298593422,0.276663085,0.258257644,0.166485849,Simulated Portfolio
0.180804973,0.206810536,0.777547295,0.420931915,0.083651156,0.432657275,0.062759653,Simulated Portfolio
0.202416357,0.20567484,0.886916248,0.099314326,0.174101905,0.38899637,0.337587399,Simulated Portfolio
0.327782977,0.208647443,1.475134194,0.239702151,0.343949358,0.208861883,0.207486608,Simulated Portfolio
0.178481358,0.195415004,0.81099892,0.223550507,0.094630108,0.260308615,0.42151077,Simulated Portfolio
0.219868453,0.197716401,1.010884538,0.265943233,0.128001571,0.006633634,0.599421562,Simulated Portfolio
0.316453476,0.21944325,1.350934589,0.21269881,0.352469797,0.401580777,0.033250616,Simulated Portfolio
0.143240095,0.218039041,0.565220313,0.014589399,0.09244114,0.433928342,0.459041118,Simulated Portfolio
0.209887036,0.205539142,0.923848538,0.082069319,0.181572222,0.317770042,0.418588417,Simulated Portfolio
0.162521218,0.196401448,0.725662766,0.306428936,0.053668717,0.274335103,0.365567244,Simulated Portfolio
0.2339039,0.196740181,1.087240537,0.425646175,0.134063113,0.095516251,0.344774461,Simulated Portfolio
0.295217275,0.201176042,1.368042003,0.270667694,0.28550726,0.238260704,0.205564342,Simulated Portfolio
0.184780084,0.193851442,0.8500328,0.269442872,0.093423952,0.228875732,0.408257444,Simulated Portfolio
0.252817858,0.2030612,1.146540344,0.47340476,0.174051969,0.227429467,0.125113804,Simulated Portfolio
0.436167409,0.245351468,1.696209168,0.162183844,0.523730221,0.02729663,0.286789305,Simulated Portfolio
0.152643416,0.201916211,0.656923061,0.334683413,0.04849754,0.415740405,0.201078642,Simulated Portfolio
0.259616389,0.205267909,1.167334878,0.364878309,0.224641105,0.386219389,0.024261197,Simulated Portfolio
0.335810996,0.220113426,1.434764803,0.127402409,0.382997907,0.248614972,0.240984712,Simulated Portfolio
0.249973374,0.203261336,1.131417207,0.493448366,0.158672964,0.170855755,0.177022915,Simulated Portfolio
0.139870783,0.207211655,0.578494404,0.398866236,0.014762165,0.41582547,0.170546129,Simulated Portfolio
0.361401673,0.239907697,1.42305427,0.034178496,0.446915886,0.271163317,0.247742302,Simulated Portfolio
0.218494065,0.202406459,0.980670606,0.105145073,0.183536536,0.245187393,0.466130998,Simulated Portfolio
0.448432622,0.259498999,1.650999132,0.122891889,0.568072232,0.159886393,0.149149486,Simulated Portfolio
0.350617838,0.2083298,1.586992535,0.353437023,0.337834388,0.001315059,0.307413531,Simulated Portfolio
0.236349321,0.206175589,1.049344988,0.489300597,0.149731341,0.286057602,0.07491046,Simulated Portfolio
0.338367233,0.206569085,1.541214326,0.359964409,0.326955582,0.096782759,0.216297249,Simulated Portfolio
0.204602803,0.210649245,0.876351598,0.03607523,0.171889777,0.24418014,0.547854853,Simulated Portfolio
0.143108503,0.201691233,0.610381031,0.28285602,0.041925243,0.420199828,0.25501891,Simulated Portfolio
0.282699127,0.2058809,1.275976196,0.397174258,0.250182452,0.315213777,0.037429512,Simulated Portfolio
0.28950613,0.220502601,1.222235604,0.107436782,0.328050407,0.427669913,0.136842898,Simulated Portfolio
0.248778458,0.19529147,1.171471839,0.232029876,0.21317288,0.246966269,0.307830975,Simulated Portfolio
0.297039201,0.223819089,1.23778183,0.082702084,0.344081781,0.415288609,0.157927527,Simulated Portfolio
0.256969675,0.197567736,1.199435085,0.229873259,0.232223187,0.284119948,0.253783606,Simulated Portfolio
0.161286234,0.202452959,0.697871914,0.17668073,0.059807943,0.147905198,0.615606129,Simulated Portfolio
0.196570278,0.21676377,0.814574677,0.046002231,0.187339429,0.502557905,0.264100435,Simulated Portfolio
0.291656048,0.221536878,1.226233979,0.032109818,0.329865474,0.298603742,0.339420965,Simulated Portfolio
0.365678871,0.225445158,1.533316901,0.256491816,0.41609665,0.288403839,0.039007695,Simulated Portfolio
0.349645137,0.244432501,1.348614183,0.063183078,0.44119424,0.43610338,0.059519302,Simulated Portfolio
0.146016879,0.205295208,0.613832541,0.378748041,0.029794065,0.422008208,0.169449686,Simulated Portfolio
0.179381783,0.201013662,0.792890303,0.219106547,0.073776128,0.067746599,0.639370726,Simulated Portfolio
0.165873519,0.197431817,0.738855171,0.247082415,0.080786608,0.361883419,0.310247558,Simulated Portfolio
0.261262235,0.196861384,1.22554373,0.419789979,0.184094843,0.10887783,0.287237349,Simulated Portfolio
0.288763308,0.203125834,1.323137008,0.294979441,0.277780287,0.303386715,0.123853557,Simulated Portfolio
0.297950168,0.210488898,1.320497994,0.160499467,0.319220629,0.312991241,0.207288663,Simulated Portfolio
0.360206883,0.219599069,1.549218238,0.400625525,0.371132171,0.210752951,0.017489354,Simulated Portfolio
0.256133624,0.196031966,1.204566933,0.357836545,0.202712326,0.243765638,0.195685491,Simulated Portfolio
0.287651907,0.201689196,1.327051288,0.326504744,0.267064727,0.277870934,0.128559594,Simulated Portfolio
0.177951804,0.207114924,0.762628791,0.388180283,0.089581119,0.473557641,0.048680958,Simulated Portfolio
0.39792637,0.227668243,1.659987206,0.203321431,0.45135756,0.037934167,0.307386842,Simulated Portfolio
0.291621833,0.208852343,1.300544817,0.118592032,0.305034148,0.223181002,0.353192817,Simulated Portfolio
0.249360837,0.199873769,1.147528451,0.164453817,0.23019828,0.278205764,0.327142139,Simulated Portfolio
0.179520385,0.197411318,0.808060987,0.355495269,0.081220925,0.332560593,0.230723213,Simulated Portfolio
0.17221243,0.214340303,0.710143765,0.115036369,0.140912032,0.570999944,0.173051655,Simulated Portfolio
0.133833525,0.220070569,0.517259192,0.071465282,0.08553209,0.597187403,0.245815225,Simulated Portfolio
0.215742745,0.199590413,0.980722179,0.225440277,0.176237272,0.405013877,0.193308575,Simulated Portfolio
0.391778765,0.221282245,1.680111146,0.342775735,0.416665901,0.048145513,0.192412851,Simulated Portfolio
0.166686977,0.206716908,0.709603189,0.480717075,0.01768643,0.178149777,0.323446719,Simulated Portfolio
0.099591091,0.217119557,0.366577256,0.200795561,0.00335346,0.601689589,0.194161391,Simulated Portfolio
0.253615573,0.203765564,1.14649192,0.356674294,0.215494748,0.384180574,0.043650384,Simulated Portfolio
0.388860733,0.226367478,1.629477593,0.330214105,0.430393745,0.18500481,0.05438734,Simulated Portfolio
0.243767846,0.200698289,1.114946455,0.364330294,0.193518762,0.354812881,0.087338064,Simulated Portfolio
0.332181506,0.217970276,1.43222054,0.121740979,0.373270076,0.211532136,0.293456809,Simulated Portfolio
0.331597054,0.207241474,1.503545835,0.279843795,0.339404722,0.176766218,0.203985265,Simulated Portfolio
0.135025484,0.229436039,0.501340088,0.093997814,0.099184535,0.727179638,0.079638014,Simulated Portfolio
0.129834359,0.205626448,0.534145099,0.186312171,0.011240595,0.211134117,0.591313117,Simulated Portfolio
0.319718564,0.212803664,1.40842765,0.261278098,0.340102223,0.325172841,0.073446838,Simulated Portfolio
0.227754193,0.19466335,1.067248626,0.382847197,0.146176561,0.219920733,0.25105551,Simulated Portfolio
0.265507698,0.195893232,1.253272997,0.353292693,0.216121675,0.213564695,0.217020937,Simulated Portfolio
0.184862563,0.204885,0.804659019,0.450427656,0.037927155,0.039536539,0.47210865,Simulated Portfolio
0.195275212,0.20274725,0.864501058,0.284580685,0.138241787,0.472659271,0.104518257,Simulated Portfolio
0.245367586,0.194012228,1.161615369,0.25825736,0.201426735,0.237950731,0.302365174,Simulated Portfolio
0.250856878,0.193693328,1.191867993,0.298769128,0.20163902,0.221812811,0.277779041,Simulated Portfolio
0.333652011,0.207302404,1.513016757,0.226577403,0.334019619,0.022516447,0.416886531,Simulated Portfolio
0.187343709,0.216677826,0.772315804,0.114780992,0.169356053,0.589283277,0.126579677,Simulated Portfolio
0.219413013,0.201542839,0.98943239,0.456217013,0.094850337,0.02430708,0.42462557,Simulated Portfolio
0.163116328,0.208785321,0.685471218,0.471209648,0.03459493,0.355349357,0.138846065,Simulated Portfolio
0.106725004,0.221746358,0.391100016,0.097021647,0.036592559,0.618916671,0.247469124,Simulated Portfolio
0.159730486,0.198745568,0.703062148,0.287938061,0.065639575,0.385880549,0.260541815,Simulated Portfolio
0.204895334,0.198891388,0.929629661,0.209714771,0.159122432,0.395160414,0.236002383,Simulated Portfolio
0.111417723,0.209856132,0.435620928,0.1939295,0.012471731,0.497198459,0.29640031,Simulated Portfolio
0.185942496,0.203070438,0.817167172,0.10776177,0.13647787,0.326169915,0.429590445,Simulated Portfolio
0.247585973,0.223475708,1.018392447,0.081896607,0.274322442,0.545508067,0.098272884,Simulated Portfolio
0.244581813,0.212648542,1.056117339,0.136213868,0.251139616,0.478035783,0.134610733,Simulated Portfolio
0.166347386,0.196629312,0.744280621,0.290699554,0.051869084,0.180829724,0.476601638,Simulated Portfolio
0.315131586,0.206807169,1.427085857,0.462973707,0.269268965,0.106816452,0.160940875,Simulated Portfolio
0.27282376,0.199515151,1.267190784,0.252090636,0.255996452,0.287076801,0.204836111,Simulated Portfolio
0.139480044,0.202348636,0.590466267,0.274938371,0.038044049,0.428199323,0.258818257,Simulated Portfolio
0.140751552,0.202686454,0.595755413,0.380312155,0.004736032,0.292132371,0.322819442,Simulated Portfolio
0.354126807,0.214792954,1.555576199,0.218934506,0.38555379,0.144476867,0.251034837,Simulated Portfolio
0.234858013,0.193554283,1.110065917,0.235013234,0.176471935,0.146921751,0.44159308,Simulated Portfolio
0.218702918,0.201711085,0.985086754,0.482038407,0.105170867,0.158917845,0.253872881,Simulated Portfolio
0.247084511,0.200560154,1.132251377,0.342752303,0.203844779,0.360393523,0.093009394,Simulated Portfolio
0.306038027,0.220709618,1.29599258,0.087870869,0.350032137,0.343216416,0.218880579,Simulated Portfolio
0.489584653,0.273193503,1.718871967,0.113382534,0.623281285,0.012662545,0.250673636,Simulated Portfolio
0.217332557,0.195968722,1.006959451,0.409279987,0.111330164,0.120281962,0.359107887,Simulated Portfolio
0.352473539,0.210185657,1.581808882,0.397805781,0.337979435,0.042584671,0.221630112,Simulated Portfolio
0.334822045,0.211038005,1.491778908,0.378108931,0.33172047,0.214477839,0.07569276,Simulated Portfolio
0.184482186,0.194932651,0.843789817,0.336837415,0.086430544,0.27647993,0.300252111,Simulated Portfolio
0.146438651,0.214112471,0.59052446,0.038055755,0.088921033,0.394095221,0.478927991,Simulated Portfolio
0.335824473,0.205022406,1.540438816,0.304755459,0.327250481,0.052727514,0.315266546,Simulated Portfolio
0.233511634,0.193369007,1.104166778,0.310838092,0.173218285,0.25326943,0.262674193,Simulated Portfolio
0.18761517,0.196483449,0.853075265,0.225832449,0.121348451,0.354198336,0.298620764,Simulated Portfolio
0.23593836,0.196942968,1.096451231,0.212593257,0.202169048,0.310823388,0.274414306,Simulated Portfolio
0.117053283,0.208904919,0.464581129,0.170524045,0.023634238,0.473677412,0.332164305,Simulated Portfolio
0.439362728,0.243943973,1.719094441,0.347889205,0.507664244,0.127386163,0.017060388,Simulated Portfolio
0.270366427,0.221167009,1.13202429,0.002585268,0.272995739,0.088209576,0.636209417,Simulated Portfolio
0.331232024,0.228143907,1.364191698,0.061409877,0.392874358,0.29704488,0.248670885,Simulated Portfolio
0.191477695,0.232122551,0.738737767,0.675085428,0.016766758,0.106843062,0.201304751,Simulated Portfolio
0.186689224,0.206687654,0.80647886,0.455645397,0.081021426,0.378560981,0.084772195,Simulated Portfolio
0.169590776,0.196609408,0.760852584,0.348982097,0.051459671,0.218497674,0.381060558,Simulated Portfolio
0.384369302,0.221838638,1.64249702,0.404523994,0.398678204,0.098177157,0.098620645,Simulated Portfolio
0.243064951,0.218354156,1.021574104,0.13985893,0.25608846,0.546336639,0.057715971,Simulated Portfolio
0.337648223,0.208483698,1.523611807,0.277224446,0.34885452,0.164325846,0.209595188,Simulated Portfolio
0.303872507,0.213292601,1.33090649,0.104022926,0.330202643,0.234133784,0.331640648,Simulated Portfolio
0.280598796,0.213732087,1.219277832,0.077122009,0.3027976,0.300535908,0.319544483,Simulated Portfolio
0.263746586,0.200006701,1.218692096,0.330339052,0.230156405,0.320735307,0.118769236,Simulated Portfolio
0.200817959,0.20359273,0.888135638,0.145348304,0.167391456,0.42550257,0.261757671,Simulated Portfolio
0.20105711,0.198751557,0.910972031,0.4160521,0.102230292,0.28865453,0.193063078,Simulated Portfolio
0.281883767,0.211147351,1.240289146,0.165828014,0.299332177,0.386716627,0.148123183,Simulated Portfolio
0.178617403,0.213729123,0.742142206,0.503856543,0.060812245,0.399324861,0.036006351,Simulated Portfolio
0.250010095,0.197041833,1.167316054,0.222770426,0.221732862,0.286355125,0.269141588,Simulated Portfolio
0.296884495,0.204875409,1.351477446,0.36220523,0.277008653,0.281467884,0.079318232,Simulated Portfolio
0.181350645,0.194362905,0.830151441,0.253988089,0.093500844,0.25551247,0.396998598,Simulated Portfolio
0.340058404,0.21860399,1.464101386,0.254317599,0.375466575,0.315991622,0.054224204,Simulated Portfolio
0.383062966,0.231722212,1.566802609,0.243796326,0.447294564,0.278480139,0.030428971,Simulated Portfolio
0.329397525,0.217987953,1.419333133,0.097052742,0.36454173,0.141993144,0.396412385,Simulated Portfolio
0.314054128,0.225809352,1.302222983,0.024921413,0.334252445,0.002618111,0.638208031,Simulated Portfolio
0.321477112,0.212941231,1.415776127,0.308202597,0.33432908,0.322597019,0.034871305,Simulated Portfolio
0.362902109,0.220971098,1.551796194,0.372904161,0.383597627,0.233762361,0.009735851,Simulated Portfolio
0.232444745,0.226657834,0.937292749,0.03198898,0.25845455,0.556248317,0.153308154,Simulated Portfolio
0.350714256,0.214275475,1.543406944,0.44018485,0.337265352,0.12563662,0.096913178,Simulated Portfolio
0.162088751,0.201612282,0.704762379,0.409006301,0.038262247,0.306994413,0.245737039,Simulated Portfolio
0.396301388,0.22326491,1.685447963,0.379289704,0.417515006,0.04515655,0.15803874,Simulated Portfolio
0.365254433,0.212804588,1.622401266,0.377665593,0.361527162,0.02410727,0.236699974,Simulated Portfolio
0.31062628,0.210169557,1.382818155,0.179162371,0.332833242,0.27196119,0.216043197,Simulated Portfolio
0.272156337,0.215248455,1.17146642,0.062356613,0.294833558,0.333491467,0.309318362,Simulated Portfolio
0.261829713,0.194079701,1.246033007,0.286745554,0.218668904,0.187440354,0.307145188,Simulated Portfolio
0.215731317,0.19883226,0.984404225,0.182672823,0.178312731,0.358090111,0.280924334,Simulated Portfolio
0.29460021,0.200869656,1.367056709,0.365238136,0.264327138,0.213647802,0.156786924,Simulated Portfolio
0.277743904,0.19947345,1.292121353,0.264115093,0.260646774,0.273086416,0.202151717,Simulated Portfolio
0.36283485,0.224354032,1.528097567,0.559478973,0.321528309,0.000467995,0.118524723,Simulated Portfolio
0.313283107,0.222203638,1.319884364,0.199888073,0.353504293,0.436415387,0.010192248,Simulated Portfolio
0.198495746,0.193733887,0.921344987,0.339044726,0.096181066,0.159477226,0.405296982,Simulated Portfolio
0.379014332,0.23475777,1.529296909,0.198309189,0.452799083,0.313867142,0.035024586,Simulated Portfolio
0.259943951,0.194978589,1.230616924,0.302223577,0.218181002,0.233738319,0.245857101,Simulated Portfolio
0.316027947,0.217156249,1.363202523,0.559987369,0.253634469,0.11014209,0.076236072,Simulated Portfolio
0.199533356,0.230732365,0.778102179,0.672412302,0.030745281,0.103103224,0.193739194,Simulated Portfolio
0.250476954,0.19840474,1.16165044,0.412227482,0.183234013,0.245208822,0.159329683,Simulated Portfolio
0.289467714,0.209696961,1.285033947,0.098689009,0.290234549,0.101441646,0.509634796,Simulated Portfolio
0.231390626,0.195318469,1.08228693,0.202918064,0.188762568,0.250379733,0.357939635,Simulated Portfolio
0.245112843,0.206987373,1.087568001,0.079477618,0.235943517,0.259079615,0.42549925,Simulated Portfolio
0.324092036,0.217286559,1.399497687,0.09305835,0.357281189,0.151941011,0.39771945,Simulated Portfolio
0.368726762,0.217151894,1.605911677,0.308921467,0.395179504,0.149996865,0.145902164,Simulated Portfolio
0.338863258,0.21578022,1.477722368,0.440828776,0.327680055,0.217249303,0.014241865,Simulated Portfolio
0.420529782,0.24100778,1.661895655,0.214066526,0.504233679,0.168110603,0.113589192,Simulated Portfolio
0.29822629,0.207129549,1.343247698,0.29228612,0.297874672,0.330134281,0.079704927,Simulated Portfolio
0.211339344,0.197781929,0.967425814,0.391697831,0.094213544,0.037932241,0.476156384,Simulated Portfolio
0.375131543,0.223868702,1.586338507,0.228091359,0.426700066,0.197935017,0.147273558,Simulated Portfolio
0.290578687,0.216057547,1.25234545,0.160172047,0.319158846,0.417816353,0.102852754,Simulated Portfolio
0.411835415,0.253807107,1.543831534,0.044079134,0.523154299,0.194276013,0.238490554,Simulated Portfolio
0.343988004,0.215016557,1.506804907,0.364313331,0.353397718,0.241924966,0.040363985,Simulated Portfolio
0.233316941,0.20007553,1.066182064,0.333369905,0.184261934,0.381532089,0.100836072,Simulated Portfolio
0.317420343,0.201101559,1.478955925,0.330092197,0.293978201,0.079097736,0.296831867,Simulated Portfolio
0.193313691,0.193804866,0.894269037,0.283008346,0.113161979,0.290455608,0.313374067,Simulated Portfolio
0.328921389,0.208045874,1.484871501,0.345855185,0.326502602,0.207423443,0.12021877,Simulated Portfolio
0.405375032,0.243202073,1.58458778,0.107476392,0.498284677,0.176085744,0.218153187,Simulated Portfolio
0.236992563,0.213930549,1.014313123,0.043957583,0.242398329,0.375788642,0.337855446,Simulated Portfolio
0.20978886,0.206546125,0.918869136,0.075941227,0.184304782,0.332628567,0.407125424,Simulated Portfolio
0.319083948,0.225887889,1.324037107,0.039986032,0.3720955,0.266909466,0.321009002,Simulated Portfolio
0.181832737,0.209277798,0.773291473,0.05075235,0.137750453,0.310013004,0.501484193,Simulated Portfolio
0.214038385,0.194213211,0.999099824,0.342103085,0.113704154,0.086263732,0.45792903,Simulated Portfolio
0.263670254,0.213992973,1.138683435,0.090843844,0.28259279,0.39663431,0.229929056,Simulated Portfolio
0.314574046,0.220764814,1.334334222,0.216575305,0.351156286,0.423497729,0.008770679,Simulated Portfolio
0.318231336,0.204209021,1.460421951,0.422621382,0.279488679,0.086402466,0.211487472,Simulated Portfolio
0.383749436,0.229972749,1.581706695,0.537802208,0.370037339,0.069925478,0.022234974,Simulated Portfolio
0.305845268,0.199099608,1.435689759,0.326785037,0.268241748,0.026858289,0.378114926,Simulated Portfolio
0.371387042,0.229385057,1.531865439,0.227540938,0.432629931,0.30004557,0.039783561,Simulated Portfolio
0.251307435,0.206997772,1.11743925,0.155638451,0.250433559,0.404827454,0.189100536,Simulated Portfolio
0.26750749,0.200073965,1.237079942,0.364952451,0.226912027,0.29187508,0.116260442,Simulated Portfolio
0.150906563,0.198258522,0.660282149,0.310783746,0.029611545,0.248110837,0.411493872,Simulated Portfolio
0.300022071,0.220960828,1.267292824,0.129198939,0.341443549,0.420492192,0.10886532,Simulated Portfolio
0.217251974,0.208191547,0.94745429,0.262562241,0.185839349,0.518794444,0.032803966,Simulated Portfolio
0.312098028,0.200423208,1.457406213,0.32451971,0.276432715,0.001615843,0.397431732,Simulated Portfolio
0.067693249,0.246706478,0.193319807,0.006096896,0.006684972,0.794536898,0.192681234,Simulated Portfolio
0.223109218,0.19331486,1.050665315,0.353520072,0.130861953,0.115501352,0.400116623,Simulated Portfolio
0.37273526,0.220356435,1.600748625,0.424427695,0.378908987,0.131171292,0.065492025,Simulated Portfolio
0.17255624,0.207826346,0.734056308,0.343331252,0.093658116,0.517402238,0.045608394,Simulated Portfolio
0.180206068,0.195380444,0.819969825,0.249713485,0.100369065,0.322479817,0.327437633,Simulated Portfolio
0.420446321,0.238801458,1.676900654,0.274478721,0.493324921,0.16966612,0.062530239,Simulated Portfolio
0.17715609,0.201702186,0.779149164,0.373097458,0.082725947,0.405450774,0.138725821,Simulated Portfolio
0.255414998,0.205985443,1.142872013,0.103599604,0.251928,0.280010559,0.364461836,Simulated Portfolio
0.40708972,0.24440838,1.583782519,0.13376148,0.502792578,0.228374615,0.135071327,Simulated Portfolio
0.307200625,0.211752748,1.356301763,0.178851927,0.332127501,0.314822269,0.174198303,Simulated Portfolio
0.243613134,0.217573351,1.027759755,0.003814339,0.233700053,0.148244608,0.614240999,Simulated Portfolio
0.254299885,0.205596575,1.139609865,0.103347926,0.248822934,0.269889437,0.377939703,Simulated Portfolio
0.292399242,0.213646348,1.275000693,0.095928182,0.318385015,0.288670995,0.297015808,Simulated Portfolio
0.456446375,0.249700088,1.747882347,0.390124519,0.524244416,0.0831313,0.002499764,Simulated Portfolio
0.354220158,0.216367829,1.544685083,0.415933853,0.353853453,0.176416475,0.053796219,Simulated Portfolio
0.216138495,0.196105135,1.000170113,0.179463148,0.166032106,0.245568727,0.408936018,Simulated Portfolio
0.276861605,0.206192878,1.245734614,0.333750911,0.258508316,0.372715146,0.035025626,Simulated Portfolio
0.310862756,0.21703985,1.340135261,0.068911068,0.335448625,0.124494427,0.47114588,Simulated Portfolio
0.280760442,0.204451568,1.275414238,0.176445424,0.283898396,0.290806301,0.248849879,Simulated Portfolio
0.282541598,0.228349615,1.149735235,0.026203949,0.332343197,0.441126359,0.200326494,Simulated Portfolio
0.304390739,0.200541713,1.418112646,0.400133944,0.250587603,0.01160489,0.337673563,Simulated Portfolio
0.257421161,0.193398441,1.227627067,0.280136956,0.204271863,0.121393873,0.394197308,Simulated Portfolio
0.133044723,0.216919481,0.521136795,0.448493209,0.003538049,0.495351133,0.052617609,Simulated Portfolio
0.244164375,0.220410695,1.017030389,0.039258452,0.266076381,0.462135311,0.232529856,Simulated Portfolio
0.301608678,0.200655422,1.403444152,0.358134042,0.273604542,0.179291261,0.188970154,Simulated Portfolio
0.232102622,0.193400743,1.096700142,0.363477835,0.144680227,0.115960139,0.375881799,Simulated Portfolio
0.25733789,0.199177621,1.191589143,0.454435238,0.167896813,0.082968239,0.29469971,Simulated Portfolio
0.307236972,0.200344783,1.433713261,0.298982376,0.290832132,0.152431241,0.257754251,Simulated Portfolio
0.326557354,0.221572912,1.383550687,0.185758286,0.371757425,0.375980735,0.066503554,Simulated Portfolio
0.306144703,0.212987857,1.343478955,0.216035887,0.329275516,0.362234689,0.092453908,Simulated Portfolio
0.311230065,0.206875922,1.40775235,0.254312635,0.319961431,0.269528124,0.15619781,Simulated Portfolio
0.221157049,0.193705728,1.038467222,0.319784925,0.153076899,0.277047928,0.250090247,Simulated Portfolio
0.305351556,0.20316441,1.404535154,0.252234131,0.304557113,0.223042385,0.220166371,Simulated Portfolio
0.1349186,0.210802546,0.545148068,0.087330434,0.044441305,0.264674263,0.603553999,Simulated Portfolio
0.224498449,0.20659893,0.989833053,0.390400551,0.165747116,0.44032804,0.003524293,Simulated Portfolio
0.368310168,0.215924994,1.61310722,0.370653922,0.378567278,0.111018093,0.139760707,Simulated Portfolio
0.265241614,0.193840787,1.265170338,0.300255026,0.217322986,0.147605915,0.334816073,Simulated Portfolio
0.187837284,0.201573484,0.832635726,0.118279651,0.131782836,0.275842231,0.474095283,Simulated Portfolio
0.368764832,0.233148368,1.495892229,0.060253419,0.435168652,0.107230378,0.397347551,Simulated Portfolio
0.193748326,0.222548098,0.780722586,0.062747063,0.191461196,0.602431561,0.143360179,Simulated Portfolio
0.333689225,0.218619597,1.434863252,0.100860668,0.370989275,0.139576914,0.388573144,Simulated Portfolio
0.452326061,0.257177316,1.681042742,0.15858006,0.565827534,0.139030208,0.136562199,Simulated Portfolio
0.239875156,0.196300648,1.120093885,0.329337459,0.187494016,0.30812074,0.175047785,Simulated Portfolio
0.128770113,0.20612156,0.527698862,0.333398188,0.0110981,0.446374786,0.209128927,Simulated Portfolio
0.293620353,0.206442007,1.325410252,0.171137098,0.304390184,0.268149566,0.256323153,Simulated Portfolio
0.187799565,0.193664228,0.866445842,0.307190981,0.093746158,0.244952506,0.354110356,Simulated Portfolio
0.174520435,0.201075859,0.768468356,0.24222242,0.107621889,0.4529953,0.197160391,Simulated Portfolio
0.210908388,0.192280905,0.992861915,0.296738126,0.127573913,0.178023395,0.397664567,Simulated Portfolio
0.378830339,0.225021486,1.59464923,0.44042622,0.390264998,0.161901701,0.007407081,Simulated Portfolio
0.376280502,0.24363943,1.462326937,0.034688708,0.469127219,0.242530964,0.25365311,Simulated Portfolio
0.216220681,0.20200168,0.971381435,0.398382771,0.142553164,0.378810208,0.080253857,Simulated Portfolio
0.194587637,0.21322084,0.818811318,0.017631463,0.162646697,0.283576316,0.536145524,Simulated Portfolio
0.183051825,0.197584214,0.825226985,0.290774521,0.068837169,0.081848218,0.558540092,Simulated Portfolio
0.23801448,0.208104474,1.047620343,0.084798145,0.233186852,0.346125208,0.335889795,Simulated Portfolio
0.388676152,0.221244256,1.666376151,0.260681177,0.423963619,0.029783657,0.285571547,Simulated Portfolio
0.256536546,0.204809433,1.15491041,0.296598409,0.234927255,0.413085618,0.055388718,Simulated Portfolio
0.31339782,0.207800412,1.411921265,0.469469537,0.268351789,0.133867341,0.128311332,Simulated Portfolio
0.293440592,0.202705601,1.348954301,0.205424431,0.293094676,0.228601438,0.272879455,Simulated Portfolio
0.381092954,0.217915859,1.657029256,0.37483469,0.391564081,0.041575444,0.192025786,Simulated Portfolio
0.305834759,0.210814615,1.355858364,0.248205938,0.321114677,0.347369747,0.083309638,Simulated Portfolio
0.255567506,0.195378909,1.205695679,0.261996328,0.220175001,0.252625163,0.265203508,Simulated Portfolio
0.308452034,0.209121917,1.37934865,0.301055449,0.312894253,0.321077079,0.064973219,Simulated Portfolio
0.291317453,0.20195839,1.343432441,0.19238955,0.268803614,0.038025658,0.500781179,Simulated Portfolio
0.180079618,0.204445403,0.782994461,0.185696315,0.13139269,0.485341415,0.197569579,Simulated Portfolio
0.313925252,0.2204052,1.333567684,0.132201455,0.358384758,0.365906049,0.143507737,Simulated Portfolio
0.158953748,0.199109254,0.697876897,0.188875552,0.074613526,0.322517546,0.413993375,Simulated Portfolio
0.111807882,0.214342775,0.42832273,0.143718542,0.028750508,0.551113807,0.276417144,Simulated Portfolio
0.435333184,0.24469018,1.697383952,0.524138585,0.455520983,0.017774883,0.002565549,Simulated Portfolio
0.245552214,0.193961131,1.16287327,0.288146921,0.197587062,0.248394461,0.265871556,Simulated Portfolio
0.240833245,0.192397828,1.147794899,0.313680711,0.176377848,0.178633449,0.331307992,Simulated Portfolio
0.211901965,0.192663558,0.996047033,0.276727551,0.141499224,0.249163304,0.332609921,Simulated Portfolio
0.178103239,0.201366867,0.785150218,0.433427409,0.04078539,0.134722874,0.391064328,Simulated Portfolio
0.324727027,0.23771383,1.281907017,0.055790781,0.400999264,0.449370835,0.09383912,Simulated Portfolio
0.178514353,0.200191291,0.791814431,0.351815117,0.088298758,0.400171074,0.15971505,Simulated Portfolio
0.29599448,0.199974838,1.380146037,0.233872563,0.284248922,0.161345192,0.320533324,Simulated Portfolio
0.376040639,0.215556179,1.651730142,0.371278437,0.378796141,0.002871465,0.247053956,Simulated Portfolio
0.204317873,0.201335793,0.915474938,0.260572563,0.155477589,0.449686707,0.134263141,Simulated Portfolio
0.324726677,0.213828797,1.42509653,0.140792225,0.355844928,0.202685764,0.300677083,Simulated Portfolio
0.255026852,0.204678016,1.148275993,0.130814871,0.250840525,0.317482093,0.300862511,Simulated Portfolio
0.389037458,0.255183221,1.44616663,0.05194273,0.503374788,0.369358948,0.075323534,Simulated Portfolio
0.211100725,0.200608965,0.952603115,0.383658394,0.136010878,0.375918828,0.1044119,Simulated Portfolio
0.203836128,0.193464534,0.950231676,0.316823628,0.123173296,0.273259145,0.286743931,Simulated Portfolio
0.187888368,0.198243108,0.846881235,0.381363644,0.061370986,0.086691035,0.470574335,Simulated Portfolio
0.346201582,0.21307895,1.530895384,0.291170352,0.366909906,0.212239063,0.12968068,Simulated Portfolio
0.203016196,0.199412049,0.917779025,0.414383671,0.108666523,0.311399318,0.165550488,Simulated Portfolio
0.356101932,0.225343306,1.49151061,0.57845997,0.308611168,0.018539139,0.094389723,Simulated Portfolio
0.115141534,0.207244549,0.459078584,0.170468357,0.00970364,0.385505939,0.434322064,Simulated Portfolio
0.289045531,0.207059904,1.299360844,0.224930047,0.29603087,0.345377899,0.133661183,Simulated Portfolio
0.266008629,0.211605893,1.162579288,0.205852706,0.273310658,0.458996821,0.061839815,Simulated Portfolio
0.254657454,0.215130773,1.090766564,0.593381129,0.138006774,0.082460704,0.186151393,Simulated Portfolio
0.200220334,0.194867287,0.924836267,0.345564269,0.091633411,0.10680384,0.455998481,Simulated Portfolio
0.270326835,0.203823851,1.228152806,0.127182051,0.262153847,0.186191189,0.424472913,Simulated Portfolio
0.252439872,0.201693546,1.152440799,0.140895461,0.217340711,0.091946363,0.549817466,Simulated Portfolio
0.218797189,0.197348945,1.007338496,0.166057321,0.175915151,0.26920864,0.388818889,Simulated Portfolio
0.347498993,0.224810777,1.456776216,0.206048128,0.400199412,0.341719582,0.052032878,Simulated Portfolio
0.302120532,0.215907476,1.30667329,0.549499119,0.239423513,0.176177723,0.034899646,Simulated Portfolio
0.291080583,0.218885111,1.23846059,0.068499737,0.327296149,0.340268813,0.263935301,Simulated Portfolio
0.216127931,0.207944113,0.943176165,0.521763132,0.103969361,0.245647319,0.128620189,Simulated Portfolio
0.271544916,0.211887585,1.187162131,0.088507684,0.288216748,0.326710672,0.296564896,Simulated Portfolio
0.217389914,0.214013201,0.922325882,0.036451023,0.21296055,0.401787374,0.348801053,Simulated Portfolio
0.333271809,0.205197353,1.526685428,0.318143644,0.327351711,0.110343874,0.244160771,Simulated Portfolio
0.274677233,0.211436914,1.204506953,0.097820949,0.291753342,0.325074463,0.285351247,Simulated Portfolio
0.235288203,0.196069968,1.098017231,0.269939679,0.192214431,0.323818586,0.214027305,Simulated Portfolio
0.167208223,0.207417994,0.70971771,0.485952765,0.027809064,0.262490793,0.223747378,Simulated Portfolio
0.315943791,0.219178735,1.350239522,0.090485444,0.35796459,0.270721985,0.280827981,Simulated Portfolio
0.153556093,0.200713403,0.665406947,0.312329758,0.053236735,0.408333485,0.226100022,Simulated Portfolio
0.262643997,0.194374925,1.248329726,0.356645462,0.203336893,0.153687557,0.286330088,Simulated Portfolio
0.315579931,0.218083173,1.355354135,0.079332683,0.351973755,0.209492394,0.359201168,Simulated Portfolio
0.249335392,0.194900282,1.176680659,0.388153745,0.176706078,0.171263302,0.263876875,Simulated Portfolio
0.309864308,0.203461011,1.424667591,0.275385991,0.307482534,0.21732526,0.199806214,Simulated Portfolio
0.22398854,0.192994706,1.056964432,0.292018147,0.141946602,0.102340297,0.463694954,Simulated Portfolio
0.283440666,0.195975782,1.344251129,0.299823257,0.248290536,0.142510091,0.309376115,Simulated Portfolio
0.159703318,0.245614607,0.568790757,0.013515761,0.166220845,0.807852724,0.01241067,Simulated Portfolio
0.412219201,0.254353095,1.542026455,0.015499457,0.518133435,0.104155901,0.362211206,Simulated Portfolio
0.357314853,0.215166229,1.567694214,0.265703527,0.386198001,0.174367095,0.173731378,Simulated Portfolio
0.221565655,0.197010365,1.023122082,0.301399469,0.124134022,0.003500153,0.570966356,Simulated Portfolio
0.374534326,0.221539789,1.600318966,0.21122207,0.420954551,0.133495446,0.234327932,Simulated Portfolio
0.169303884,0.213219493,0.700235621,0.534862146,0.022524671,0.262112906,0.180500276,Simulated Portfolio
0.223647628,0.203918068,0.998673782,0.12958303,0.204184994,0.37919081,0.287041166,Simulated Portfolio
0.372608502,0.221261996,1.593624338,0.201860561,0.418726229,0.128588128,0.250825082,Simulated Portfolio
0.274529946,0.202026431,1.259884389,0.383667025,0.235519702,0.290581577,0.090231697,Simulated Portfolio
0.295936761,0.202105077,1.365313357,0.39193742,0.261348254,0.209896204,0.136818122,Simulated Portfolio
0.36236327,0.213721726,1.601911406,0.428674967,0.346122351,0.014546634,0.210656048,Simulated Portfolio
0.163684762,0.198518596,0.723784897,0.359600328,0.05095959,0.315105288,0.274334795,Simulated Portfolio
0.274294925,0.195949274,1.297758956,0.276855256,0.224025008,0.038032706,0.46108703,Simulated Portfolio
0.356291873,0.213104967,1.578057413,0.436507077,0.33822376,0.047979792,0.177289371,Simulated Portfolio
0.281882495,0.195605541,1.338829634,0.291336466,0.241728597,0.097698607,0.36923633,Simulated Portfolio
0.329099545,0.214976368,1.437830347,0.29641356,0.349344116,0.319967497,0.034274828,Simulated Portfolio
0.257977199,0.194295268,1.224822412,0.309409043,0.190925028,0.046728954,0.452936974,Simulated Portfolio
0.214768461,0.195190082,0.997839949,0.280956371,0.15591597,0.333933991,0.229193669,Simulated Portfolio
0.273995002,0.204209902,1.243793757,0.174996333,0.274839408,0.310625528,0.239538732,Simulated Portfolio
0.325484693,0.218930486,1.39535018,0.251007604,0.358055504,0.375845235,0.015091656,Simulated Portfolio
0.168662323,0.209366623,0.710057415,0.486922858,0.008091698,0.079546453,0.425438991,Simulated Portfolio
0.291746905,0.20558207,1.321841471,0.393647731,0.263057034,0.286791794,0.056503441,Simulated Portfolio
0.376142285,0.236689578,1.504680891,0.184462172,0.453707529,0.34181541,0.020014889,Simulated Portfolio
0.128059582,0.218464164,0.494632988,0.019632326,0.05774709,0.371714998,0.550905586,Simulated Portfolio
0.221672547,0.197231344,1.022517731,0.301596777,0.167766087,0.364126721,0.166510415,Simulated Portfolio
0.146306757,0.205696078,0.614045527,0.117867169,0.071102158,0.368203386,0.442827286,Simulated Portfolio
0.246245318,0.202710744,1.116099293,0.453854944,0.1719662,0.275097604,0.099081252,Simulated Portfolio
0.256545593,0.216790369,1.091125933,0.016051369,0.252174802,0.13419732,0.597576508,Simulated Portfolio
0.384923814,0.246495536,1.480447963,0.021992196,0.48125581,0.199941803,0.296810192,Simulated Portfolio
0.189618423,0.195826716,0.8661659,0.380570856,0.081203967,0.225147012,0.313078166,Simulated Portfolio
0.192722041,0.195305694,0.88436767,0.311249478,0.112011338,0.331867287,0.244871897,Simulated Portfolio
0.330867497,0.206143027,1.508018497,0.240039887,0.335599236,0.09583417,0.328526707,Simulated Portfolio
0.301413343,0.200655107,1.402472869,0.26201452,0.291372629,0.184940604,0.261672247,Simulated Portfolio
0.266210182,0.196289065,1.254324493,0.217976225,0.234907073,0.155828989,0.391287713,Simulated Portfolio
0.194603051,0.206722716,0.844624404,0.450154076,0.097229396,0.391110281,0.061506246,Simulated Portfolio
0.238921654,0.203332535,1.076668103,0.182740153,0.223612518,0.400951605,0.192695724,Simulated Portfolio
0.42280457,0.2377178,1.694465331,0.500043383,0.437367643,0.0108612,0.051727774,Simulated Portfolio
0.229785888,0.203844457,1.029146884,0.107243521,0.210715923,0.311643126,0.37039743,Simulated Portfolio
0.266040495,0.215571994,1.141337934,0.56997436,0.17805812,0.216014015,0.035953504,Simulated Portfolio
0.108128637,0.209857318,0.419945503,0.162374699,0.005835013,0.44193423,0.389856059,Simulated Portfolio
0.253428931,0.197131961,1.184125245,0.387309805,0.192796174,0.24466887,0.175225151,Simulated Portfolio
0.262887151,0.197300994,1.231048796,0.22321966,0.239307604,0.247916077,0.289556659,Simulated Portfolio
0.191319815,0.212166771,0.80747713,0.036449002,0.165731621,0.384368371,0.413451006,Simulated Portfolio
0.266866613,0.206969076,1.192770526,0.123053061,0.27202402,0.311519192,0.293403727,Simulated Portfolio
0.208920705,0.19278161,0.979972648,0.281581963,0.136357207,0.256617267,0.325443562,Simulated Portfolio
0.374736101,0.220381549,1.60964519,0.422865072,0.381267425,0.119656338,0.076211164,Simulated Portfolio
0.128426356,0.206191837,0.525851835,0.176548218,0.039346216,0.449763505,0.334342061,Simulated Portfolio
0.156905145,0.201952416,0.677907932,0.393972634,0.035920891,0.33939242,0.230714055,Simulated Portfolio
0.413277768,0.228497157,1.721149501,0.374243677,0.444350602,0.016408131,0.16499759,Simulated Portfolio
0.246276089,0.213817559,1.058267105,0.571852458,0.141530013,0.199640878,0.086976652,Simulated Portfolio
0.22055034,0.197714663,1.014342272,0.425073818,0.128113059,0.237021058,0.209792065,Simulated Portfolio
0.245416531,0.194264848,1.160356764,0.263193713,0.20216864,0.250822869,0.283814778,Simulated Portfolio
0.264795036,0.196739429,1.24426017,0.251352509,0.237895914,0.251114983,0.259636595,Simulated Portfolio
0.404953316,0.231709805,1.661359635,0.301663164,0.461310752,0.167454545,0.069571539,Simulated Portfolio
0.306121176,0.205837503,1.390034233,0.479003111,0.245867686,0.066196346,0.208932857,Simulated Portfolio
0.250333382,0.197226796,1.167860484,0.338328313,0.202986253,0.299978936,0.158706498,Simulated Portfolio
0.336359543,0.208084564,1.520341234,0.421058627,0.311142599,0.086315766,0.181483008,Simulated Portfolio
0.33121083,0.211382273,1.47226551,0.305096021,0.344329795,0.261124075,0.08945011,Simulated Portfolio
0.230391805,0.194081301,1.084039545,0.383259179,0.139627259,0.128355922,0.34875764,Simulated Portfolio
0.374503346,0.221926311,1.597392147,0.252528945,0.41944582,0.183532253,0.144492982,Simulated Portfolio
0.17680548,0.208341467,0.75263692,0.438094273,0.073316182,0.430166576,0.058422969,Simulated Portfolio
0.298860151,0.209683239,1.329911503,0.113974227,0.300634277,0.075829594,0.509561902,Simulated Portfolio
0.41020243,0.244460576,1.59617733,0.103020174,0.504449232,0.151206591,0.241324003,Simulated Portfolio
0.259516803,0.199148972,1.202701678,0.219576055,0.240826437,0.303421338,0.23617617,Simulated Portfolio
0.225640518,0.20766769,0.990238386,0.085430372,0.214258308,0.367739668,0.332571652,Simulated Portfolio
0.444588484,0.267981168,1.584396718,0.004479871,0.572204822,0.071317006,0.3519983,Simulated Portfolio
0.188091113,0.197263368,0.852115196,0.267551219,0.11863839,0.387613439,0.226196952,Simulated Portfolio
0.198900179,0.205736456,0.869559936,0.129151031,0.169381919,0.445190905,0.256276145,Simulated Portfolio
0.241616034,0.198579657,1.116005729,0.447621993,0.14026323,0.069257362,0.342857415,Simulated Portfolio
0.308723696,0.216152818,1.335738755,0.080922632,0.318235356,0.030504496,0.570337516,Simulated Portfolio
0.257825392,0.196816579,1.208360558,0.262157406,0.227698832,0.282850911,0.227292851,Simulated Portfolio
0.319189191,0.212478022,1.408094766,0.304500367,0.331398912,0.325576128,0.038524593,Simulated Portfolio
0.171575281,0.195662377,0.774677708,0.325367313,0.065031552,0.267061066,0.342540069,Simulated Portfolio
0.277952388,0.204785858,1.259620122,0.127522884,0.274289923,0.177877337,0.420309855,Simulated Portfolio
0.245066276,0.220593818,1.020274631,0.001276494,0.263939916,0.374362388,0.360421202,Simulated Portfolio
0.263804754,0.196023846,1.243750492,0.346367967,0.188786788,0.000898831,0.463946413,Simulated Portfolio
0.219897715,0.192590383,1.037942353,0.335964889,0.139217374,0.204509679,0.320308058,Simulated Portfolio
