Price,Close,High,Low,Open,Volume
Ticker,IRFC.NS,IRFC.NS,IRFC.NS,IRFC.NS,IRFC.NS
Date,,,,,
2021-03-16,21.293066024780273,21.50989969775893,21.249699951908397,21.37979982483366,9649363
2021-03-17,20.946130752563477,21.33643199348154,20.902764683265694,21.293064269874254,14312130
2021-03-18,20.85940170288086,21.336436845177083,20.729301811094572,20.989503248977027,16168159
2021-03-19,20.772666931152344,20.902766806570757,20.38236565058744,20.816033004855257,15260549
2021-03-22,20.729297637939453,21.249698754629012,20.685931567510966,20.81603143310597,13817385
2021-03-23,20.642566680908203,20.90276810218271,20.59920060451734,20.729300487999705,13742805
2021-03-24,20.339000701904297,20.72930034974834,20.295632971492893,20.642566543235297,16788250
2021-03-25,19.905330657958984,20.42573011872665,19.86196293335532,20.3389979781384,19233029
2021-03-26,19.992067337036133,20.208901046350235,19.861967442309655,20.122168886072526,16323314
2021-03-30,19.905330657958984,20.208896458636943,19.86196293335532,20.078796593445027,14301425
2021-03-31,19.861967086791992,20.03543471286227,19.861967086791992,19.905334820464503,11770453
2021-04-01,19.818601608276367,20.122169135947765,19.68850171193432,19.948701504618413,18367745
2021-04-05,19.515033721923828,19.861967323896046,19.341566093782763,19.818601244015735,20106460
2021-04-06,19.081361770629883,19.515029083598744,18.994627977174208,19.515029083598744,25085603
2021-04-07,19.211463928222656,19.34156380679018,18.994630245840213,19.081364049655132,14507382
2021-04-08,19.038000106811523,19.384933706611733,18.994632372892813,19.168099999947863,18025782
2021-04-09,19.038000106811523,19.124732266029152,18.994632372892813,19.08136618642034,16396258
2021-04-12,18.083932876586914,18.951267770866288,18.04056513928693,18.951267770866288,25942981
2021-04-13,18.60433006286621,18.647696136343146,18.04056118180811,18.083928909594704,14831755
2021-04-15,18.300764083862305,18.51759777761823,18.127296467133643,18.474230046281168,18166238
2021-04-16,18.864532470703125,19.08136617726293,18.257397430611707,18.43086505758351,22174311
2021-04-19,18.344131469726562,18.517599098831983,18.127297760499747,18.387499204157876,10477070
2021-04-20,18.430862426757812,18.777795976870145,18.300762552254394,18.344128625652314,12199610
2021-04-22,18.257396697998047,18.474230395856978,18.214030620150194,18.344130508003584,8974995
2021-04-23,18.300764083862305,18.64769766300983,18.214030275497972,18.300764083862305,15602661
2021-04-26,18.21402931213379,18.51759679819796,18.170663237400213,18.300763115910655,12051423
2021-04-27,18.387496948242188,18.647696705667148,18.257395415219996,18.30076314433063,14181276
2021-04-28,18.344131469726562,18.517599098831983,18.300765389605168,18.47423136440067,14514238
2021-04-29,18.344131469726562,18.47423136440067,18.300765389605168,18.47423136440067,9521946
2021-04-30,18.474227905273438,18.560961703586052,18.214028164645207,18.25739423664671,11713860
2021-05-03,18.257396697998047,18.430864318009125,18.170664542302337,18.344130508003584,17512189
2021-05-04,18.170663833618164,18.344129792553968,18.127296103151888,18.344129792553968,26418223
2021-05-05,18.21402931213379,18.387496919687518,18.170663237400213,18.21402931213379,9381211
2021-05-06,18.300764083862305,18.34413016088957,18.214030275497972,18.300764083862305,7525053
2021-05-07,18.300764083862305,18.34413016088957,18.214030275497972,18.300764083862305,8322642
2021-05-10,19.55839729309082,19.68849882466373,18.30076294046682,18.344129014784663,51346170
2021-05-11,19.905330657958984,20.0354305231509,19.254829677689862,19.38492954288178,33120701
2021-05-12,20.29563331604004,20.642566893672132,19.948699738407946,19.948699738407946,34159626
2021-05-14,19.992067337036133,20.685936199427207,19.94870125689728,20.55583630470073,18230175
2021-05-17,19.992067337036133,20.339002595386628,19.94870125689728,20.078801151623757,13816130
2021-05-18,20.035432815551758,20.165532695629356,19.861965205908472,20.165532695629356,9997457
2021-05-19,20.035432815551758,20.42573245578455,19.99206508598607,20.035432815551758,19146895
2021-05-20,20.035432815551758,20.512466260606192,19.90533293547416,20.1221666203734,21995952
2021-05-21,20.252267837524414,20.29563391564344,20.07880021642864,20.122167948857502,14712804
2021-05-24,20.8160343170166,20.946134200636,20.555834549777803,20.6859344333972,32823856
2021-05-25,20.772666931152344,21.032866681989166,20.685933129436847,20.989500608286253,15738661
2021-05-26,20.68593406677246,20.90276775373169,20.64256633679477,20.90276775373169,10671045
2021-05-27,20.51246452331543,20.772665915742756,20.425730725839653,20.68593211826698,10133530
2021-05-28,20.339000701904297,20.59920046713366,20.20889916497985,20.512466660620618,10532654
2021-05-31,20.599201202392578,20.77266882161034,20.252267618266877,20.339001427875758,19396582
2021-06-01,20.469099044799805,20.729298790456514,20.382365244811023,20.642564990467733,11780039
2021-06-02,20.38236427307129,20.816031598030253,20.338998202299216,20.425730343843362,12961145
2021-06-03,20.469099044799805,20.555832844788586,20.425731317650595,20.469099044799805,10748652
2021-06-04,20.55583381652832,20.772667499595876,20.339000133460765,20.425732283240013,21328589
2021-06-07,21.42316436767578,21.553264221263003,20.729295724694936,20.816029511856215,42832019
2021-06-08,21.466533660888672,21.683367334230983,21.16296618734751,21.640001261286375,25856634
2021-06-09,21.076234817504883,21.640003756652284,20.989502661614356,21.553269946451927,28032813
2021-06-10,21.249698638916016,21.42316622830445,21.07623104952758,21.249698638916016,17127778
2021-06-11,21.20633316040039,21.466532897433325,21.11959936328622,21.336433028916858,15835535
2021-06-14,21.42316436767578,21.509896500527667,20.989497086178776,21.42316436767578,18111116
2021-06-15,21.856840133666992,22.203773762677095,21.509904850346853,21.68337249200692,54064001
2021-06-16,21.640003204345703,22.117036666807838,21.55326939635901,21.94356905083445,27411596
2021-06-17,21.42316436767578,21.90019771559873,21.293062859779162,21.596630287688946,24326370
2021-06-18,21.293066024780273,21.85683489797249,20.989500206057862,21.68336729786571,78058672
2021-06-21,21.596635818481445,21.640003550323044,21.076234616550966,21.249702235297732,14319848
2021-06-22,21.640003204345703,21.94356905083445,21.596635473197463,21.856836897157546,19440926
2021-06-23,21.553268432617188,21.77010211573344,21.423168553609383,21.77010211573344,13104410
2021-06-24,21.42316436767578,21.683364074850225,21.379796646940445,21.639998008424282,8410959
2021-06-25,21.42316436767578,21.553264221263003,21.3364305805145,21.42316436767578,8120462
2021-06-28,21.466533660888672,21.770101134429833,21.423167587944068,21.683367334230983,14044388
2021-06-29,21.94356918334961,22.941005499755335,21.423169640906377,21.59663560361752,100006129
2021-06-30,21.553268432617188,22.07366960295813,21.33643474950094,22.030301873749053,34846415
2021-07-01,21.032867431640625,21.683368486227447,20.98950135639206,21.640002410978884,23822346
2021-07-02,21.119604110717773,21.33643782509001,21.032870294106885,21.206337927328658,14428073
2021-07-05,21.119604110717773,21.379803906240472,21.032870294106885,21.249704008479124,20315538
2021-07-06,20.85940170288086,21.2497030325496,20.599201919308285,21.119603140763314,17324102
2021-07-07,20.642566680908203,21.119601792756573,20.512466797425837,20.68593441160884,16098633
2021-07-08,20.642566680908203,20.989501909274207,20.555834528126475,20.68593441160884,14740358
2021-07-09,20.55583381652832,20.729299770396537,20.512466087328978,20.68593369550691,8652360
2021-07-12,20.68593406677246,20.81603394808605,20.51246645548118,20.772667872418104,13596595
2021-07-13,20.55583381652832,20.859399649375128,20.55583381652832,20.772667499595876,13753544
2021-07-14,20.38236427307129,20.685931731404477,20.338998202299216,20.642564006322843,15287631
2021-07-15,20.122169494628906,20.469103109161825,20.122169494628906,20.425735373401483,13068468
2021-07-16,20.208898544311523,20.425732226779715,20.16553246954177,20.252266273390987,16212009
2021-07-19,20.252267837524414,20.339001648072305,20.07880021642864,20.165534026976527,9181862
2021-07-20,20.16553497314453,20.33900260237942,20.122168892990768,20.252268787761974,7502994
2021-07-22,20.425731658935547,20.51246546037353,20.208897982495426,20.29563178393341,9446372
2021-07-23,20.208898544311523,20.46909995585918,20.16553246954177,20.46909995585918,6701681
2021-07-26,20.16553497314453,20.295634867915737,20.122168892990768,20.16553497314453,7567068
2021-07-27,20.035432815551758,20.252266500450997,19.948699010730113,20.165532695629356,8964578
2021-07-28,19.948698043823242,20.035431844440925,19.81859817005154,19.992064116977257,8776723
2021-07-29,19.818601608276367,20.03543532028309,19.818601608276367,19.948701504618413,6718597
2021-07-30,19.948698043823242,20.122165645058608,19.81859817005154,19.905331970669224,7024120
2021-08-02,20.208898544311523,20.642565909247907,20.035432590922795,20.07879866569255,18872464
2021-08-03,20.425731658935547,20.59919926181151,20.165531908931268,20.25226571036925,11062324
2021-08-04,20.469099044799805,20.555832844788586,20.12216549915431,20.512465117639376,15813294
2021-08-05,20.51246452331543,20.642564392374297,20.12216491613882,20.469098451732336,10469724
2021-08-06,20.425731658935547,20.469099386809372,20.208897982495426,20.38236558537139,8223906
2021-08-09,20.425731658935547,20.51246546037353,20.25226571036925,20.425731658935547,7670837
2021-08-10,19.992067337036133,20.425734755664337,19.94870125689728,20.425734755664337,7343285
2021-08-11,19.992067337036133,20.122168886072526,19.775233627722034,19.992067337036133,8655301
2021-08-12,20.772666931152344,20.902766806570757,19.992064370022536,20.078798171738033,13674855
2021-08-13,20.642566680908203,20.946134178573573,20.555834528126475,20.816034295091207,9734894
2021-08-16,20.599201202392578,21.03286859612716,20.512467392783698,21.03286859612716,9160653
2021-08-17,20.252267837524414,20.59920142540613,20.165534026976527,20.59920142540613,7973831
2021-08-18,20.339000701904297,20.72930034974834,20.03543320626353,20.252266895391255,7908641
2021-08-20,19.948698043823242,20.252265518830306,19.905331970669224,20.208897791366642,9048947
2021-08-23,19.73186492919922,20.208898364664773,19.55839732304282,20.07879848720232,9143940
2021-08-24,19.905330657958984,19.992062798547234,19.601763202971487,19.601763202971487,8233304
2021-08-25,19.992067337036133,20.165534966211382,19.94870125689728,19.94870125689728,3960870
2021-08-26,19.861967086791992,20.122168525897408,19.818601007429365,20.03543471286227,4388277
2021-08-27,19.818601608276367,19.948701504618413,19.73186779261169,19.818601608276367,6665003
2021-08-30,19.948698043823242,20.07879791759494,19.86196424320556,19.86196424320556,6514245
2021-08-31,19.905330657958984,20.25226418324061,19.818596863061195,19.94869672825311,12755814
2021-09-01,19.992067337036133,20.078801151623757,19.905335176758427,19.992067337036133,5746286
2021-09-02,19.948698043823242,20.07879791759494,19.905331970669224,20.035431844440925,4622547
2021-09-03,19.992067337036133,20.078801151623757,19.94870125689728,19.94870125689728,4485349
2021-09-06,19.992067337036133,20.078801151623757,19.94870125689728,20.035435071484905,3775722
2021-09-07,19.948698043823242,20.07879791759494,19.905331970669224,20.035431844440925,5302631
2021-09-08,19.948698043823242,20.07879791759494,19.948698043823242,19.992064116977257,3914433
2021-09-09,19.992067337036133,20.035435071484905,19.94870125689728,19.992067337036133,3847580
2021-09-13,19.905330657958984,20.078796593445027,19.86196293335532,20.0354305231509,8635952
2021-09-14,19.905330657958984,20.0354305231509,19.86196293335532,20.0354305231509,11404677
2021-09-15,19.818601608276367,19.948701504618413,19.77523387328906,19.905335423941043,17256868
2021-09-16,19.775230407714844,19.905331935566764,19.68849826155976,19.861964208179575,22286215
2021-09-17,19.775230407714844,19.905331935566764,19.68849826155976,19.861964208179575,24880477
2021-09-20,19.645132064819336,19.861965755720895,19.601765988362935,19.731865872041915,10239638
2021-09-21,19.42829704284668,19.73186452017281,19.384930969361374,19.688498446687504,10140120
2021-09-22,19.384931564331055,19.601765247032052,19.34156383520503,19.471665368273396,9723023
2021-09-23,19.42829704284668,19.515030844126954,19.384930969361374,19.47166477064165,8459264
2021-09-24,19.341564178466797,19.55839786501602,19.29819810288085,19.471665713844125,10388205
2021-09-27,19.471664428710938,19.515030501434715,19.384930628953747,19.428296701677525,8668665
2021-09-28,19.384931564331055,19.51503144308971,19.34156383520503,19.42829763914737,11350575
2021-09-29,19.645132064819336,19.861965755720895,19.384932297461376,19.515032181140356,22206444
2021-09-30,19.818601608276367,19.992067585295782,19.68850171193432,19.861967688953737,14638191
2021-10-01,20.729297637939453,20.81603143310597,19.731863129298368,19.818596924464885,35110359
2021-10-04,20.68593406677246,21.29306739767246,20.64256633679477,20.98950155937733,28542026
2021-10-05,20.469099044799805,20.772666517605725,20.425731317650595,20.642564990467733,13352924
2021-10-06,20.51246452331543,20.9894995822774,20.425730725839653,20.469098451732336,40508684
2021-10-07,20.425731658935547,20.72929913681365,20.38236558537139,20.685933063249493,9134428
2021-10-08,20.469099044799805,20.642564990467733,20.425731317650595,20.512465117639376,7914906
2021-10-11,20.425731658935547,20.642565335375668,20.425731658935547,20.59919926181151,7353291
2021-10-12,20.339000701904297,20.512466660620618,20.295632971492893,20.425732854107576,8386488
2021-10-13,20.51246452331543,20.902765784801623,20.295630856780786,20.38236465425656,13948613
2021-10-14,20.469099044799805,20.685932717616943,20.469099044799805,20.555832844788586,12702200
2021-10-18,21.119604110717773,21.46653772285136,20.555836784211948,20.64256894651288,43875005
2021-10-19,20.68593406677246,21.33643512765015,20.51246645548118,21.20633524633656,23602125
2021-10-20,20.425731658935547,20.772666864687473,20.29563178393341,20.72929913681365,12927201
2021-10-21,20.989501953125,21.119601836879166,20.469100763798554,20.512466840280016,25331808
2021-10-22,22.377235412597656,22.680802899506595,20.946133436380897,21.16296711927161,115092468
2021-10-25,21.640003204345703,22.897637630068512,21.336435703547167,22.72417166840491,53319421
2021-10-26,21.596635818481445,22.030303211038543,21.336436044671114,21.68336962785483,24445799
2021-10-27,21.553268432617188,21.94356806964061,21.50990070340811,21.683368311624996,18162921
2021-10-28,20.946130752563477,21.63999944149453,20.859396959658408,21.553265648589463,17364266
2021-10-29,20.989501953125,21.119601836879166,20.16553326549898,20.685934454825425,16105471
2021-11-01,21.336435317993164,21.943568654309416,21.249701511573768,21.336435317993164,22482750
2021-11-02,21.293066024780273,21.553267424940444,21.20633387903652,21.50989969775893,12204586
2021-11-03,21.726734161376953,21.856835693346277,21.293066799638414,21.423168331607734,19662155
2021-11-04,21.94356918334961,22.117036800370553,21.856837029148938,21.94356918334961,9910868
2021-11-08,22.030302047729492,22.24713573255815,21.726734558107427,22.1170358525229,22364054
2021-11-09,22.420602798461914,22.550702675342336,21.986935439320714,22.290502921581492,27949534
2021-11-10,22.1702938079834,22.572578059398836,22.08089882331333,22.483181369628735,18408557
2021-11-11,21.946800231933594,22.17029107627141,21.946800231933594,22.125593589443778,9087058
2021-11-12,21.812705993652344,22.0361968372453,21.633914341837873,21.946800158788154,9367045
2021-11-15,21.723312377929688,22.125596635154334,21.63391739196871,22.080899142173845,7472234
2021-11-16,21.678611755371094,21.81270592005446,21.633914268843245,21.81270592005446,4493317
2021-11-17,21.455121994018555,21.678612848122917,21.410424505237643,21.589216165461192,7206748
2021-11-18,21.052839279174805,21.499821019327985,21.052839279174805,21.410426035377366,12290674
2021-11-22,21.231632232666016,21.455123098273027,20.874047188714798,21.008141367059007,15144944
2021-11-23,21.321029663085938,21.45512384610408,21.00814209931024,21.276330465346526,7176938
2021-11-24,21.231632232666016,21.455123098273027,21.18693474158461,21.41042560719162,5884980
2021-11-25,21.186933517456055,21.276328494453846,21.052837641759584,21.231631005954952,5125837
2021-11-26,20.874048233032227,21.186935801555634,20.829349034614555,21.008142418085097,7209870
2021-11-29,20.695253372192383,21.36572595469386,20.292970845751466,20.695253372192383,26736896
2021-11-30,20.784650802612305,21.09753836001572,20.695254114054183,20.695254114054183,4271236
2021-12-01,20.695253372192383,20.963443428252944,20.650555882065596,20.91874423302621,5898569
2021-12-02,20.784650802612305,20.874047491170423,20.65055662232513,20.874047491170423,4187212
2021-12-03,20.918745040893555,21.231632599164403,20.739953368381656,20.739953368381656,5631044
2021-12-06,20.829347610473633,21.05283847198129,20.739952629950537,21.00814098171974,5983533
2021-12-07,20.739952087402344,21.097537115440332,20.650555404117867,21.00814043215586,6328241
2021-12-08,20.918745040893555,21.008141729699513,20.784650860234624,20.874047549040583,4939244
2021-12-09,21.097537994384766,21.276329663302445,20.87404712941268,21.05283879833036,5503212
2021-12-10,21.186933517456055,21.276328494453846,21.052837641759584,21.097536835358373,5319317
2021-12-13,21.097537994384766,21.365726350311274,21.05283879833036,21.365726350311274,4212726
2021-12-14,20.963441848754883,21.142233500890853,20.918742656896026,20.918742656896026,4350221
2021-12-15,20.829347610473633,21.05283847198129,20.739952629950537,20.963443491458193,4861713
2021-12-16,20.605859756469727,20.963446551153098,20.382368862342723,20.874049852482255,9157304
2021-12-17,20.38236427307129,20.650554308698435,20.29296929962873,20.650554308698435,10293500
2021-12-20,20.114177703857422,20.337668567233617,20.06948021322217,20.337668567233617,7969017
2021-12-21,20.114177703857422,20.337668567233617,20.06948021322217,20.158875194492673,7246168
2021-12-22,20.20357322692871,20.29296990815182,20.02477986448249,20.20357322692871,7072820
2021-12-23,20.471763610839844,20.605857793521974,20.248272738002946,20.29297193563035,8518409
2021-12-24,20.15887451171875,20.42706456174666,20.069479533476024,20.42706456174666,6593200
2021-12-27,20.20357322692871,20.29296990815182,20.06947905764398,20.20357322692871,4025184
2021-12-28,20.38236427307129,20.47176095161367,20.158873429265245,20.203572621086348,4058607
2021-12-29,20.427066802978516,20.605858484180676,20.382367603852902,20.427066802978516,3573893
2021-12-30,20.38236427307129,20.516460143434774,20.33766678635001,20.47176095161367,2701320
2021-12-31,20.427066802978516,20.56116099015516,20.382367603852902,20.47176429700403,3542826
2022-01-03,20.605859756469727,20.65055895835525,20.471765561013566,20.51646476289909,6385594
2022-01-04,20.605859756469727,20.739955657026094,20.51646476289909,20.65055895835525,6402243
2022-01-05,20.427066802978516,20.65055768330629,20.292972615801872,20.605858484180676,7127303
2022-01-06,20.427066802978516,20.516463496129646,20.292972615801872,20.382367603852902,7417986
2022-01-07,20.516460418701172,20.60585539334313,20.471761226280346,20.561157906022153,5352715
2022-01-10,20.516460418701172,20.60585539334313,20.471761226280346,20.60585539334313,8226337
2022-01-11,20.516460418701172,20.73995126550576,20.42706373895937,20.516460418701172,11344815
2022-01-12,20.605859756469727,20.69525645514057,20.51646476289909,20.69525645514057,7981078
2022-01-13,20.5611572265625,20.650553903350122,20.516459740718584,20.650553903350122,6196111
2022-01-14,21.186933517456055,21.231631005954952,20.47176176577448,20.561158447872163,16831189
2022-01-17,21.499820709228516,21.678614084750997,21.276329842375414,21.410425726567272,16579585
2022-01-18,21.186933517456055,21.768009393441158,21.142234323857267,21.678612711343476,7441045
2022-01-19,21.052839279174805,21.231632657276087,21.008141787199495,21.142235968225446,5504174
2022-01-20,21.052839279174805,21.231632657276087,21.008141787199495,21.052839279174805,5622661
2022-01-21,20.829347610473633,21.32102852885045,20.784650120212085,21.00814098171974,8028725
2022-01-24,20.427066802978516,21.008142750810705,20.337670109827386,20.874048563634062,12317944
2022-01-25,20.5611572265625,20.650553903350122,20.114175547724187,20.38236387298726,6995265
2022-01-27,20.516460418701172,20.695252073084937,20.382364546538543,20.561157906022153,7169492
2022-01-28,20.605859756469727,20.82935065059673,20.56116225968441,20.605859756469727,5703163
2022-01-31,20.874048233032227,20.918745726349826,20.695254849561685,20.918745726349826,6102682
2022-02-01,20.695253372192383,21.09753760373325,20.60585668683886,20.963443428252944,10345830
2022-02-02,20.784650802612305,20.91874498289948,20.695254114054183,20.784650802612305,5780813
2022-02-03,20.739952087402344,20.8740462597791,20.69525289321015,20.784649576494626,4151889
2022-02-04,20.605859756469727,20.82935065059673,20.56116225968441,20.739955657026094,5329628
2022-02-07,20.605859756469727,20.69525645514057,20.56116225968441,20.65055895835525,5132340
2022-02-08,20.5611572265625,20.695251389194038,20.47176054977488,20.650553903350122,5051898
2022-02-09,20.605859756469727,20.69525645514057,20.56116225968441,20.605859756469727,3686570
2022-02-10,20.695253372192383,21.00814091837973,20.60585668683886,20.695253372192383,9814830
2022-02-11,20.516460418701172,20.73995126550576,20.471761226280346,20.695252073084937,7856571
2022-02-14,19.756595611572266,20.427068301749376,19.667198911861938,20.3823690993441,11887542
2022-02-15,20.114177703857422,20.158875194492673,19.75659266347551,19.9800835268517,6329315
2022-02-16,20.15887451171875,20.29297038928266,20.069479533476024,20.203573705940023,5154180
2022-02-17,20.06947898864746,20.248270645379144,20.024779795639642,20.248270645379144,2990546
2022-02-18,19.89068603515625,20.06947940065829,19.84598854633069,20.06947940065829,3970610
2022-02-21,19.711891174316406,19.845987040820415,19.667193688881582,19.756590364851,5325454
2022-02-22,19.443706512451172,19.57780069910323,19.354309819649767,19.488404006301828,7967669
2022-02-23,19.667194366455078,19.756591045504386,19.443703521381725,19.443703521381725,13657093
2022-02-24,18.773235321044922,19.354311311390553,18.683838621353235,19.354311311390553,15562873
2022-02-25,19.220212936401367,19.35430710424001,18.90732540804463,18.90732540804463,6627144
2022-02-28,19.30961036682129,19.354307856137343,18.9520253369931,19.130816999357233,3719485
2022-03-02,19.399005889892578,19.53310005491768,19.264910019767658,19.53310005491768,4596433
2022-03-03,19.443706512451172,19.533103205252576,19.354309819649767,19.488404006301828,4153853
2022-03-04,19.264911651611328,19.399007533094903,19.17551667075556,19.399007533094903,4796578
2022-03-07,18.9520263671875,19.17551723611613,18.862629678596047,19.17551723611613,5512286
2022-03-08,19.264911651611328,19.48840251395067,18.817929926932642,18.907326612888372,8292033
2022-03-09,19.35430908203125,19.443705771425627,19.264912392636873,19.35430908203125,4997588
2022-03-10,19.4884033203125,19.622499207344493,19.39900833575788,19.57780000996715,5835297
2022-03-11,19.35430908203125,19.667196642361553,19.309611589884074,19.443705771425627,10641873
2022-03-14,19.756595611572266,19.801293108877317,19.35431131542591,19.533104714846562,7375394
2022-03-15,19.80129051208496,20.069480576044803,19.711893824098347,19.93538469151488,6846313
2022-03-16,19.89068603515625,19.98008271790727,19.756591863579672,19.89068603515625,4423308
2022-03-17,20.427066802978516,20.73995437645742,19.756594161995196,20.0694817354741,15192734
2022-03-21,20.248271942138672,20.650556179473206,20.20357445136816,20.605856983602713,6083898
2022-03-22,19.980083465576172,20.337668504861433,19.845989288981695,20.24827181876513,7366442
2022-03-23,19.980083465576172,20.203574328266956,19.890686779479864,19.980083465576172,6972424
2022-03-24,19.93538475036621,20.069480635291995,19.89068725879095,19.980083947041475,4405621
2022-03-25,19.756595611572266,20.02478400560302,19.71189640916699,19.98008650829797,5570071
2022-03-28,19.4884033203125,19.890687571208414,19.44370582803519,19.756593389276453,7159635
2022-03-29,19.264911651611328,19.577799199906398,19.264911651611328,19.533101709478515,6497792
2022-03-30,19.220212936401367,19.443703784499057,19.17551544882177,19.35430710424001,6814486
2022-03-31,19.17551612854004,19.399006984559854,19.130816934276126,19.26491110686803,8040582
2022-04-01,19.220212936401367,19.309609616660413,19.086118768562724,19.13081625614232,10607411
2022-04-04,19.35430908203125,19.533102460820004,19.264912392636873,19.309611589884074,13261803
2022-04-05,19.80129051208496,19.93538469151488,19.35430877725189,19.35430877725189,8377562
2022-04-06,19.756595611572266,19.935387305892693,19.667198911861938,19.71189640916699,6691801
2022-04-07,19.93538475036621,19.980083947041475,19.80129057054043,19.845989767215695,6164467
2022-04-08,20.114177703857422,20.203574390227896,19.9800835268517,20.02478101748695,5812243
2022-04-11,20.114177703857422,20.248271880863143,20.02478101748695,20.203574390227896,5636321
2022-04-12,19.89068603515625,20.06947940065829,19.756591863579672,20.024780206732828,5415858
2022-04-13,19.89068603515625,20.024780206732828,19.80128935240523,19.89068603515625,4063739
2022-04-18,19.667194366455078,19.93538269850317,19.57779768740577,19.89068521152843,4439796
2022-04-19,19.667194366455078,20.024779377552477,19.57779768740577,19.756591045504386,8634544
2022-04-20,19.667194366455078,19.84598772455369,19.622496879480337,19.711891853429815,4610776
2022-04-21,19.711891174316406,19.89068452625524,19.711891174316406,19.756590364851,5046345
2022-04-22,20.0247802734375,20.248271128509572,19.622497757367718,19.66719524634217,13593912
2022-04-25,19.93538475036621,20.069480635291995,19.80129057054043,20.02478143861673,6980246
2022-04-26,19.93538475036621,20.02478143861673,19.89068725879095,19.93538475036621,4007088
2022-04-27,19.980083465576172,20.02478095607434,19.801290093383557,19.845989288981695,6440370
2022-04-28,20.0247802734375,20.11417695648631,19.84598861243979,20.069479467511858,5196942
2022-04-29,19.93538475036621,20.248272306693035,19.845989767215695,20.02478143861673,5980303
2022-05-02,19.89068603515625,19.93538352398181,19.80128935240523,19.89068603515625,5574697
2022-05-04,19.667194366455078,19.980081890577736,19.667194366455078,19.89068521152843,5020823
2022-05-05,19.711891174316406,19.845987040820415,19.667193688881582,19.756590364851,4973251
2022-05-06,19.399005889892578,19.66719421994278,19.354306698151,19.53310005491768,4008872
2022-05-09,19.399005889892578,19.443703376534337,19.175515046484136,19.399005889892578,4374681
2022-05-10,19.17551612854004,19.53310115715176,19.17551612854004,19.488401962887846,6627695
2022-05-11,19.130817413330078,19.26491158927983,18.95202574709706,19.220214098996564,5823704
2022-05-12,18.90732765197754,19.13081852659926,18.862630159093218,19.13081852659926,6472563
2022-05-13,19.04142189025879,19.086121088371172,18.99672439724647,18.99672439724647,3492615
2022-05-16,19.08612060546875,19.577799836564427,18.996723916605895,19.08612060546875,6334547
2022-05-17,19.220212936401367,19.35430710424001,19.13081625614232,19.17551544882177,3964019
2022-05-18,19.264911651611328,19.48840251395067,19.220214161183446,19.35430833756706,3198002
2022-05-19,19.130817413330078,19.354308274946316,18.996723237380326,19.086119923046812,4268661
2022-05-20,19.220212936401367,19.622497145017153,19.17551544882177,19.309609616660413,6539615
2022-05-23,19.130817413330078,19.443704960612806,19.086119923046812,19.39900747032954,4715492
2022-05-24,19.264911651611328,19.399007533094903,19.041420789271985,19.220214161183446,3822900
2022-05-25,19.04142189025879,19.399008654757598,18.99672439724647,19.399008654757598,3077016
2022-05-26,18.996721267700195,19.13081542974636,18.86262710565403,19.04141875334899,3482555
2022-05-27,18.9520263671875,19.17551723611613,18.773232990004594,19.04142135067894,4756468
2022-05-30,18.996721267700195,19.086117944097563,18.952023782051402,18.996721267700195,3085932
2022-05-31,18.9520263671875,19.04142135067894,18.9520263671875,18.996723858933223,2753514
2022-06-01,18.996721267700195,19.086117944097563,18.952023782051402,19.04141875334899,4618347
2022-06-02,19.17551612854004,19.220213617704037,18.952025272520224,18.99672276168422,2687254
2022-06-03,19.130817413330078,19.26491158927983,19.086119923046812,19.220214098996564,2376146
2022-06-06,18.996721267700195,19.13081542974636,18.952023782051402,19.13081542974636,3058575
2022-06-07,18.996721267700195,19.04141875334899,18.907324591302828,18.996721267700195,5467984
2022-06-08,18.996721267700195,19.04141875334899,18.952023782051402,18.996721267700195,1632520
2022-06-09,18.9520263671875,18.996723858933223,18.90732717034177,18.9520263671875,1638001
2022-06-10,18.90732765197754,18.952026849961918,18.862630159093218,18.90732765197754,1628912
2022-06-13,18.594440460205078,18.86263053820136,18.54974296642241,18.86263053820136,6978917
2022-06-14,18.549741744995117,18.68383592261364,18.5050442541556,18.549741744995117,4484916
2022-06-15,18.549741744995117,18.59443923583463,18.5050442541556,18.549741744995117,3060444
2022-06-16,18.058063507080078,18.594440246714083,17.87927012380203,18.594440246714083,7871297
2022-06-17,17.700475692749023,17.968665751790656,17.655778202125404,17.968665751790656,6562891
2022-06-20,17.43228530883789,17.745172822067758,17.25349195696375,17.700473631549336,4780572
2022-06-21,17.834571838378906,17.879269329663067,17.43228759642149,17.566381775373962,3006661
2022-06-22,17.78986930847168,17.92396346229716,17.745171825563077,17.834568496479957,2309521
2022-06-23,17.745174407958984,17.87926858129874,17.655777724032504,17.70047521344578,2903295
2022-06-24,17.655778884887695,17.789873067044052,17.61108139253559,17.745175574691945,3141275
2022-06-27,17.655778884887695,17.789873067044052,17.61108139253559,17.745175574691945,3435302
2022-06-28,17.566381454467773,17.700475630970587,17.476984768432576,17.700475630970587,3878945
2022-06-29,17.566381454467773,17.65577814050297,17.38758978749734,17.476984768432576,2911052
2022-06-30,17.566381454467773,17.611080650035355,17.476984768432576,17.566381454467773,2829852
2022-07-01,17.834571838378906,17.923966820947225,17.521684284089805,17.611080971758117,2510750
2022-07-04,17.655778884887695,17.96866644665255,17.566382195083445,17.96866644665255,4764980
2022-07-05,17.78986930847168,17.879265979388556,17.7004726375548,17.745171825563077,2172288
2022-07-06,17.834571838378906,17.879269329663067,17.74517515071059,17.834571838378906,3057654
2022-07-07,17.834571838378906,17.96866601733138,17.78987264199475,17.879269329663067,2256307
2022-07-08,17.834571838378906,17.96866601733138,17.834571838378906,17.879269329663067,2821482
2022-07-11,18.013364791870117,18.102761485906964,17.789873909328055,17.83457310889654,2136231
2022-07-12,18.058063507080078,18.236855185258054,17.923967617071504,18.01336430871053,2131019
2022-07-13,17.968666076660156,18.14745774748712,17.923966880128415,18.14745774748712,1711397
2022-07-14,17.879268646240234,17.968665330491422,17.834571156664605,17.923966135815864,2438490
2022-07-15,17.968666076660156,18.05806276462364,17.834571897264933,17.923966880128415,3888758
2022-07-18,18.10275650024414,18.147453982402418,17.96866234866967,17.96866234866967,1920084
2022-07-19,18.281551361083984,18.32624884696349,18.05806052148687,18.102758007366376,1733146
2022-07-20,18.46034812927246,18.54974483092347,18.23685722769507,18.23685722769507,2638431
2022-07-21,18.370948791503906,18.460345480327042,18.370948791503906,18.460345480327042,1861097
2022-07-22,18.549741744995117,18.728535118553133,18.3709483714371,18.415647567376592,2691375
2022-07-25,18.370948791503906,18.59443966101174,18.28155380778079,18.549742169150182,2621417
2022-07-26,18.236854553222656,18.37094873348385,18.236854553222656,18.326251241763455,1044496
2022-07-27,18.147457122802734,18.23685380768894,18.1027596329096,18.23685380768894,1357707
2022-07-28,18.236854553222656,18.326251241763455,18.19215706150226,18.236854553222656,1509341
2022-07-29,18.4156494140625,18.505046109806035,18.28155522299727,18.28155522299727,2688899
2022-08-01,18.728534698486328,19.08611973248202,18.370947959390694,18.50504383910153,5196431
2022-08-02,18.996721267700195,19.13081542974636,18.72853294360787,18.773230429256664,3465913
2022-08-03,19.04142189025879,19.22021527250819,18.99672439724647,19.04142189025879,3404410
2022-08-04,19.04142189025879,19.354309456645215,18.90732770612177,19.175517779495873,5179908
2022-08-05,18.996721267700195,19.175514620494933,18.952023782051402,19.04141875334899,2668174
2022-08-08,19.08612060546875,19.175517294331605,18.952026424724476,18.996723916605895,2242450
2022-08-10,19.08612060546875,19.30961147507588,18.996723916605895,19.13081809735017,3695871
2022-08-11,18.9520263671875,19.3096114164533,18.90732717034177,19.220214727861848,3384528
2022-08-12,19.08612060546875,19.175517294331605,18.862629735861624,18.952026424724476,3140348
2022-08-16,19.08612060546875,19.175517294331605,18.996723916605895,19.13081809735017,3285567
2022-08-17,19.08612060546875,19.175517294331605,19.041421408487313,19.08612060546875,2817475
2022-08-18,19.130817413330078,19.26491158927983,18.996723237380326,19.041420727663592,3367337
2022-08-19,18.996721267700195,19.26490959179252,18.996721267700195,19.13081542974636,3208472
2022-08-22,18.728534698486328,19.041420537545097,18.683835503549403,19.041420537545097,2995773
2022-08-23,18.728534698486328,18.907326362934207,18.594438818775494,18.63913801371242,2215625
2022-08-24,18.817930221557617,18.8626294177853,18.683836043074542,18.72853523930223,5540331
2022-08-25,18.862628936767578,19.086119796906768,18.817929741679773,18.817929741679773,2519955
2022-08-26,18.996721267700195,19.220212106143727,18.952023782051402,18.996721267700195,4050990
2022-08-29,19.08612060546875,19.220214786213024,18.72853555511735,18.862629735861624,3976760
2022-08-30,19.130817413330078,19.220214098996564,19.086119923046812,19.220214098996564,2987602
2022-09-01,19.399005889892578,19.622496733301016,19.041419176359216,19.086118368100795,7092597
2022-09-02,19.622499465942383,19.667196958808745,19.309611900577686,19.48840357714319,7214311
2022-09-05,19.756595611572266,19.845992311282593,19.577802212151614,19.756595611572266,5413152
2022-09-06,20.0247802734375,20.11417695648631,19.75659192939098,19.80128941836543,7029366
2022-09-07,20.337669372558594,20.382366864963764,19.890687628106758,19.890687628106758,11453837
2022-09-08,20.337669372558594,20.561160244784514,20.292971880153427,20.42706606246897,8544734
2022-09-09,20.427066802978516,20.516463496129646,20.15887672352513,20.382367603852902,7536327
2022-09-12,20.516460418701172,20.60585539334313,20.203572892154778,20.42706373895937,11931156
2022-09-13,20.650556564331055,20.695254055934583,20.47176318771693,20.561159876023993,11480792
2022-09-14,20.427066802978516,20.516463496129646,20.382367603852902,20.427066802978516,4983940
2022-09-15,20.5006103515625,20.730437829734477,20.45464555730591,20.684473035477883,5293333
2022-09-16,20.224815368652344,20.45464281602339,20.040952709377795,20.316746698289617,7621644
2022-09-19,19.857093811035156,20.13288607438441,19.811127264847315,20.13288607438441,4090063
2022-09-20,19.903059005737305,20.040955140196857,19.811127664949442,19.857094212065615,2769912
2022-09-21,19.765161514282227,20.086920308226855,19.673230179805994,19.90305763927439,5095250
2022-09-22,19.719196319580078,19.811125898727656,19.581298443970056,19.765161109153865,3121582
2022-09-23,19.581300735473633,19.765163422173995,19.53533594052081,19.765163422173995,3349284
2022-09-26,19.21357536315918,19.535334158816802,19.12164402819352,19.535334158816802,6258183
2022-09-27,19.443405151367188,19.581301293600657,19.213577663163214,19.351473805396683,4591378
2022-09-28,19.53533363342285,20.040953331969007,19.351470968436434,20.040953331969007,6152889
2022-09-29,19.62726593017578,19.719197267185443,19.535334593166116,19.673230721958408,2861215
2022-09-30,19.53533363342285,19.719196298409265,19.44340230092964,19.62726496591606,3226644
2022-10-03,19.53533363342285,19.62726496591606,19.44340230092964,19.489368843898408,3531770
2022-10-04,19.62726593017578,19.719197267185443,19.581299384948743,19.581299384948743,2654820
2022-10-06,19.67323112487793,19.719197671046388,19.627266332153916,19.719197671046388,2409652
2022-10-07,19.62726593017578,19.673230721958408,19.535334593166116,19.62726593017578,1793061
2022-10-10,19.67323112487793,19.811127256494416,19.48937020053743,19.581299785985458,5286105
2022-10-11,19.62726593017578,19.811126850750696,19.581299384948743,19.76516205896807,2507254
2022-10-12,19.62726593017578,19.76516205896807,19.62726593017578,19.719197267185443,2250705
2022-10-13,19.67323112487793,19.719197671046388,19.581299785985458,19.627266332153916,2494125
2022-10-14,19.67323112487793,19.811127256494416,19.627266332153916,19.67323112487793,2736083
2022-10-17,19.581300735473633,19.673232078823812,19.489371145567983,19.673232078823812,2903656
2022-10-18,19.67323112487793,19.719197671046388,19.535334993261444,19.627266332153916,2954018
2022-10-19,19.719196319580078,19.765161109153865,19.62726498698817,19.765161109153865,3812012
2022-10-20,19.581300735473633,19.719198627221168,19.53533594052081,19.719198627221168,2138398
2022-10-21,19.62726593017578,19.673230721958408,19.581299384948743,19.581299384948743,1874409
2022-10-24,19.857093811035156,19.94902514996639,19.765162472103924,19.94902514996639,2874558
2022-10-25,20.17885398864746,20.316750129671096,19.7191990162723,19.7191990162723,7281948
2022-10-27,20.5006103515625,20.63850824122129,20.270782873390523,20.45464555730591,6706879
2022-10-28,20.54657554626465,20.77640300930241,20.500609001590462,20.500609001590462,6390289
2022-10-31,20.822368621826172,21.052196093928988,20.592541149723356,20.684472489253373,8254434
2022-11-01,20.730436325073242,21.05219512184894,20.638506743232508,20.914298995643463,7735529
2022-11-02,20.822368621826172,20.91429996135619,20.684472489253373,20.822368621826172,5131538
2022-11-03,20.960262298583984,21.190089743759003,20.730434853408966,20.822366182167826,11765692
2022-11-04,21.787643432617188,22.15536700988173,21.052194524643774,21.098161067704545,34154707
2022-11-07,22.706951141357422,23.21257079390643,22.017468840548318,22.017468840548318,52076818
2022-11-09,23.074678421020508,23.396437230857448,22.706954818397342,22.982747082003605,38875439
2022-11-10,22.477127075195312,23.1206429336265,22.43116052952167,23.02871159572364,14954605
2022-11-11,22.523090362548828,23.07467659966746,22.339227699027848,22.93678047874888,18761662
2022-11-14,22.798885345458984,22.982748031085475,22.43116172765052,22.660989207961375,22046223
2022-11-15,23.166610717773438,23.48836778746776,22.844851894634594,22.844851894634594,35052725
2022-11-16,24.775402069091797,25.143125671912575,23.16660977248699,23.16660977248699,191610244
2022-11-17,26.43341064453125,27.191358997771292,25.722835079855212,25.817578849896105,215982024
2022-11-18,26.0544376373291,26.954500751271684,25.39123304736224,26.622898456288254,108880653
2022-11-21,26.62289810180664,26.7650128528824,25.485976479026352,26.054437290416498,77988304
2022-11-22,27.4282169342041,28.612509516733002,26.62289761666704,26.717641384686765,174086537
2022-11-23,27.712446212768555,27.901933747314615,26.812383134305353,27.475587698129505,87003661
2022-11-24,29.275712966918945,30.033661321807752,27.854561834475433,27.949305604722422,239985161
2022-11-25,30.12840461730957,30.46000873138183,29.417829019664655,29.559945584863392,151615074
2022-11-28,31.78641700744629,32.970709769379276,30.128407140740116,30.31789470548433,321464637
2022-11-29,33.44442367553711,34.39185779447116,32.023272497136034,32.118018077534046,347649114
2022-11-30,31.075834274291992,35.14979972486103,30.791604798982313,34.20236573104619,356366103
2022-12-01,32.402244567871094,32.82859060445637,30.838976971783076,31.45481053731448,198522937
2022-12-02,32.68647766113281,32.92333619490914,32.118018625739396,32.87596521098875,100345607
2022-12-05,31.881160736083984,32.87596587520852,31.691673182399672,32.87596587520852,71585440
2022-12-06,31.26532554626465,31.881159161785035,30.36526242134035,31.502184073130287,107014786
2022-12-07,31.312700271606445,31.881162972536846,30.981099740028093,31.40744586218221,70789132
2022-12-08,30.50737953186035,31.549555623144894,30.270521000734377,31.50218463975457,55312942
2022-12-09,29.417827606201172,30.791607751809032,28.991483352351466,30.50737824924256,65342359
2022-12-12,31.644302368164062,32.16539043297502,28.659883320522496,29.370458940039583,142467203
2022-12-13,32.02327346801758,32.87596564657988,31.833785915651017,32.16539003583611,105835589
2022-12-14,32.165382385253906,32.30749530509623,31.07583192892815,32.212753358534684,64653991
2022-12-15,31.170583724975586,32.07064323987749,31.02846716253091,31.928530291607128,46565124
2022-12-16,30.412630081176758,31.02846362941486,29.89154210183816,30.602117604801858,43591915
2022-12-19,31.123207092285156,31.502182157899444,30.507377128379538,30.60211908769607,38418582
2022-12-20,33.77602005004883,34.01287852553536,30.88634375777433,31.217947791959585,181272162
2022-12-21,30.602121353149414,34.58134537998224,29.27571394656753,34.29711586681726,192467386
2022-12-22,29.607315063476562,31.644299785513432,29.37045654296875,31.26532470703125,99443583
2022-12-23,26.38603973388672,29.323085770516165,26.101808423001028,29.323085770516165,122876842
2022-12-26,28.754623413085938,29.180967645909536,26.386038318220326,26.765011571981418,136601051
2022-12-27,30.412630081176758,30.69686317370136,29.41782509986236,29.65468360085026,89075438
2022-12-28,30.791608810424805,31.45481341533036,29.891545676208292,30.460008315059195,104597559
2022-12-29,30.981096267700195,31.454813324961133,30.03366215317832,30.317891664700017,87697856
2022-12-30,30.838977813720703,31.50218237605134,30.649490279601363,31.360065821918308,42178363
2023-01-02,31.170583724975586,31.596926183960985,30.791608634572658,30.981096179774124,40172355
2023-01-03,32.07064437866211,32.35487751364419,31.170584831800326,31.265326800678057,84881999
2023-01-04,31.502182006835938,32.78121652234612,31.265323495506344,32.260128520255826,75920751
2023-01-05,31.028465270996094,31.881157365334328,30.507377264088994,31.691669831684266,45698294
2023-01-06,30.981096267700195,31.36006774500435,30.649492159112942,31.217954796330663,27818130
2023-01-09,30.981096267700195,31.596926273634818,30.838979704852182,31.31269676211312,28648565
2023-01-10,30.460006713867188,31.170582264447223,30.365261138618695,31.123207669735905,22376324
2023-01-11,30.460006713867188,30.88634915287589,30.033660660684337,30.50737769440436,25187049
2023-01-12,31.028465270996094,31.170581824777166,30.31788973043893,30.60211922382698,41148274
2023-01-13,32.165382385253906,32.449611839112144,30.981089982366605,31.07583192892815,75271636
2023-01-16,31.40744400024414,32.212761594435214,31.265327429893002,32.212761594435214,43209016
2023-01-17,30.981096267700195,31.407442342069903,30.744237739069728,31.31269676211312,23809717
2023-01-18,31.312700271606445,31.64430441735953,31.075841716429128,31.170587307004894,26275227
2023-01-19,31.40744400024414,31.833786482948522,30.74423936222969,31.075839874149658,43947894
2023-01-20,31.36006736755371,32.354876067167595,31.2179544205905,31.407441964049067,37966558
2023-01-23,31.123207092285156,31.88115722351373,30.93372317365209,31.64429871104832,47560769
2023-01-24,30.886350631713867,31.596926216316252,30.696866700492688,31.170583756894278,34050557
2023-01-25,30.270519256591797,31.123207751010035,30.081031719774135,30.886349233531497,29120299
2023-01-27,29.654687881469727,30.602122022182336,28.849370307533782,30.4600090695801,34619490
2023-01-30,29.5599422454834,30.033659257064308,28.470391673177723,28.470391673177723,37227440
2023-01-31,31.312700271606445,31.502187838583247,29.74943416885362,29.89154894054254,35809352
2023-02-01,29.844175338745117,32.354877249420426,29.18097071949368,32.07064411675951,78444937
2023-02-02,29.89154624938965,30.744238416929527,29.60731673160116,29.84417526545397,24517707
2023-02-03,29.512571334838867,30.412632629766172,29.228341832669635,30.223146897349054,28559269
2023-02-06,28.612510681152344,29.891545276665695,28.47039411979562,29.891545276665695,30328389
2023-02-07,28.328277587890625,29.038853121736143,28.13879186311737,28.801994610454305,25692419
2023-02-08,28.754623413085938,29.180967645909536,27.996675098476732,28.517764903599375,29213321
2023-02-09,28.517765045166016,28.75462355582838,28.233533748118965,28.65987979014603,12967212
2023-02-10,28.517765045166016,28.801994535126042,28.280906534503654,28.375650300186003,12718144
2023-02-13,28.375652313232422,28.849369368163934,28.186164768424955,28.612510840698178,16476556
2023-02-14,27.617704391479492,28.28090900203402,27.47558963409986,28.233536211516018,23057839
2023-02-15,28.233537673950195,28.517769010519192,27.286103499561435,27.475591057274098,108461456
2023-02-16,27.4282169342041,28.375651000227222,27.28610037863098,28.044048715701717,37728708
2023-02-17,27.23872947692871,27.665075530706773,27.14398570863502,27.380844225825705,17614414
2023-02-20,27.00187110900879,27.475588146008946,26.717641609643533,27.428217165143764,13475222
2023-02-21,26.765012741088867,27.096615030271987,26.670268971738388,26.812383722220556,11287304
2023-02-22,26.43341064453125,26.71764195465393,26.338666874490357,26.71764195465393,14410318
2023-02-23,26.291296005249023,26.90712780251311,26.196552234803676,26.33866698692814,17475738
2023-02-24,26.38603973388672,26.765013007980524,26.33866694519555,26.48078350418195,10402222
2023-02-27,25.675464630126953,26.670269718441354,25.58072085812388,26.62289873598339,14416765
2023-02-28,25.533348083496094,26.054436082307433,25.391231531922983,25.817577572468274,16207572
2023-03-01,25.86495018005371,26.717642314829632,25.485976901868376,25.533349691071,27761685
2023-03-02,27.00187110900879,27.9493051830091,25.912322285325853,26.0070660541433,74972504
2023-03-03,26.717641830444336,27.475588373073595,26.338666752042606,27.28610083387273,31886865
2023-03-06,26.717641830444336,27.66507591227446,26.622898060843905,26.954500350901867,24034894
2023-03-08,26.575525283813477,26.81238380437184,26.43341053289588,26.717641841818175,16951705
2023-03-09,26.38603973388672,27.23873005236956,26.291295963591487,26.622898256081236,29457034
2023-03-10,26.528154373168945,26.717641912954996,26.10180831219389,26.243924870576976,18602384
2023-03-13,25.959693908691406,26.717642270903067,25.817579155491448,26.670269481778327,16451332
2023-03-14,25.675464630126953,26.196552665513135,25.438606103662842,26.149181683055172,17256430
2023-03-15,25.580720901489258,26.149181727384224,25.4386061467873,25.959694183056854,10378460
2023-03-16,25.62809181213379,25.8175793559296,25.012260005428125,25.58072082972841,16145407
2023-03-17,25.580720901489258,26.05443795522054,25.4386061467873,25.817579428354897,14474482
2023-03-20,25.296489715576172,25.53334822674416,25.107002183806966,25.53334822674416,12817483
2023-03-21,25.391231536865234,25.533348088466006,25.34386055772299,25.485975302236742,8231139
2023-03-22,25.533348083496094,25.817577572468274,25.438604318143025,25.533348083496094,9524521
2023-03-23,25.391231536865234,25.628090046750494,25.296489578580744,25.485975302236742,9750086
2023-03-24,25.154375076293945,25.533350168654884,25.059633110290875,25.485977378566183,9405435
2023-03-27,24.538541793823242,25.485975853871143,24.396427046233466,25.201746358691597,14682995
2023-03-28,24.159568786621094,24.63328582165288,24.064825018197322,24.63328582165288,10179329
2023-03-29,24.964889526367188,25.107004283535804,24.159570159628792,24.159570159628792,15458843
2023-03-31,25.20174789428711,25.864950692478747,25.059633138037984,25.10700412109197,17209537
2023-04-03,26.338666915893555,26.528154456273207,25.296490865066797,25.43860561680798,27498143
2023-04-05,25.959693908691406,26.670269481778327,25.817579155491448,26.528154728578368,16069321
2023-04-06,26.00706672668457,26.243925251309793,25.770208202059344,25.912322955417054,12059313
2023-04-10,26.101808547973633,26.480783630969043,25.959693795393914,26.14918133689162,13598478
2023-04-11,26.149179458618164,26.433408943361634,26.10180667310292,26.149179458618164,10351890
2023-04-12,25.912321090698242,26.291294341409262,25.81757732624874,26.19655057695976,10628633
2023-04-13,26.0544376373291,26.52815468528054,25.912322884361096,25.959693866321388,12152354
2023-04-17,26.101808547973633,26.196552318722485,25.817579042814195,26.054437566142767,10152996
2023-04-18,26.765012741088867,27.14398601140368,26.05443718159093,26.101808162722623,29141937
2023-04-19,26.38603973388672,27.049242511779102,26.291295963591487,26.765013007980524,12802470
2023-04-20,26.717641830444336,26.859756581301436,26.338666752042606,26.480783309986805,21180929
2023-04-21,26.575525283813477,27.0492423249302,26.43341053289588,26.81238380437184,15543321
2023-04-24,27.99667739868164,28.423023473620816,26.480784259091596,26.622899015042265,114914226
2023-04-25,29.180967330932617,29.559942387690104,27.807189074991218,28.28090608885108,165437101
2023-04-26,28.659881591796875,29.93891799119532,28.470394048520387,29.41782815072855,124814428
2023-04-27,29.796802520751953,30.791607581313393,28.3282786133909,28.65988090260708,235048732
2023-04-28,30.081031799316406,30.649490797098387,29.844173281211553,30.03366081853027,94569856
2023-05-02,31.78641700744629,32.16539213693472,30.507382270228547,30.60212424551331,204453588
2023-05-03,33.58654022216797,34.15499924757298,31.78641395142819,31.928530514866615,343151755
2023-05-04,32.402244567871094,35.43403418848707,32.21275703892497,34.15499607873124,275121738
2023-05-05,33.01807403564453,33.49179104398476,32.307498523134186,32.63910259747672,207483533
2023-05-08,33.01807403564453,34.15499557849588,32.87596110164684,33.3970490879863,158914127
2023-05-09,31.170583724975586,33.681281952828456,30.981096179774124,33.39705244211342,126905423
2023-05-10,31.123207092285156,31.73904067036485,30.223145829168825,31.1705816861175,94417242
2023-05-11,31.92853355407715,32.54436362118977,31.454816449756045,31.644304014319424,137743556
2023-05-12,31.596923828125,32.165386421345374,31.312694338601837,31.975898890271914,54099932
2023-05-15,31.69167137145996,32.16538842151415,31.312696285746902,31.833784317971656,48801180
2023-05-16,31.78641700744629,32.16539213693472,31.644304044519146,31.881162596905742,50104989
2023-05-17,32.2127571105957,32.82859067749728,31.833782051860265,31.881156644832704,87773958
2023-05-18,32.118019104003906,32.82859471591395,31.928531551326337,32.5917361786106,43139793
2023-05-19,31.73904037475586,32.449615905533975,31.31269433345418,32.307499353708735,38623945
2023-05-22,31.596923828125,31.928527911047063,31.407439911225588,31.786411359198457,39038713
2023-05-23,31.596923828125,31.975898890271914,31.502181869675294,31.6442984215239,26334035
2023-05-24,32.07064437866211,32.49699046696079,31.407443368169098,31.50218533704683,49417869
2023-05-25,30.31789207458496,32.35487689401589,29.98628976860175,32.11801836218319,78918846
2023-05-26,30.223146438598633,30.554748724154155,29.559943674574665,30.31789020691265,52280306
2023-05-29,30.74423599243164,30.88634893303162,30.317889942283454,30.554748457457542,38342982
2023-05-30,30.31789207458496,30.554750606417656,30.12840452628393,30.223148300434445,30754089
2023-05-31,30.50737953186035,30.602121498640997,30.128404436389047,30.3178919841247,25341934
2023-06-01,30.460006713867188,30.744236211264372,30.31789015808152,30.554748674941532,20794791
2023-06-02,30.31789207458496,30.696867171187023,30.223148300434445,30.60212158994932,18155919
2023-06-05,30.12840461730957,30.46000873138183,30.08103363363479,30.365263149857878,23679377
2023-06-06,30.602121353149414,30.791608899984187,30.128404293149657,30.175777083401936,31526798
2023-06-07,32.07064437866211,32.30750291503088,30.602122176010603,30.744238743501644,99888253
2023-06-08,31.644302368164062,32.40224897281406,31.36006922901763,32.35487798768115,46914299
2023-06-09,31.40744400024414,31.833786482948522,31.217956444500796,31.786415497556316,24830925
2023-06-12,31.312700271606445,31.549558826783763,31.170587307004894,31.502187838583247,18481171
2023-06-13,31.26532554626465,31.502184073130287,31.075838001937274,31.312696528802917,16812036
2023-06-14,31.312700271606445,31.739046393760564,31.265329283405926,31.502187838583247,19489115
2023-06-15,31.123207092285156,31.454811178241176,31.028465132968623,31.3126946250923,14736948
2023-06-16,31.217954635620117,31.502184145678598,31.075838073503725,31.26532561826748,18034381
2023-06-19,31.26532554626465,31.644300634919393,31.17058358118811,31.360067511341185,23821237
2023-06-20,31.36006736755371,31.454812946370136,30.933724912489797,31.12320884177408,17410144
2023-06-21,31.312700271606445,31.78641738196108,31.170587307004894,31.549558826783763,23054775
2023-06-22,31.075834274291992,31.407438340631504,30.933721343724084,31.312692772745702,14109469
2023-06-23,30.554750442504883,31.12320947018407,30.460008475949806,31.07583848690653,24307838
2023-06-26,30.649492263793945,31.075838339619807,30.27052078519544,30.602121280740924,11033301
2023-06-27,30.981096267700195,31.265325779221893,30.412633630482475,30.649492159112942,23652368
2023-06-28,30.93372917175293,31.123213127127244,30.791612591047414,30.93372917175293,9648453
2023-06-30,30.981096267700195,31.36006774500435,30.744237739069728,31.028467250591422,14373970
2023-07-03,31.028465270996094,31.265323784515147,30.981094291127103,31.123207230734078,16288496
2023-07-04,31.36006736755371,31.549554911012276,30.886350315994445,31.07583785945301,29446900
2023-07-05,31.69167137145996,32.35487596437068,31.407441864262303,31.45481284643287,41585187
2023-07-06,31.596923828125,31.881156931822208,31.502181869675294,31.739040379973606,18663493
2023-07-07,31.36006736755371,31.739042454470837,31.170583438269432,31.549554911012276,14912804
2023-07-10,31.217954635620117,31.502184145678598,31.075838073503725,31.502184145678598,13203680
2023-07-11,31.170583724975586,31.360067656002734,31.075838145287698,31.217954707732375,13406298
2023-07-12,31.217954635620117,31.40744218038387,31.028467090856363,31.075838073503725,18276560
2023-07-13,30.838977813720703,31.360065821918308,30.696864873761776,31.312694841932,12769558
2023-07-14,30.838977813720703,31.07583632782635,30.744235853748084,30.79160683373439,10988416
2023-07-17,30.791608810424805,31.07583832276309,30.649492247168496,30.838979793452133,17532573
2023-07-18,30.886350631713867,31.454813267900366,30.744237683297982,30.886350631713867,24480880
2023-07-19,31.123207092285156,31.217952665775766,30.83897760016148,30.98109415331036,14117155
2023-07-20,31.502182006835938,31.881157070632913,31.075835963607858,31.170581536644132,42035133
2023-07-21,33.11281967163086,33.349678176271745,31.454810139144644,31.549552095331418,172775659
2023-07-24,33.25492858886719,34.20236249298504,32.87595719572416,33.633903596183735,89931586
2023-07-25,32.63910675048828,33.34968235341252,32.49699018423367,33.30231136938579,33446144
2023-07-26,33.39704895019531,34.34448296296681,32.78121539622426,32.82858998820199,85247455
2023-07-27,33.01807403564453,33.49179104398476,32.73384455347518,33.49179104398476,37679849
2023-07-28,33.20756530761719,33.58654040270721,32.92333579338685,33.25493629095985,30923854
2023-07-31,36.191978454589844,36.52357889913275,33.302305562716406,33.63390600725931,216012818
2023-08-01,38.37107467651367,39.50799613050437,36.76043625120799,36.949923762568716,381693749
2023-08-02,37.613136291503906,38.939541926428376,36.80781509948869,38.60794142124087,159610570
2023-08-03,42.35029983520508,42.918758780305616,37.66050088851723,37.80261743187928,454943778
2023-08-04,42.68190383911133,45.76106454557804,42.160815827005635,44.33991345028571,274350314
2023-08-07,47.13484573364258,47.98753785590077,43.29773841182913,43.534596933103714,306863736
2023-08-08,47.65593338012695,49.26657203487103,46.80324487879715,48.55599647667578,303287703
2023-08-09,46.37689971923828,47.46644676106803,45.52420758722,47.27696283321886,170874267
2023-08-10,46.850616455078125,47.655933985594615,46.2821538327951,46.37689941026272,108926518
2023-08-11,46.329524993896484,47.51381751813541,45.950549940470445,47.08747148657461,69084615
2023-08-14,48.17701721191406,48.60336323260356,42.49241324051777,46.092665313741186,240638055
2023-08-16,48.55599594116211,49.92977606135665,47.750678429758835,48.22439546333115,207500648
2023-08-17,45.145233154296875,47.371701687961455,44.245170099390805,47.371701687961455,155217100
2023-08-18,44.76626205444336,46.424271760163485,43.96094450019189,45.145237147134836,127976241
2023-08-21,45.2399787902832,45.80843781108824,44.955749279880685,45.666324862974136,74415020
2023-08-22,45.334720611572266,45.66632471779962,45.09786208462743,45.57157913851711,40881273
2023-08-23,45.2399787902832,45.61895388026944,45.09786222799479,45.47683731798102,29610934
2023-08-24,46.04529571533203,47.608563422640685,45.382094738097344,45.476836702223935,119824410
2023-08-25,45.855812072753906,46.61375863301135,45.52420796789645,46.14004158107866,36732928
2023-08-28,46.14004135131836,46.708500365137155,45.950553808654,46.32952889398271,42444304
2023-08-29,46.89798355102539,48.177018020383784,46.37689556773768,46.471637523181286,107331968
2023-08-30,47.182212829589844,48.177017814185696,46.9927253053397,47.371700353839984,57580129
2023-08-31,47.56119155883789,47.8454210601226,47.18221648100883,47.65593352120806,37388795
2023-09-01,52.81945037841797,53.53002594404691,47.46644633834359,47.84542141901538,236065708
2023-09-04,63.19384765625,63.3833388014975,54.1458568998634,54.66694489968487,504243805
2023-09-05,68.45211791992188,71.72076287389343,65.84667398525357,66.08353252476887,573870002
2023-09-06,65.1360855102539,70.11011385830966,63.71493455366655,69.63639687278054,203998733
2023-09-07,69.30480194091797,70.58383645790843,64.61499907415545,65.46769116159847,202538874
2023-09-08,73.04717254638672,73.85249013953985,70.72596173758964,70.77332910874628,179288780
2023-09-11,80.29503631591797,80.34241091009851,77.21587563123676,77.40535955126246,169943821
2023-09-12,78.44754791259766,87.49553940835433,73.2840276291409,86.21650479389486,395003025
2023-09-13,74.75254821777344,79.8686935489863,71.43652903269913,75.6999822706518,238578975
2023-09-14,76.97901916503906,77.6895947265625,74.61043395996094,76.74216064453125,129797195
2023-09-15,75.83222961425781,78.50810205817184,75.25883045946648,78.12583352458901,77020431
2023-09-18,73.20413208007812,76.16669999480555,72.91743619287756,76.16669999480555,73958819
2023-09-20,73.77752685546875,75.92777869467669,70.71939382283874,72.63072879102356,76414678
2023-09-21,71.14944458007812,74.78098410482963,70.71939710872067,73.77753028344274,52360179
2023-09-22,71.7706298828125,72.72629741065597,68.18687665339945,71.67506458826108,94866289
2023-09-25,73.395263671875,75.21102600867393,71.48392875636955,72.77407836610291,85506777
2023-09-26,72.58293151855469,74.0164325278046,72.20067041568525,73.77751569292961,33138244
2023-09-27,72.05732727050781,73.29969058222792,71.53170725594205,71.53170725594205,31966561
2023-09-28,71.5317153930664,72.91743772948054,71.19723320536812,72.63073454507351,25011662
2023-09-29,73.15635681152344,74.11202439996312,71.29280063936703,71.96177232597384,39254526
2023-10-03,73.20413208007812,74.3509375023745,72.91743619287756,73.44304896499429,32681918
2023-10-04,71.72284698486328,73.20412719785318,70.52826263995325,73.06077561823113,34505676
2023-10-05,71.05387878417969,72.48738006681074,70.7193966097987,72.39181477286826,20716740
2023-10-06,71.5317153930664,72.63073454507351,70.52826882997154,71.48393638977514,27407523
2023-10-09,67.99574279785156,69.71593989063457,67.2312058958385,69.42924402075288,49805228
2023-10-10,72.29624938964844,72.86964844375987,68.18687613471485,68.23466242720937,75097719
2023-10-11,72.24846649169922,74.20758791738953,72.0095496003304,73.20413405717451,45128089
2023-10-12,71.7706298828125,72.72629741065597,71.48393399915822,72.67851840896257,21587597
2023-10-13,73.20413208007812,74.87655027449124,71.19723170501534,71.67506547484766,78755411
2023-10-16,72.91743469238281,73.82531591991597,72.82186210745128,73.77752962745019,23187941
2023-10-17,75.64108276367188,77.21793556939652,73.20412776471888,73.53860992565095,153256370
2023-10-18,74.0642318725586,77.12236498179846,73.72974970297993,76.35783535007072,60210098
2023-10-19,74.15979766845703,74.9243345965382,72.43960051702118,72.72629639667824,36281928
2023-10-20,73.6341781616211,75.73664358440723,73.25190973261529,74.15979087173571,34571282
2023-10-23,68.99919128417969,74.49427946497902,68.80806069870464,74.0642320020779,59336442
2023-10-25,67.18342590332031,71.57949479700116,64.98538781089782,70.14599359529018,67364514
2023-10-26,67.08785247802734,68.23465779964019,62.83513521635203,65.84548916023516,109965024
2023-10-27,68.7602767944336,69.90708222059983,67.32677548009934,68.2346640205432,71117911
2023-10-30,69.52481079101562,69.85929295858143,66.8011598677448,69.23810762386526,44719772
2023-10-31,69.38146209716797,71.1016665893876,68.90362832612526,70.43269493522898,44614720
2023-11-01,69.7159423828125,70.14599713975488,69.28589491703464,69.7159423828125,17172572
2023-11-02,69.81150817871094,71.2450093134593,69.57259132291955,70.71938931425271,22236579
2023-11-03,68.951416015625,70.09821417287867,67.90018315628166,69.47702879971423,35993734
2023-11-06,69.57259368896484,70.91052229396627,69.4292421123821,69.85928955096627,28925365
2023-11-07,69.81150817871094,71.0060924576679,69.57259132291955,70.00263874687853,32735491
2023-11-08,72.24846649169922,73.10856875885996,70.14600076411953,70.24156606243409,61639026
2023-11-09,71.29280090332031,73.49083928133558,70.81496710733136,72.63073699032243,35223000
2023-11-10,71.58261108398438,71.8724221800735,70.76148947200161,71.8724221800735,20115569
2023-11-13,71.14789581298828,72.11392289158907,71.05129457916856,72.06561858957835,21466105
2023-11-15,71.00299072265625,72.25882888079754,70.66488271706491,71.87241657289239,19871941
2023-11-16,70.6165771484375,71.38940175038931,70.51997591574393,71.24449621624815,15227424
2023-11-17,74.28748321533203,74.96369921678199,70.23016509602736,70.90638846767897,116818430
2023-11-20,73.51465606689453,75.83312243053065,73.22485237781589,74.77049416350617,46928842
2023-11-21,74.23917388916016,75.54330887237849,73.7561603864718,73.90106591131854,49893620
2023-11-22,74.09427642822266,75.44671585698045,72.93504684368853,74.67389859069168,35591880
2023-11-23,73.90106964111328,74.77049546387256,73.75616410895314,74.19088070543356,22783082
2023-11-24,73.51465606689453,74.86709539319905,73.32145360750877,74.23917634489324,21604709
2023-11-28,73.03164672851562,74.14257935907635,72.69353872013674,73.85276828320771,25080614
2023-11-29,72.74185180664062,73.75617595425987,72.45204069577643,73.41806790505345,14635478
2023-11-30,72.1139144897461,72.88673164046637,71.6309010067206,72.88673164046637,19003196
2023-12-01,72.83843994140625,74.62558848281196,72.2588251942208,72.40372335336613,34411168
2023-12-04,73.8044662475586,75.49501354276353,73.56295949110074,75.35010801484856,54336061
2023-12-05,73.56295776367188,74.57728169485537,73.2248497866107,74.38407924230646,28021269
2023-12-06,73.224853515625,73.9493738048817,73.03164368303564,73.901069504184,24145206
2023-12-07,73.46635437011719,74.04596908086624,72.06561083475596,72.45202309865564,25013914
2023-12-08,73.99767303466797,75.01200441922573,73.03164595230885,73.51465949348841,47322739
2023-12-11,79.40742492675781,80.51835756936345,74.1908844661781,74.38408693871739,268676897
2023-12-12,80.22855377197266,83.56134432590788,79.26252666993904,81.5809858186582,135491070
2023-12-13,80.66326904296875,82.4987221479271,80.27685669926134,81.1462826300524,84559239
2023-12-14,89.50240325927734,92.93179469617006,81.91909276338652,82.06399091760646,475975248
2023-12-15,91.4827651977539,97.37553651830403,90.90315040054298,91.77257628146037,325150277
2023-12-18,91.1446533203125,93.07670747599565,88.14997085304394,92.64199823904762,151821592
2023-12-19,96.6993179321289,98.05175743982211,91.28956727155851,91.72427654858022,328191530
2023-12-20,89.30919647216797,100.56341290830555,88.19827127764994,98.72796006705627,263936530
2023-12-21,95.49178314208984,96.40951336477092,84.1409640299044,87.81187018022402,280904719
2023-12-22,94.42914581298828,98.43815961566187,93.366517513174,97.56873378119505,137646820
2023-12-26,94.09103393554688,95.92648676150564,93.26991243636044,95.15366219156469,77725407
2023-12-27,93.41481018066406,95.5400740534905,92.93179666914004,94.67064825870702,48428319
2023-12-28,93.1733169555664,95.25027683077683,92.78691198639434,93.94614163431524,59468778
2023-12-29,95.97478485107422,97.08571741996987,93.22160926395117,93.41481172367155,153201085
2024-01-01,96.98912048339844,98.92117464693146,96.02309340163193,96.60270817665149,102849848
2024-01-02,96.60271453857422,98.19666080250114,94.47745776680648,97.56874168395996,70051082
2024-01-03,97.47212982177734,98.48645379177863,95.63667697151604,96.79590647157507,96843171
2024-01-04,97.8585433959961,100.08040119529873,97.47213110083865,98.24494832095202,66810041
2024-01-05,97.32722473144531,98.96946775898218,96.50610321767688,98.48645423674175,43542157
2024-01-08,96.55438995361328,98.2449371029676,96.21628199778254,97.90682914713686,38895310
2024-01-09,96.6993179321289,98.72797350856752,96.5061154468309,97.47214261372571,44804938
2024-01-10,99.54908752441406,99.98379673605552,96.16799294879866,97.03741137208159,110316122
2024-01-11,103.2199935913086,105.58676439536798,100.70832461921039,101.14303386373057,191294222
2024-01-12,109.54747009277344,110.12708485481107,105.15204402110166,105.29694955416146,199380642
2024-01-15,109.54747009277344,109.54747009277344,109.54747009277344,109.54747009277344,0
2024-01-16,137.03094482421875,141.81277583943654,131.5245787711283,133.89135686851773,492705331
2024-01-17,144.03463745117188,145.58027186976062,128.52990052282357,133.31173141912464,336463589
2024-01-18,141.28146362304688,149.7342007628873,131.66949690925196,147.80214655949518,272134347
2024-01-19,154.8058319091797,155.38545402465752,144.13123025534915,144.42104131308807,266085180
2024-01-23,155.82017517089844,186.2500290147841,153.35680310212217,179.4878392716984,269108130
2024-01-24,166.06004333496094,167.4124900437959,145.87008396683794,159.39446261276993,198113352
2024-01-25,167.94381713867188,172.24263478322368,165.6736475587606,168.81323563203156,100074798
2024-01-29,165.0457305908203,172.2426293048714,163.54838568618877,171.2766022361289,74341987
2024-01-30,160.98838806152344,166.30153637695855,158.57332064541657,165.5770161521265,69398771
2024-01-31,169.19964599609375,170.79359960552168,160.36050364895462,162.14765973638478,84194726
2024-02-01,164.12799072265625,177.02445780104946,162.48574767749383,173.88486987279074,165894732
2024-02-02,163.2102813720703,169.05474848195593,161.42314001807506,166.83288312525508,61739734
2024-02-05,155.0956573486328,164.41781317757443,154.5643394835772,164.369508873405,68987316
2024-02-06,155.43373107910156,158.62162297695417,146.93270567202995,155.91674455633978,81434112
2024-02-07,156.97940063476562,160.26388681342397,154.22621755824068,158.9114547964243,36816341
2024-02-08,156.44808959960938,158.8148531025433,155.2405556960304,158.8148531025433,34218693
2024-02-09,148.4783477783203,156.49637487102748,144.08292195577582,156.49637487102748,64801528
2024-02-12,128.43328857421875,145.91838342527717,125.77671428549124,145.53196377540263,128716009
2024-02-13,148.23684692382812,150.99002989483412,123.3133536157747,127.51556978228706,240631230
2024-02-14,149.05796813964844,152.0526429771561,140.5569276433775,148.18853500070585,152849830
2024-02-15,153.50169372558594,156.0133699742742,149.63758549092898,150.9900322173008,77035160
2024-02-16,150.16891479492188,155.91677328505824,149.73420553338966,154.3228344126387,41902227
2024-02-19,153.2602081298828,158.76657491715466,149.10630299619373,150.70024196699023,87423359
2024-02-20,153.11529541015625,155.2888563860102,151.81115292848236,154.2262206794312,35987220
2024-02-21,148.96136474609375,154.95072937067133,148.18854017573477,153.45339926982894,35706625
2024-02-22,147.02931213378906,150.5553196642911,144.13123102179426,148.86477234896077,39315419
2024-02-23,147.99534606933594,151.08662978480442,147.51233252815638,148.4783596105155,34425812
2024-02-26,147.12591552734375,151.0866173960044,146.59459772753252,149.05796953363742,35557532
2024-02-27,146.44970703125,151.32813185325608,145.87008490368342,147.70553040697254,43995103
2024-02-28,142.3923797607422,148.18854199915074,140.55693428140728,147.65723891961886,39947465
2024-02-29,141.7644805908203,145.14557552825045,136.0166221452699,141.03996024708528,63490121
2024-03-01,142.3923797607422,146.2564879196812,141.57126562120933,142.97200188074416,30685800
2024-03-04,140.60523986816406,144.4210437619545,139.73580668020483,144.32443516093585,22040025
2024-03-05,140.12222290039062,143.35840458934615,138.91468911934692,139.97731000242382,23046386
2024-03-06,135.726806640625,140.7501445788877,135.2437930938612,140.2671310321239,26188126
2024-03-07,138.81808471679688,139.494300706541,134.90567219987318,136.54792998405568,24018294
2024-03-11,136.30642700195312,142.24748765292583,135.2920956189959,139.25279780617655,24321115
2024-03-12,132.1042022705078,137.5622493383565,131.04156659374277,136.98264193863284,34760039
2024-03-13,120.02886962890625,134.08456716934592,118.82133572921907,132.1042086257781,88853047
2024-03-14,135.48529052734375,137.65885133794285,112.68705416576681,116.79266903023178,194522257
2024-03-15,132.2974090576172,140.8950591347964,128.96461849405387,135.9200107007086,122337843
2024-03-18,130.36532592773438,134.85735981289756,128.33667830188054,133.64982619974626,56717160
2024-03-19,130.60687255859375,132.7321294190533,128.57822431286624,129.9306564766846,46347136
2024-03-20,128.67481994628906,133.50495594082247,128.33671927091487,131.57290154300912,39345072
2024-03-21,130.65518188476562,132.9736413233423,130.2204725825832,132.3457295246794,35779582
2024-03-22,136.16151428222656,140.26712938140219,130.41365609146135,131.3313788714317,112209659
2024-03-26,140.75015258789062,143.64823403338076,136.1615236325312,137.56226004977057,120887716
2024-03-27,137.99697875976562,145.82178951786975,136.78944487051461,142.48899893161777,89910843
2024-03-28,137.51397705078125,142.77882231339692,136.4996455483458,140.02563891255858,50962525
2024-04-01,139.88072204589844,141.76447187572347,138.96299928166604,140.2671269759742,47979360
2024-04-02,141.1365509033203,143.1168944653084,139.39769935145554,141.08824660513474,59236883
2024-04-03,140.36373901367188,142.778806736755,139.59091439420456,140.07392793882119,42670072
2024-04-04,138.86639404296875,143.26182024597475,138.6248872707201,142.0059820822011,38590096
2024-04-05,142.8271026611328,144.32443276928885,137.94866319859094,139.1078926895903,81853830
2024-04-08,142.48899841308594,147.31913395251257,142.00598485914327,144.90406618279926,57797243
2024-04-09,142.19920349121094,144.27617085341947,140.6535687872011,143.50334613121177,38718449
2024-04-10,141.71617126464844,143.50332727869363,141.52296879457955,142.68219835539642,20413452
2024-04-12,140.36373901367188,142.68219813167025,140.07392793882119,141.716171042437,27108905
2024-04-15,135.48529052734375,137.1758378244764,130.70345969210626,133.408338315599,49605843
2024-04-16,136.88604736328125,137.7554806625716,133.4083583873343,135.05060163212076,25012121
2024-04-18,137.12753295898438,140.50862753929243,136.7894323451951,138.52826919417433,24827547
2024-04-19,136.2098388671875,137.41737289969802,132.82874357615802,135.24381164117906,28016383
2024-04-22,139.2045135498047,140.07393205952982,137.56225565747317,138.14187782422596,23609150
2024-04-23,142.7305145263672,143.16522380527007,138.72150766256686,139.83243301314147,41842082
2024-04-24,143.9380340576172,145.3387703671442,142.4889934462989,143.9380340576172,44593104
2024-04-25,145.1455535888672,146.83610080204866,142.24747265198465,143.93801986516613,43990323
2024-04-26,152.6805877685547,153.59831057548465,144.51766163259242,145.87009369118354,131170998
2024-04-29,155.43373107910156,158.62162297695417,154.17790783060337,156.01335314794804,67507054
2024-04-30,151.90777587890625,156.35150685642265,151.27986410052912,156.20659393343973,49152158
2024-05-02,153.50169372558594,155.7235589085943,150.89342361527312,153.01868019625383,37976109
2024-05-03,151.66624450683594,155.0473391295998,149.87908859578536,154.37112315312757,31288231
2024-05-06,150.3621063232422,152.8254782797358,146.35309991159411,152.43907335104797,40457121
2024-05-07,144.7108612060547,149.83080773736145,143.45502303944681,149.20288128385573,29872858
2024-05-08,147.07762145996094,148.5266620654778,141.3297633394914,143.93803348134108,25210562
2024-05-09,142.05429077148438,147.70554057237564,141.1848575202983,146.8361220615936,21064246
2024-05-10,143.02029418945312,144.46933462756226,137.61053732435167,142.73048315375098,27205055
2024-05-13,140.94334411621094,143.4067161015195,138.23848010295004,143.02031116831174,20343612
2024-05-14,151.95608520507812,152.63230131344898,142.0060018549177,142.0060018549177,65039211
2024-05-15,150.16891479492188,154.37113871734323,149.73420553338966,153.50170545387454,45470586
2024-05-16,152.2941436767578,154.0812994410434,150.31380020980546,151.5696234599504,44997396
2024-05-17,163.25857543945312,164.70761604986248,151.7628591597003,153.0669868648267,189723845
2024-05-21,173.35354614257812,175.81691799665572,170.02075586489784,170.74527613136758,165354884
2024-05-22,169.6826629638672,177.45918446773078,167.1226969130943,174.85091411138768,93399530
2024-05-23,180.1640625,185.13909639941463,169.92416886925378,170.98680462466487,215698925
2024-05-24,177.74899291992188,184.31798038895636,176.54145900062892,182.38592611808767,87948476
2024-05-27,178.28030395507812,186.2500275167564,177.74898610288548,180.64706739804123,87126920
2024-05-28,174.1263885498047,181.37159195687008,171.46981396721407,179.6810444952215,79904182
2024-05-29,174.17469787597656,175.5754342936497,169.3445621319972,172.4358460600631,54953818
2024-05-30,170.60037231445312,175.91352075896393,169.82754777444387,174.17466922904362,43583688
2024-05-31,171.75961303710938,173.73997144459668,166.253261780986,172.9188425530717,56435354
2024-06-03,182.5308074951172,193.20540930743346,179.97084171795487,193.20540930743346,112293004
2024-06-04,159.34617614746094,182.57913215554657,146.06330277635635,182.57913215554657,198103673
2024-06-05,160.79519653320312,169.05473060513452,147.89874449985305,162.29254138092915,114119168
2024-06-06,167.17100524902344,171.85622819420306,162.09936259037016,166.1566737692118,70250205
2024-06-07,167.7023162841797,170.45548477061598,164.32122131667933,167.12269410787505,45402104
2024-06-10,167.13233947753906,173.2086580534868,166.1566574351916,170.55208358867998,47647958
2024-06-11,170.21395874023438,171.95281033212288,167.7602565841936,169.44113417268363,66680300
2024-06-12,171.6533660888672,172.8222506819743,170.22365003878724,170.938500693625,46384387
2024-06-13,169.1803436279297,172.87055976603696,168.6200460983983,172.6290529726392,31750295
2024-06-14,168.8615264892578,170.60037807792253,167.31587735702192,169.7309449133889,28398761
2024-06-18,169.74063110351562,172.5324488802148,169.1030496690131,170.02077248148578,38754538
2024-06-19,167.33518981933594,170.20429104625947,165.509399469512,170.19462134288167,26756319
2024-06-20,166.44647216796875,168.26259309129276,165.8668500121907,167.30623569678383,17539484
2024-06-21,170.32989501953125,174.36788097729632,165.7702462047708,166.5430560455889,96727451
2024-06-24,170.8612060546875,174.84124767413104,168.40750374100836,170.0207672064484,50588329
2024-06-25,169.6439971923828,172.53242314605617,169.13200407630453,171.56639617377232,23352075
2024-06-26,169.0933837890625,171.22831025031687,168.28192453065085,169.72131027315112,22765762
2024-06-27,167.28692626953125,171.75963686402454,166.6396898228361,169.53777138497236,27461491
2024-06-28,167.90516662597656,169.9724640147662,167.12268703934365,168.2819166025185,23860432
2024-07-01,165.92478942871094,167.88582302656638,165.67362771947103,167.88582302656638,26142598
2024-07-02,166.12767028808594,167.3641837129087,164.23425081484956,166.63966343709524,19310733
2024-07-03,170.4844512939453,171.9528165513597,166.64932268938216,166.92947879119833,34748569
2024-07-04,171.6823272705078,174.078070209965,170.50377309875162,171.80791550303354,35385014
2024-07-05,181.8352508544922,184.9941631462338,172.04940775696608,172.49377190467678,224563674
2024-07-08,195.1567840576172,199.00156749649892,186.92622966297353,186.92622966297353,260960455
2024-07-09,189.1964111328125,205.99562160812033,185.67040341640404,202.67248606602504,152536043
2024-07-10,196.7893829345703,198.03555138187878,187.2160510349495,190.9642260815322,171789924
2024-07-11,198.9822540283203,201.9962685446851,194.19076796091525,200.35401071456948,121502241
2024-07-12,210.0432586669922,216.77646852131267,197.45592712938094,199.0015763368968,300609460
2024-07-15,208.97097778320312,221.22019365795316,207.2417811152686,212.91235516153696,167338162
2024-07-16,204.9040069580078,213.78179828693828,204.14085204153642,210.98031087747836,86369570
2024-07-18,198.8277130126953,204.7977536619758,194.26806373306428,204.7977536619758,94398777
2024-07-19,198.77938842773438,204.2953945792681,193.88162425265136,194.28735384117377,124381385
2024-07-22,197.6298370361328,202.092877772986,194.75108024304086,198.77941170845065,72152927
2024-07-23,187.54449462890625,201.8996574671432,158.57333751642986,199.9676033287016,167582146
2024-07-24,185.738037109375,193.10881395672328,184.74303036240187,187.7956648362087,65395254
2024-07-25,177.32391357421875,184.89756170852175,176.78294081325456,183.5451298061113,73915719
2024-07-26,177.2080078125,181.5164802835883,176.58975107824685,178.47350091383043,50538191
2024-07-29,188.63609313964844,190.7903291849047,178.36722159114748,179.60373495043015,109648645
2024-07-30,188.81967163085938,191.56318517600297,186.92625194706469,190.11414446323502,58191861
2024-07-31,187.07113647460938,189.6794213596306,186.6364272405736,189.18673811937387,27603203
2024-08-01,183.33261108398438,189.00318511078547,181.303948397051,188.0371580675606,35027956
2024-08-02,185.79598999023438,186.82963130040727,178.30928012325708,180.16405034725983,41362024
2024-08-05,173.2859344482422,179.29462379186714,171.95281242152842,173.91384612553048,84910762
2024-08-06,170.36854553222656,180.64707362365698,169.18033628757667,175.81693796527043,49560277
2024-08-07,176.2130126953125,176.7829651655262,171.03510667789732,175.52712694577767,46932256
2024-08-08,174.7736053466797,178.23198382055554,173.91384189510177,176.68633470427054,38021940
2024-08-09,173.68199157714844,176.19366772729245,172.918836716523,175.90385667298315,27492189
2024-08-12,178.2899627685547,181.08178055354347,173.69167898751556,173.88488146328285,64022633
2024-08-13,175.4788055419922,183.0138193858481,173.88486682558542,180.16404257206491,45899363
2024-08-14,172.976806640625,177.07276676765576,170.69698214149332,176.64771249385782,28173960
2024-08-16,172.69667053222656,176.0584407467443,172.29094091499198,174.8509068595924,19956147
2024-08-19,174.04910278320312,175.62373169072927,173.57574419236784,174.9475156612531,17803897
2024-08-20,173.79794311523438,174.85090914087192,172.14603025028038,174.85090914087192,15629517
2024-08-21,174.39686584472656,175.2373046790679,172.62903453699906,172.9285005703665,15731941
2024-08-22,175.9582061767578,176.4818847961191,174.51321780460802,175.53149740657778,14101752
2024-08-23,177.8687286376953,181.67029385578945,174.56174971659635,175.53153721502187,31152412
2024-08-26,175.5800018310547,178.63482604972333,175.24057034107796,178.44087154021398,14596223
2024-08-27,175.38604736328125,177.732930963798,174.80416903683422,175.58000187283673,12765877
2024-08-28,175.49273681640625,177.47109662845367,175.04662809527807,175.82246098545056,13132709
2024-08-29,174.50355529785156,176.2879606459703,173.68893739516025,175.82246681554412,12705236
2024-08-30,173.22341918945312,175.96791928400347,172.62215574182216,174.9205471251171,15512791
2024-09-02,172.17604064941406,174.80417089483424,171.26445296503587,173.44647451573422,15070147
2024-09-03,173.06825256347656,173.75679327760074,171.73963386548303,172.62214388286833,10416245
2024-09-04,170.7019805908203,172.62215548031247,170.29467166261176,171.16747439480423,12223757
2024-09-05,168.23870849609375,171.5069019894991,167.77321470272497,171.361425005597,15774279
2024-09-06,164.71839904785156,168.90787300337985,163.02127106448216,168.23871731657772,21770999
2024-09-09,163.24432373046875,164.86386700115804,160.12160694815364,164.70869745721862,20754357
2024-09-10,164.6214141845703,166.648266336465,163.74861142759394,163.8940736211628,15088916
2024-09-11,160.8683319091797,165.30025244669852,160.11189895268603,165.30025244669852,11765516
2024-09-12,161.97389221191406,163.45766571821767,158.57963638482823,161.54718339743545,19024067
2024-09-13,162.19692993164062,165.50390825779783,160.95560334079937,162.91457787856893,15434229
2024-09-16,159.00634765625,162.39089619126182,158.73479357192855,162.1969416719876,14572347
2024-09-17,155.74786376953125,159.3554741140235,155.35993992734947,159.04513504027807,20564052
2024-09-18,153.76950073242188,159.510640848416,153.22642211030902,156.24246177034098,23122350
2024-09-19,150.5594940185547,156.13577157479745,147.1167457851442,154.63259814355834,39913910
2024-09-20,156.5527801513672,158.36629273610112,149.90974503144898,151.28684142768506,51104236
2024-09-23,154.73927307128906,158.07534404955032,153.37186930442363,158.07534404955032,19794141
2024-09-24,153.94406127929688,155.5538971596079,153.22641325709387,155.16598810844948,14786775
2024-09-25,152.19842529296875,153.90524565933592,151.6456394142764,153.90524565933592,10610463
2024-09-26,152.1111602783203,154.71987596566092,150.1521855783231,152.15963781030848,16974098
2024-09-27,152.0723419189453,154.04100892530073,151.44198610228597,152.11114169713397,13164782
2024-09-30,153.92466735839844,154.48714586284484,150.1231022780062,151.96569253915848,17775338
2024-10-01,150.6467742919922,153.90526061555033,150.31705012061457,153.90526061555033,17263625
2024-10-03,147.019775390625,148.7071959918156,146.43789703297085,148.37747182810955,18663724
2024-10-04,147.47557067871094,148.80417462428395,142.4423719215199,147.0197694364903,29051138
2024-10-07,139.98883056640625,148.81388787610075,138.87356607052573,147.47559119794002,35658511
2024-10-08,147.23313903808594,147.8925874068663,137.23461791178627,139.9888255399729,43656448
2024-10-09,148.84295654296875,150.98619307169363,148.37746276395055,149.9485135167497,23776424
2024-10-10,146.85488891601562,149.73515848243252,146.4960723376488,149.54120397514723,10797567
2024-10-11,147.7956085205078,150.54981625638,145.85603352786188,146.6318664844768,16029678
2024-10-14,146.77731323242188,149.49270582417668,146.4475743053261,148.86235000061498,9810920
2024-10-15,146.53488159179688,147.55314652032442,145.57478674165742,147.2816072330129,8339050
2024-10-16,146.20513916015625,148.13502136139456,145.9529997701465,146.43789345709052,12674832
2024-10-17,144.61468505859375,149.83214574272404,144.02311418252032,146.8839987064473,20798933
2024-10-18,143.2181854248047,143.9164334844395,140.92950153773316,143.52852447254472,11316090
2024-10-21,140.31854248046875,144.49832384277235,139.64938680106857,143.5285364344316,10148561
2024-10-22,133.5203094482422,140.31852794717514,132.385660073737,139.84332683910512,21418863
2024-10-23,135.207763671875,137.09884622819033,129.36963911539456,133.82097472983776,26287104
2024-10-24,134.82952880859375,136.59454881943435,133.30697042354228,134.80043637305508,12496782
2024-10-25,130.36849975585938,135.07197408429326,128.78775651789715,134.15067910800266,18714548
2024-10-28,139.1450958251953,140.97799346955813,130.0290999342676,130.36851665490855,32085342
2024-10-29,139.19358825683594,140.706454275782,136.47818050083393,140.32823777104548,17495826
2024-10-30,150.8504180908203,153.22639402597085,137.9037516638178,139.2614627680323,94008988
2024-10-31,151.248046875,155.0689967366955,148.09623787793072,150.70495350998422,55531774
2024-11-01,153.33309936523438,156.13578459619893,151.38383185368855,152.4020968715246,10418053
2024-11-04,148.6102294921875,154.42895400921907,147.12645592416698,154.1961997013364,31327165
2024-11-05,146.86459350585938,148.49382909384013,144.12009362578644,148.37745935120725,29226153
2024-11-06,149.35694885253906,150.21036648100588,147.22341957915307,148.37746892734404,18123332
2024-11-07,149.25027465820312,152.46997592303998,148.2417022751372,150.3170467152952,19226279
2024-11-08,144.05223083496094,148.13504278039105,142.5587645742552,147.40770214480813,14681163
2024-11-11,142.9466552734375,146.6318503125846,140.92951052560366,143.05333247817902,18847259
2024-11-12,141.6985626220703,146.50569750155717,141.00624961810425,144.31176858722438,13172317
2024-11-13,136.14060974121094,142.264108472678,135.8285920043289,141.0940159219358,16372099
2024-11-14,136.17962646484375,138.6855734096438,136.02361015116972,137.47648417500665,14794085
2024-11-18,134.84375,137.778749089151,134.36597052300058,137.46671647854959,13930322
2024-11-19,141.56202697753906,143.2976820814944,136.34536086306895,136.8036493934537,36796687
2024-11-21,138.1395263671875,142.05935055981288,137.242454912685,141.59131651366678,20058952
2024-11-22,138.60755920410156,139.71914935308462,136.1601147640998,138.13952516203867,13970799
2024-11-25,142.66387939453125,146.94447780829347,142.02032335309661,145.28684563248834,23570160
2024-11-26,143.034423828125,143.82423589552832,141.43529393602114,142.6638888321448,13248817
2024-11-27,146.73973083496094,147.91956879063721,142.2056018767696,143.0344254682713,22054792
2024-11-28,149.5771942138672,151.77112316022885,146.79822647559547,147.51003036775916,26332388
2024-11-29,145.61837768554688,149.17742700094757,145.09184127054766,149.17742700094757,18576066
2024-12-02,143.60971069335938,146.4667014273384,143.34643505664383,145.10158117052632,16680269
2024-12-03,144.5067901611328,145.5403721309389,143.84374319126988,144.3117772216751,12159196
2024-12-04,147.2857666015625,149.08965481252838,145.00408406261562,145.28685058095022,21984506
2024-12-05,147.0810089111328,148.21210486118488,145.97917903844984,147.28578218150938,11514970
2024-12-06,154.0625762939453,155.66170623755124,146.7982362735135,147.0810028100298,62323577
2024-12-09,155.23265075683594,156.93903985251401,153.8187884818377,155.42766367777844,29324888
2024-12-10,152.9412384033203,155.9444704230693,151.4298620753633,155.661703890816,16690253
2024-12-11,160.8003692626953,161.8534569431359,152.64870377649922,152.94123061193264,86849772
2024-12-12,158.6746826171875,162.74076234031057,157.33882846543793,160.79060334340556,39528508
2024-12-13,155.3496856689453,157.79713005597847,152.20016791621146,157.47535200948244,27371411
2024-12-16,154.97914123535156,158.7429487763811,154.55010386613586,156.0127231456261,19179446
2024-12-17,152.75595092773438,156.33449074067502,152.1123949168539,154.79386341699077,18045496
2024-12-18,149.52845764160156,152.9704873249176,149.23593079561735,152.1124125443062,13692945
2024-12-19,149.03114318847656,149.6649537734966,144.40927600542955,144.7993018434942,15016841
2024-12-20,144.71156311035156,150.3475218563153,144.31177691426805,148.3973627088252,16336702
2024-12-23,144.10699462890625,146.53494797169193,143.23917445778352,145.2868473857746,14758199
2024-12-24,144.17527770996094,145.97918101469836,142.9564281469045,144.10701499273313,11854675
2024-12-26,143.22943115234375,145.77438931342513,141.8935769612375,144.31177002265497,11467576
2024-12-27,142.57614135742188,144.09726316411354,142.26410874141638,143.22944290883257,8487014
2024-12-30,149.52845764160156,154.06257167948962,141.09401045481323,142.4103738224754,40675811
2024-12-31,145.32583618164062,146.93472621786813,142.05932891753955,146.2521735715285,41308416
2025-01-01,146.6032257080078,149.0799213774937,144.67255736248646,145.9694150326879,19810452
2025-01-02,148.25108337402344,148.67037530361134,146.26192770380607,146.89572343910947,14368318
2025-01-03,149.86972045898438,152.89247294681613,149.03115146986886,149.5771936249147,20331510
2025-01-06,141.7960662841797,150.06473669686073,141.19152172469998,150.05499125763896,21684925
2025-01-07,142.3616180419922,144.09725849633105,141.1915255269428,142.5566309814115,13305286
2025-01-08,140.1872100830078,142.84917344955923,138.46131487943626,142.55664656917733,16306841
2025-01-09,136.95968627929688,140.65523139290923,136.55990007502697,140.41146149448133,12452173
2025-01-10,132.3280487060547,136.90115917417702,131.87950557860447,136.22836680080084,21705766
2025-01-13,125.23921966552734,132.38655454577204,124.52740832141524,130.66065957789561,30293364
2025-01-14,132.1720428466797,133.09836549161048,126.48732698934288,126.76034808724808,30467846
2025-01-15,134.13192749023438,136.9986634693757,131.45045898816474,136.9986634693757,34455125
2025-01-16,139.4168701171875,142.11784464101984,135.73107060254353,136.5111372195045,45555802
2025-01-17,142.54689025878906,143.2391884484157,138.36379040893888,139.41687817088996,30934225
2025-01-20,143.04417419433594,144.91632523894924,141.21103466566075,143.78524421182075,32579099
2025-01-21,138.84158325195312,142.94667490277286,137.83725245710693,142.94667490277286,21897756
2025-01-22,136.75491333007812,139.19261231991908,133.3031381070182,138.948842420935,19198201
2025-01-23,137.84698486328125,140.80147457320356,134.66823103319388,135.5360511975187,17671282
2025-01-24,137.1741943359375,139.61189339546326,135.53606770963265,138.07128068295316,15843304
2025-01-27,133.6346435546875,135.72131301309616,132.4255396627142,135.5360455343187,15984361
2025-01-28,134.38546752929688,136.69640124675158,131.3627150447132,134.56097470243037,23224966
2025-01-29,138.19801330566406,138.7050588114207,134.99975373741268,135.24352361230092,19560159
2025-01-30,144.53604125976562,145.48186963795212,138.31504368765675,139.24136630835068,40194969
2025-01-31,147.1785125732422,148.76789703235926,142.6151324520022,145.4623630089832,50647026
2025-02-01,137.70074462890625,151.64438612020803,135.68232268110623,148.11458779116467,76893891
2025-02-03,133.4298858642578,135.770085778255,130.12436669043535,133.91742565319052,36236290
2025-02-04,134.4049530029297,136.70614118885823,132.70832421672853,136.51112826704033,21695745
2025-02-05,134.49270629882812,136.6086418755581,134.0734292617414,134.54146324881157,13087044
2025-02-06,132.9130859375,135.2435253766935,132.22078781576374,134.4927099862534,11527600
2025-02-07,130.10484313964844,132.80581736693776,129.68556612020308,132.60105901556773,16860473
2025-02-10,127.78418731689453,131.14820903387823,127.36489534299673,130.17312941280852,13464523
2025-02-11,123.10379028320312,128.3692137775666,122.37248063795637,128.0669415047632,20569801
2025-02-12,122.2262191772461,123.93260837679874,116.31723952964623,122.86002236779038,36495363
2025-02-13,123.41582489013672,125.59025567521468,122.22622658577481,122.46999648620088,15469045
2025-02-14,118.71593475341797,124.76142496433305,117.98462509374599,124.03011530466107,18631299
2025-02-17,118.74518585205078,119.76902235045776,114.94237413702469,117.71160391446142,22536906
2025-02-18,116.2977294921875,119.14496730562705,114.91311837808126,118.76468689315091,17608523
2025-02-19,121.17314147949219,122.70401619006384,114.28908172153226,115.25440846532784,33285812
2025-02-20,121.67042541503906,122.84052534202576,119.34973875737872,120.60759227327443,13856925
2025-02-21,121.9922103881836,124.42015652982855,120.65634864669147,121.68993809017944,25318595
2025-02-24,120.39307403564453,122.0312079881938,119.44724567552304,121.29014544223263,13838044
2025-02-25,120.18830871582031,122.24572718371243,119.74951845001489,120.32481925915533,13266198
2025-02-27,117.3605728149414,120.90986170866742,116.52200382407868,120.42232194371311,18748431
2025-02-28,109.61843872070312,116.45374829300523,108.9163802704631,116.02471092024379,28927630
2025-03-03,108.36058807373047,112.97271763384597,105.34759582505835,110.1742366379033,42918659
2025-03-04,111.73435974121094,112.47542226680233,107.25874827058618,108.42884073055873,42337061
2025-03-05,114.79611206054688,115.38115826888291,111.8026183126158,112.23164823112027,21555437
2025-03-06,117.5848388671875,118.35515260114708,115.83945302661144,116.5317586114764,23206624
2025-03-07,120.34431457519531,121.87518914949447,116.91203788096827,117.97487100460323,31222210
2025-03-10,116.76577758789062,122.29447692082437,115.4981711811672,121.00737219613185,21456437
2025-03-11,116.32699584960938,117.59459482893342,113.66502534627539,115.05938943101857,17046285
2025-03-12,116.22948455810547,118.1796437449144,115.07889034031751,117.20456415150993,13097183
2025-03-13,114.75711822509766,117.00954967579126,114.08431093389648,116.46350749120295,11472966
2025-03-17,115.81019592285156,116.73652596725118,114.6791075030871,115.06914081445184,13318439
2025-03-18,115.81019592285156,115.81019592285156,115.81019592285156,115.81019592285156,0
2025-03-19,124.91744232177734,125.29772275288992,119.20347553728244,119.44724542590674,28681078
2025-03-20,125.31723022460938,128.564246970936,124.81018468334392,127.24788360294048,28721000
2025-03-21,127.22073364257812,128.14305198936117,124.6107721446024,125.59195932684335,18904126
2025-03-24,130.30165100097656,132.0677907905926,128.0449176571187,128.24115208447,25775174
2025-03-25,126.97543334960938,131.85193470876698,126.43577741989547,131.57720350304496,24206199
2025-03-26,125.97461700439453,128.86911608910208,124.65982982271726,127.5052665558072,23494814
2025-03-27,122.00080108642578,126.75956453608055,121.36303545663691,125.09154196546167,25596858
2025-03-28,122.07929992675781,126.7693731723381,121.66720313211117,123.58051502573036,22400674
2025-04-01,122.04005432128906,122.85444144771988,120.05805958345053,120.49959080406954,17763188
2025-04-02,125.08174133300781,125.3859069544137,120.1954260260856,122.40309711636064,15024892
2025-04-03,126.73013305664062,127.06373308697486,122.80538454430163,122.84462544186496,16348518
2025-04-04,122.49139404296875,126.28859830298076,121.76531768458266,125.21910047070149,15394108
2025-04-07,120.11692810058594,121.71626793264664,110.87414702158829,110.87414702158829,23552525
2025-04-08,122.06949615478516,124.30660164493683,120.88225312321325,124.12017369213625,12601581
2025-04-09,120.74488830566406,122.3442281514102,120.19542589703975,122.05968297955437,9175006
2025-04-11,121.77513885498047,124.02205834651994,121.07849687066518,123.62958198589985,9778310
2025-04-15,125.85688018798828,126.0825490408804,122.64839400863852,123.42353275707677,14463246
2025-04-16,126.63201141357422,127.49546089809571,125.61158336328063,126.5731425799437,14424393
2025-04-17,127.04411315917969,128.53552187994697,125.74895385377972,127.5445282079467,18564617
2025-04-21,128.95742797851562,129.61483658512523,126.16105340969942,127.55433745296281,15830027
2025-04-22,129.8208770751953,130.98849224801376,128.05473710671907,129.6638835287244,14637811
2025-04-23,131.83230590820312,132.56819626978395,126.79881104403736,130.49789078700078,27531889
2025-04-24,130.9099884033203,135.07022732970128,130.49789159489117,132.46026590458877,28862676
2025-04-25,126.37690734863281,131.61644311296394,123.84544271635731,130.97867745700992,30370205
2025-04-28,124.7775650024414,127.16185750364504,123.2665359302718,125.5919521135349,27138997
2025-04-29,124.54208374023438,127.0637343857526,124.3066009231289,126.17085049685431,14094746
2025-04-30,122.12836456298828,124.85606361555452,121.1766118390647,124.60095286300937,11616287
2025-05-02,121.95175170898438,124.46358841621405,121.66720653732729,122.00080657494078,11822797
2025-05-05,122.658203125,123.5216450897602,121.77513322589094,122.5110235608379,10504976
2025-05-06,118.10549926757812,123.43334576116057,117.7522712967213,122.89368983738937,14448874
2025-05-07,118.96894073486328,119.60671387308892,114.49472977156876,114.78908142207489,16855633
2025-05-08,116.70240020751953,121.1177423140791,115.78008190533959,120.19542401189914,10641245
2025-05-09,114.22980499267578,115.5347856849174,112.17912746417934,113.3271146208744,18637874
2025-05-12,123.16841888427734,123.58051568110945,118.60589724545422,120.19542308648852,20291533
2025-05-13,122.41291046142578,123.7276976441779,120.9803781262134,123.33522128850758,14659708
2025-05-14,127.51508331298828,127.82905540266815,122.35402953613253,122.6483886632698,30886094
2025-05-15,127.78981018066406,129.32045962389876,126.92636076274638,128.14303812692796,23535264
2025-05-16,136.00234985351562,137.58206174522059,127.554327992959,128.33928069803042,85471529
2025-05-19,138.82818603515625,140.90829816390126,136.97374277636987,137.3662116781874,56293569
2025-05-20,134.1381072998047,139.77011218712744,133.58862989728664,139.3285809460806,28836535
2025-05-21,135.48231506347656,136.68917099102117,133.03915382172482,134.13809354232305,19235116
2025-05-22,134.25584411621094,136.38501850781913,132.69576008764562,134.42264414080014,14976845
2025-05-23,134.1381072998047,135.15853538959578,132.0579802767358,134.42264499727494,15543948
2025-05-26,137.5428009033203,138.34738151415786,133.9418460321477,134.13809543011678,26058857
2025-05-27,137.0227813720703,138.2394588444369,135.501953246272,137.5624373062542,17277004
2025-05-28,137.69979858398438,139.02440720157105,137.17977060148945,137.5526265027981,15877254
2025-05-29,137.3269500732422,139.56405541413906,136.5812383117921,138.24925335063955,15888843
2025-05-30,136.33595275878906,138.7398583041713,135.25665586684596,137.46432697475927,13735089
2025-06-02,139.34820556640625,140.65318629434617,135.60988485783986,136.18878169281027,26058034
2025-06-03,138.1609649658203,141.58531362736272,137.8567993342959,140.11353285155172,23097654
2025-06-04,142.2230682373047,144.02844892188415,136.3850079420446,138.16095421113735,60460703
2025-06-05,142.53704833984375,145.21568482046214,141.42830217154588,144.62696659601295,33141212
2025-06-06,143.65560913085938,144.72509949322188,141.19281988978116,142.6646005625936,25330188
2025-06-09,144.19528198242188,146.14783498921818,144.0186604956321,144.47981969170726,22597836
2025-06-10,142.497802734375,145.02926732703176,142.2917618211895,144.92133614383496,14830978
2025-06-11,142.7136688232422,144.90171198869172,141.75210960259835,143.15520004902666,15754001
2025-06-12,137.82736206054688,143.43975383374797,137.4741340828025,142.8019731944086,17973178
2025-06-13,135.7276153564453,137.08165836551828,133.45125406419086,133.45125406419086,16264194
2025-06-16,137.3073272705078,137.65073377772632,133.00972291579464,134.7660562358366,13765113
2025-06-17,135.2370147705078,138.0333889186888,134.91322124291764,137.36618890187978,8450765
2025-06-18,133.46109008789062,135.94349256105653,133.14710299051637,135.15853978934976,9407593
2025-06-19,129.86012268066406,134.13809916753468,129.08497646357898,133.44144971747895,13365251
2025-06-20,131.67530822753906,133.53957273458124,129.81105869222415,129.8601210424645,19220459
2025-06-23,134.40301513671875,134.78567753637665,129.56576954689626,129.7620039876927,18533609
2025-06-24,136.01214599609375,137.51336100600375,135.43324922165294,135.60004922589556,13635905
2025-06-25,136.9442901611328,138.67117406009436,136.09064720692587,136.13970955606624,11326924
2025-06-26,137.23863220214844,137.68017836589496,135.60005157380047,136.94428805528634,11721046
2025-06-27,137.3563995361328,139.62293953995606,137.02278451443232,137.8567996110911,12347443
2025-06-30,139.0538330078125,140.10369538929976,137.46431474251096,137.55261798575515,11927422
2025-07-01,138.83798217773438,140.4569349918225,138.07265739597696,139.38744458804968,8315552
2025-07-02,137.6703643798828,139.91729130097255,136.77748049470344,138.8379794648516,8089405
2025-07-03,137.07183837890625,138.81835026380506,136.6499351015523,137.67036312407228,6716053
2025-07-04,136.62049865722656,137.8273546110702,135.7079868591542,137.12089869376487,6596356
2025-07-07,135.93365478515625,137.3661945443934,135.64911711258847,136.5518074515587,5321322
2025-07-08,135.6000518798828,136.76766690416034,134.22639595233673,135.9336518948973,6423737
2025-07-09,135.0015411376953,136.3850186612145,134.5600098989651,135.6000659191784,5698153
2025-07-10,134.55018615722656,136.32613233808635,134.1969582172078,135.0113452725768,5710273
2025-07-11,132.7349853515625,134.78566273031768,132.4602541702808,134.4226283061368,6923282
2025-07-14,131.58700561523438,132.85273041587143,131.1847153017401,132.70555833616734,8056755
2025-07-15,132.74481201171875,134.0007454235766,131.28285264017018,131.76362479463486,10150376
2025-07-16,132.90179443359375,133.9320439196287,132.47989115199778,132.74480089878838,7455169
2025-07-17,132.37196350097656,133.5395786181952,131.88136992041262,133.44145391339126,6635586
2025-07-18,131.32208251953125,132.88216647054307,131.18471691953764,132.45045670751142,6410155
2025-07-21,131.8421173095703,132.65650447004936,130.2133579603405,131.48888932396167,6919490
2025-07-22,128.30984497070312,132.58782144932127,128.05472673541806,132.49950322925397,16445046
2025-07-23,132.31309509277344,134.2264070687872,130.53713374916273,131.19454232435555,53101661
2025-07-24,133.09803771972656,135.4038336289103,131.82250633683702,132.50933438263797,23012532
2025-07-25,129.546142578125,132.9508633009882,128.51589304159458,132.9508633009882,11164552
2025-07-28,128.45701599121094,131.92060532808168,128.0841600945496,129.46763752736715,10349292
2025-07-29,129.73257446289062,130.262408970196,127.92719358471027,128.53552486564027,7163091
2025-07-30,128.927978515625,131.32207742701098,128.23134406114625,129.73255912133504,7578162
2025-07-31,125.9255599975586,127.78982463606128,124.61077276007651,127.64263757496121,11606740
2025-08-01,124.50283813476562,126.64183392888535,123.99262410534071,125.92555652243416,8796099
2025-08-04,127.29923248291016,127.63283253707971,124.91493980601119,125.02287099668116,10135790
2025-08-05,125.94518280029297,128.14304739961315,125.48402364341896,127.28940440086355,5972558
2025-08-06,125.12097930908203,126.54370513665852,124.30659968183613,125.94518038951664,6331289
2025-08-07,124.85606384277344,125.54289184795594,121.76532284772455,124.61076705722772,9602587
2025-08-08,122.9231185913086,125.44476913684412,122.64838740126791,125.44476913684412,6290179
2025-08-11,124.43415069580078,125.09154427190134,122.20685921936172,122.92312162739256,11782258
2025-08-12,122.67782592773438,125.29759377381293,122.55027429547336,124.61076577569398,11311712
2025-08-13,123.28617095947266,124.24773020609193,122.55028057271002,122.74651501483442,6384343
2025-08-14,122.15779876708984,123.97299347649633,121.87325359856565,123.2861654737578,4332376
2025-08-18,122.42271423339844,124.35565406645395,122.15779700355628,123.08011529608763,6007654
2025-08-19,124.41453552246094,124.59114951160417,121.71627081857831,123.05068596191302,7350713
2025-08-20,124.3458480834961,125.3172212446295,123.44315023605661,124.94436534486198,8412432
2025-08-21,123.08011627197266,126.1316088523142,122.81519155416628,124.41453137077826,10920060
2025-08-22,122.62877655029297,123.82581861688747,122.50121742645993,123.08012175294941,4942149
2025-08-25,122.02043914794922,123.58052318172894,121.8634456048482,122.69746070231017,5148749
2025-08-26,118.91987609863281,122.26572777523891,118.82175888368263,121.91249981272732,9390576
2025-08-28,116.34917449951172,119.34179082721971,115.97631859009783,118.91988005163194,10301130
2025-08-29,115.88801574707031,117.39904486760945,115.12269096211786,116.76127171819442,8881411
2025-09-01,118.27230072021484,118.62552869535646,116.00576078460938,116.17256080457516,7840427
2025-09-02,120.67620849609375,123.55108721682238,118.34098571568744,118.92969652321648,21014216
2025-09-03,121.25511169433594,121.8928848490061,120.38185571601637,121.32379449647802,7336041
2025-09-04,119.34178924560547,122.21666786770476,118.92969244305947,121.75550871377118,7730498
2025-09-05,121.13735961914062,121.38265639647223,119.44971659336095,119.95012411515924,6947411
2025-09-08,122.22647857666016,123.28616245712534,121.24529146197689,121.76531943502084,7882195
2025-09-09,122.4717788696289,123.4529660124671,121.46115731024378,122.55027563766328,7614264
2025-09-10,123.80619812011719,124.87568854833646,122.69745930656914,122.74651417383208,8948090
2025-09-11,123.16841888427734,124.40471676063734,123.04086725264752,123.93374364578374,4767008
2025-09-12,123.85525512695312,124.11035839178246,122.99180565871924,123.60995834363463,5840841
2025-09-15,125.76856231689453,127.89775161794897,123.63939547343185,123.82581594245795,22257294
2025-09-16,126.53390502929688,126.85768362283127,125.10136516223172,126.03348998674191,6998422
2025-09-17,126.89693450927734,128.04492166553345,126.37690652323982,127.01467217502847,9413241
2025-09-18,126.85768127441406,128.38834581960882,126.18067471055596,127.46602749412804,7532604
2025-09-19,127.25016021728516,127.92718172677993,126.38671075917848,126.85767638554243,8686534
2025-09-22,126.12178802490234,127.9860525685712,125.84705682423157,126.81843747985664,6577881
2025-09-23,124.89530944824219,126.50444824089101,124.61076428503571,125.81762025098824,5860471
2025-09-24,123.22728729248047,125.31722065725701,122.95255609553759,124.90512386184271,4543381
2025-09-25,121.74569702148438,125.10135510293226,121.28453788728835,123.08991855595148,6416171
2025-09-26,119.61652374267578,121.96156032826418,119.2731022667213,121.74569796710315,5997139
2025-09-29,121.92231750488281,122.25591754307814,120.19542602271859,120.8135712330673,10555581
2025-09-30,121.1864242553711,123.62957810764705,120.24448551094981,123.62957810764705,10100674
2025-10-01,123.17823028564453,123.60014104100195,121.17660768947428,121.17660768947428,8723744
2025-10-03,123.4823989868164,124.78737966815716,122.65820538967303,123.17823337156545,6051511
2025-10-06,122.88388061523438,123.87488176539954,122.1970525819699,123.47259142744167,5113099
2025-10-07,124.68926239013672,125.09154522115257,122.69745371216777,123.13898492672288,9672645
2025-10-08,121.96156311035156,125.13079334445212,121.6672039773512,125.13079334445212,12875915
2025-10-09,122.71707916259766,122.99181037270597,121.48078123124621,122.56009310790607,5774638
2025-10-10,124.12017059326172,124.8069985824363,122.3736587186204,122.7170727132077,7690307
2025-10-13,123.13898468017578,123.72769546035846,122.34422550122235,122.69745346650471,6065989
2025-10-14,122.17742156982422,124.10055498626872,121.66720754165547,123.13898827804647,6665155
2025-10-15,122.53064727783203,126.09235389907303,121.96156442621576,123.04086878242238,17482919
2025-10-16,122.37366485595703,123.35485202448028,122.05968526146415,123.13898964966693,9719465
2025-10-17,121.19623565673828,122.8151959805655,120.40147644640258,122.3736647494599,10002889
2025-10-20,122.71707916259766,123.20767274803794,121.27473282366498,121.63777477180184,6729809
2025-10-21,122.8446273803711,123.62958008957105,122.64839294600301,123.2665381515399,2109920
2025-10-23,122.7563247680664,123.60014631478548,122.55027636515089,123.44315277778479,5009833
2025-10-24,122.42979431152344,123.5874976274735,122.25168552836024,123.45885889288692,6026631
2025-10-27,122.1527328491211,123.34012727774338,122.0142046314984,122.57821453159694,5375514
2025-10-28,121.4798812866211,122.74643688510353,121.31166952522095,122.49906398331915,5615629
2025-10-29,123.77549743652344,124.08224495810386,121.35124609857064,121.83609485631688,9132825
2025-10-30,122.64747619628906,124.92330981054603,122.26157509071302,123.87445116966977,5922925
2025-10-31,122.01420593261719,123.1917033441881,121.80641360396734,122.6969575476251,4768709
2025-11-03,121.80641174316406,122.3704216406608,121.42051063167797,121.95483698970986,5128145
2025-11-04,120.95545196533203,122.20221350434062,120.52008079158095,121.98452414285416,5224892
2025-11-06,118.98636627197266,120.96534949479134,118.78847096937955,120.81692424323556,6360660
2025-11-07,120.08470153808594,120.58934436937312,117.15580729925725,118.73899235413467,5976333
2025-11-10,119.50089263916016,120.94555696321363,119.27331380742977,120.5200752895204,4329426
2025-11-11,120.33206939697266,120.5695452579487,118.27392513725626,119.72847894052485,5425772
2025-11-12,120.3122787475586,121.94494138013059,119.97585523074416,120.4903875356432,6989819
2025-11-13,119.48110961914062,120.56954885944994,119.37226494018752,120.31227893199517,4559201
2025-11-14,119.7383804321289,120.708077970964,119.13478995318751,119.41184639285468,5135998
2025-11-17,121.21271514892578,122.20220670116191,119.76805838856761,119.83732249525528,9945324
2025-11-18,119.55036926269531,121.45019123472719,119.43162755848527,121.21271537552856,4555639
2025-11-19,119.5800552368164,119.86700869925201,118.54109361339948,119.55037169746471,4336986
2025-11-20,118.81815338134766,120.31228026494524,118.73899224137351,119.58005859323887,4766481
2025-11-21,117.83854675292969,119.13478583545809,117.74949613578106,118.81814883689376,4944515
2025-11-24,115.67156982421875,118.19476888067074,115.34503578363098,117.8979259294997,8220860
2025-11-25,115.51324462890625,116.30484091049443,114.43470243319453,115.79030106269562,7566496
2025-11-26,116.83916473388672,117.33391051184266,115.43408853630501,115.62208679845767,4487936
2025-11-27,116.72042846679688,118.16508529981995,116.36421088613673,117.42296659831497,5097254
2025-11-28,116.33452606201172,116.80948534739056,115.59240736869722,116.66106009888333,4191955
2025-12-01,115.85956573486328,117.64065360249184,115.51324519094152,116.33452501597145,5036657
2025-12-02,115.19660949707031,115.77051643308172,114.87997248913675,115.6814658132981,4302586
2025-12-03,113.50457763671875,116.36420768388543,113.01972887886025,115.89914543586497,9455659
2025-12-04,113.64310455322266,114.68207371454139,113.1978363693555,113.50457633827635,5895759
2025-12-05,113.39573669433594,113.97954066827744,112.55467033791894,113.97954066827744,5063577
2025-12-08,110.18978118896484,113.73216280047626,109.33881783984822,113.39573174306615,8555323
2025-12-09,112.4458236694336,112.67341005676235,108.74512723708395,110.22936462189614,9736504
2025-12-10,111.02095031738281,113.92016089811834,110.82305502452762,112.43592355403985,4960130
2025-12-11,112.09950256347656,112.40624253905625,110.35799526020449,111.0209528102994,5799050
2025-12-12,112.62393188476562,112.90098832064596,111.44643448305251,112.09950255267475,5141588
2025-12-15,112.05992126464844,112.41613883684465,111.3178025807766,111.86202596863794,4518917
2025-12-16,110.83295440673828,112.07970836679125,110.32831158525683,111.81254896084324,4101452
2025-12-17,109.91272735595703,111.31780359845318,109.55650978050424,110.82305780468228,4984147
2025-12-18,109.64556121826172,111.0209539312744,108.54722494395348,109.83356703704908,6400519
2025-12-19,112.78225708007812,113.28689236596487,109.68514350788604,109.9226193806105,8954745
2025-12-22,115.77051544189453,116.56211172956198,112.89109130599536,113.32647001913463,16841326
2025-12-23,120.12428283691406,123.171918804307,115.58251242621779,116.56211455452244,55006061
2025-12-24,120.21333312988281,122.53863689473276,119.2733191236313,121.21272176598036,27580407
2025-12-26,132.23565673828125,133.17567073801118,120.57944690536551,120.85650334531869,163985127
2025-12-29,125.02226257324219,135.7285614195044,124.42856912107744,133.58136645205133,80360842
2025-12-30,123.28075408935547,125.33889841696451,122.36053415406502,125.02226140881095,29253088
2025-12-31,123.31044006347656,126.16017301864866,123.082853684609,123.63696653858712,27013969
2026-01-01,124.46814727783203,124.8936289609912,122.70685346589649,123.99318799577601,16340819
2026-01-02,127.12987518310547,127.5949374380156,124.27024509357469,125.12120846442693,25385604
2026-01-05,126.25912475585938,127.96105903942214,125.22016312098025,127.64441448491989,15730837
2026-01-06,125.88311767578125,128.38653011877676,124.67593676274274,126.65491988596088,14799487
2026-01-07,126.69449615478516,127.2783076659258,125.45763922027034,126.16017734112607,10932461
2026-01-08,122.96411895751953,127.64441759084133,122.50895372317974,126.69449900266402,13165701
2026-01-09,119.9758529663086,123.66665984725954,119.33268193540778,122.92454116911743,14904914
2026-01-12,121.34134674072266,121.79651195037412,117.99686800064629,119.97585111176824,16531719
2026-01-13,120.05501556396484,122.53863400158137,119.01604638224075,121.80641234402418,11459758
2026-01-14,120.72786712646484,121.9944151130508,119.3821580034119,120.05501256493838,11544717
2026-01-15,120.72786712646484,120.72786712646484,120.72786712646484,120.72786712646484,0
2026-01-16,120.90597534179688,122.5881079631123,120.31227437030066,121.10387063281465,11686581
2026-01-19,119.62953186035156,121.36114210115709,118.49161504940649,120.93566042573316,19879572
2026-01-20,114.90965270996094,120.17374753306967,114.27637871238556,120.17374753306967,33802202
2026-01-21,113.93006134033203,115.92883858446235,112.70309387958838,114.90965590298583,23802894
2026-01-22,115.79029846191406,118.08591856789158,114.3951192947487,115.27576617489386,17626259
2026-01-23,112.9504623413086,117.04695676884054,112.52498067133685,116.31473513303618,15938677
2026-01-27,113.40563201904297,114.18733128301548,111.426648834066,113.74205553686262,18230496
2026-01-28,118.88741302490234,119.61963466909904,113.96963873979146,113.96963873979146,23452463
2026-01-29,118.79835510253906,120.31227599197317,117.05685538028918,119.72847959114681,19681289
2026-01-30,118.83793640136719,119.9758532201032,117.00737850125529,118.64004110646596,19011603
2026-02-02,113.7222671508789,114.58312753986426,110.3579942820657,113.78163422969803,26935344
2026-02-03,113.91027069091797,118.53119444751027,113.64310374312494,118.53119444751027,17141510
2026-02-04,114.78102111816406,115.42419214289463,113.30668080551449,114.38522298377437,14878650
2026-02-05,113.50457763671875,115.27576846147548,113.05930944775791,114.78102267408717,10242128
2026-02-06,113.32646942138672,113.76184813222955,111.4068533409124,113.29678588186955,13107658
2026-02-09,113.86079406738281,114.78102152467883,113.49467947066192,113.78163293038021,9623210
2026-02-10,114.24669647216797,115.47366391276675,113.70248063483847,114.23679944262477,12744272
2026-02-11,113.12857818603516,114.58313206836274,112.4260400450976,114.24670099357435,10515387
2026-02-12,112.33697509765625,112.99993262808485,111.61465048964344,112.99993262808485,10863707
2026-02-13,110.2689437866211,111.6641229849753,109.88304267542387,111.61465293564481,13084758
2026-02-16,111.99065399169922,112.228129850046,109.40808044086103,110.26894080754757,13966955
2026-02-17,111.80265045166016,112.26771269773154,111.12979588166314,111.81254748114848,8157349
2026-02-18,112.1192855834961,112.55466428306718,110.85273760207636,111.79275910803923,8573114
2026-02-19,110.2095718383789,112.61403673157888,109.58619484726107,112.11929093091405,9987523
2026-02-20,110.70431518554688,111.61465317600329,109.40808363228386,110.02157112923163,11560506
2026-02-23,110.7142105102539,111.31780096833103,109.63566832894264,110.82305518624956,9897270
2026-02-24,108.28996276855469,110.3876801222496,107.90406164974395,110.16999076308011,13884700
2026-02-25,103.46123504638672,104.87620827845176,103.30292032246065,104.87620827845176,56904412
2026-02-26,102.14521789550781,104.18356811002072,101.46246629777535,103.30292121835903,22825499
2026-02-27,102.46185302734375,103.46123405745462,100.660978708222,101.9176296551278,19027229
2026-03-02,98.29608917236328,100.28496934654335,96.17857781149914,96.47542830288897,27730177
2026-03-04,96.71290588378906,97.59355279486911,95.00108966081304,97.12849808895878,32963143
2026-03-05,97.81124114990234,98.20703929165258,95.98068323718186,97.17796714279064,16588277
2026-03-06,98.42472839355469,102.01658010112912,97.7221902796379,98.26640611757374,35489993
2026-03-09,96.54469299316406,96.92069707519984,94.26885934337594,96.08952777305076,16395706
2026-03-10,99.65169525146484,100.05739041937204,97.07901867562586,98.35546370865994,14800530
2026-03-11,98.20703887939453,100.72034838735314,97.95966598549178,99.93864913671383,12809686
2026-03-12,98.8699951171875,99.83970017013421,96.22805445701876,97.88050355464746,14255322
2026-03-13,97.19999694824219,99.68000030517578,97.0,98.69999694824219,11414655
2026-03-16,96.44000244140625,97.12999725341797,94.31999969482422,96.9000015258789,16510259
