Price,Close,High,Low,Open,Volume
Ticker,TCS.NS,TCS.NS,TCS.NS,TCS.NS,TCS.NS
Date,,,,,
2021-03-16,2733.973388671875,2761.180778120956,2689.975543155086,2689.975543155086,4894756
2021-03-17,2736.523193359375,2773.4884307403163,2712.2167958121513,2729.534572883893,3838390
2021-03-18,2669.317626953125,2765.9721116380324,2625.8473070733103,2747.951031001596,3656306
2021-03-19,2681.361083984375,2724.2600918917087,2641.6268396691144,2663.603768451719,5776626
2021-03-22,2751.203125,2759.818122141022,2653.6255823341885,2680.041887934514,2821646
2021-03-23,2762.587158203125,2785.794702569668,2745.225389387804,2760.3014724104632,3305973
2021-03-24,2743.68701171875,2771.11416820784,2734.9400248267016,2734.984021595591,2207104
2021-03-25,2694.23828125,2752.2573428342785,2681.1839065462045,2735.862433782267,3179786
2021-03-26,2695.953125,2740.9618201102044,2675.075048275299,2716.918980645141,3697370
2021-03-30,2776.6083984375,2802.892712023387,2690.766409978978,2710.194095407423,4694008
2021-03-31,2793.574951171875,2817.441806052853,2753.269184573334,2773.487955724415,3530069
2021-04-01,2782.278564453125,2826.232412232795,2764.697025341257,2805.2225588414717,4285076
2021-04-05,2847.242431640625,2868.4282733530854,2769.9716485858326,2787.553188722842,5317862
2021-04-06,2869.922607421875,2878.9771433460032,2839.4186787809435,2878.9771433460032,2291562
2021-04-07,2875.8115234375,2881.2179740881597,2843.637443949098,2864.911057852688,2491268
2021-04-08,2916.2060546875,2931.721677267056,2871.1093634748245,2874.5816745617008,2578118
2021-04-09,2920.513671875,2948.7321304719153,2907.986824159079,2948.424367663105,2911129
2021-04-12,2853.966796875,2934.446319961997,2824.649500067014,2920.512866986432,3791828
2021-04-13,2728.69873046875,2825.35319397879,2701.44734620822,2825.35319397879,8654596
2021-04-15,2829.704833984375,2845.791985824758,2714.1062098015173,2778.1470543691926,6062760
2021-04-16,2808.78271484375,2854.3629419100944,2797.7504704864327,2838.539556337448,3224657
2021-04-19,2779.465576171875,2803.376426569832,2755.994264254095,2785.794887362746,2679106
2021-04-20,2764.30126953125,2835.330724965426,2748.302113102314,2835.0229622074467,3141893
2021-04-22,2741.665771484375,2767.3347805274607,2729.754233555558,2767.3347805274607,1988980
2021-04-23,2733.489990234375,2741.8412219138177,2717.2710621595616,2729.534143649376,1615309
2021-04-26,2725.841796875,2771.7295698556877,2714.6335659788188,2726.9406430412923,2490260
2021-04-27,2753.268798828125,2756.873099897442,2727.775569209346,2730.4127998595645,1471417
2021-04-28,2746.323974609375,2769.9710551804214,2735.6870592578457,2769.047981597295,1639037
2021-04-29,2738.54443359375,2775.5536585645473,2729.9734334404593,2765.2245045336585,1621395
2021-04-30,2668.570068359375,2753.3132218090022,2654.812598851763,2724.259683391263,3072305
2021-05-03,2669.756103515625,2685.5794850972125,2640.746570616048,2659.119188938441,1545831
2021-05-04,2680.965087890625,2716.3479372348656,2667.9987021060897,2692.4370856948617,1990777
2021-05-05,2721.3583984375,2724.610940141866,2683.2943245964398,2698.7661643501683,1939289
2021-05-06,2735.20361328125,2755.0268391091718,2702.282228277471,2729.973148964114,1791671
2021-05-07,2754.06005859375,2777.751353813853,2735.5116639367457,2754.148052135079,1912540
2021-05-10,2765.136474609375,2781.575170224942,2747.115397601112,2765.5320163029514,2137153
2021-05-11,2745.005615234375,2749.8405381869234,2717.358475020094,2747.1153139481335,2415625
2021-05-12,2714.238037109375,2742.720044026913,2699.2937291771773,2742.720044026913,1978558
2021-05-14,2682.50341796875,2723.8200362366615,2672.3940326478782,2723.8200362366615,2043935
2021-05-17,2698.54638671875,2703.337313029576,2668.8775405417787,2685.580002093259,2890462
2021-05-18,2715.29345703125,2746.236928798247,2705.7993811911024,2725.13907787278,2098538
2021-05-19,2709.315185546875,2740.9619560464494,2696.217024715244,2711.073339463518,1986041
2021-05-20,2689.975830078125,2715.293292579016,2683.0312070831365,2696.2173631129313,2329027
2021-05-21,2707.996826171875,2714.7656764673193,2685.668355166535,2690.854823863694,1685566
2021-05-24,2708.874755859375,2729.5330575834364,2700.52352750284,2708.874755859375,1652260
2021-05-25,2750.83642578125,2763.4245500803454,2722.656781161452,2731.4021286177344,1841613
2021-05-26,2790.146240234375,2795.888190705017,2741.8255617150744,2756.1362259082634,1923753
2021-05-27,2809.13916015625,2842.4866454694256,2793.061740172022,2793.194160468886,5959785
2021-05-28,2776.984130859375,2825.0397552505065,2769.961110903209,2817.5310504601284,1763701
2021-05-31,2790.720703125,2800.6146992644194,2763.7337050232063,2782.637888857994,1652799
2021-06-01,2785.28759765625,2800.260794224567,2766.7366812113464,2799.068364711175,1377441
2021-06-02,2764.484130859375,2790.9854410639764,2751.719376244468,2783.388528206253,2240078
2021-06-03,2774.908203125,2786.657161213381,2758.4773034623645,2786.657161213381,1281706
2021-06-04,2777.116455078125,2788.6887800926147,2760.5531362605616,2763.2032672713717,1836060
2021-06-07,2811.965087890625,2818.3695699212626,2768.1497264336485,2778.2201360490376,2559821
2021-06-08,2826.9384765625,2854.1907399662523,2815.498788937065,2825.039302510701,2574057
2021-06-09,2827.02734375,2844.474040114054,2814.615853329523,2828.57325355441,1710925
2021-06-10,2841.6474609375,2848.007732839972,2820.6230431011263,2835.640453603074,1874324
2021-06-11,2891.99951171875,2923.0943373291366,2836.523395939516,2837.0092963972816,3452954
2021-06-14,2894.2529296875,2922.8300522543273,2888.9526665713734,2896.5937929631523,1847360
2021-06-15,2882.238037109375,2913.3770734462396,2872.3442587686054,2913.3770734462396,1304985
2021-06-16,2892.485595703125,2910.4621884354497,2873.62541029358,2881.6642273428124,1635552
2021-06-17,2930.82470703125,2946.9905529344514,2879.809673701115,2884.668248303985,2273413
2021-06-18,2912.759033203125,2966.3799741161924,2893.059682915584,2960.1079111317467,3380431
2021-06-21,2891.381591796875,2902.7770698023915,2872.4771929821286,2884.226151218749,1130569
2021-06-22,2916.2041015625,2939.03948321946,2901.893437333948,2918.6776002896086,1708688
2021-06-23,2881.045654296875,2940.7620256141804,2876.628769307968,2940.7620256141804,1467104
2021-06-24,2980.160888671875,2988.464546637038,2896.1516453294503,2901.010219082481,4155204
2021-06-25,2986.521240234375,3003.172768596496,2959.313183355254,2981.6184543641257,2722861
2021-06-28,2947.6083984375,2995.9732923655597,2944.2957344698248,2995.9732923655597,1355238
2021-06-29,2951.22998046875,2973.7118807948364,2938.553434922606,2952.245777697685,1497322
2021-06-30,2955.558349609375,2987.5807631708603,2949.153866897078,2955.7791938408336,1693146
2021-07-01,2951.803955078125,2969.9131817963957,2943.721142590661,2966.37967414405,990310
2021-07-02,2937.626708984375,2950.2148342659707,2910.9045482988827,2942.5294956487546,1682274
2021-07-05,2933.69482421875,2980.513802142145,2916.910662321684,2952.245739999718,1972858
2021-07-06,2881.8408203125,2939.878645879054,2876.3639260649975,2926.6279909246714,2159420
2021-07-07,2893.015625,2899.8617971333256,2863.555129801397,2893.0598369861177,2640710
2021-07-08,2878.48388671875,2913.377277397096,2854.985972804783,2913.377277397096,2485811
2021-07-09,2834.006103515625,2899.2435873844856,2827.6900436373367,2870.9755207189455,6365067
2021-07-12,2820.71142578125,2858.608216049346,2816.5153846730195,2857.7248389739293,1892226
2021-07-13,2815.80810546875,2839.173381545403,2804.7216821427055,2839.173381545403,1809339
2021-07-14,2839.65966796875,2846.240783692496,2813.555833662507,2815.322587718182,2044279
2021-07-15,2835.586669921875,2861.1721056543,2827.663236016785,2857.409560647077,2232968
2021-07-16,2828.371826171875,2850.5487547016237,2825.892929497174,2844.4843303491293,1256526
2021-07-19,2819.341796875,2832.7983868188567,2811.728089019713,2815.2693082754054,1597058
2021-07-20,2838.1103515625,2846.255113012707,2794.15483576375,2819.3419318366623,1811945
2021-07-22,2847.450439453125,2855.063931743701,2824.1225693914685,2824.1225693914685,2859334
2021-07-23,2844.351806640625,2869.760012901406,2838.862743596103,2859.5346985379906,1776193
2021-07-26,2830.806884765625,2854.4444836916996,2824.8753848312026,2832.9758386643216,1259611
2021-07-27,2817.881591796875,2841.829135999358,2798.581898985045,2832.9760857314473,1121367
2021-07-28,2831.02734375,2836.9145334056893,2773.1282881006728,2822.3513146741125,1660654
2021-07-29,2829.2568359375,2855.506034138024,2824.387660031654,2833.1963986699157,1731997
2021-07-30,2804.15869140625,2853.7800694857933,2799.6437665357093,2849.7961978206204,2999943
2021-08-02,2850.150390625,2855.0195673734447,2803.7605022408247,2815.2694654644215,2608669
2021-08-03,2908.137451171875,2912.6525917970707,2849.751646852832,2858.64900270904,3804735
2021-08-04,2898.44384765625,2926.1096249558805,2887.1562105180005,2921.506082840999,2929598
2021-08-05,2907.29638671875,2934.785141452431,2888.3066437371212,2899.372952716957,2534521
2021-08-06,2930.182373046875,2942.753660136162,2890.520667973697,2897.2047635883696,2292362
2021-08-09,2941.6025390625,2954.262442321804,2930.3592100944475,2942.6648617114934,1510489
2021-08-10,2951.51806640625,2965.682945510539,2935.3171588418413,2935.3171588418413,2040777
2021-08-11,2960.63671875,2974.624579942988,2945.498134053273,2965.7715305979195,1929707
2021-08-12,2967.3212890625,2981.7074965503098,2944.524683351048,2944.524683351048,1310205
2021-08-13,3066.164794921875,3080.86094219364,2972.4110958089495,2975.288336631401,4363584
2021-08-16,3074.619140625,3093.564792280831,3042.34982516594,3063.1544871451047,2083489
2021-08-17,3145.5322265625,3152.39333868331,3065.8104870148636,3082.7198949552444,4336019
2021-08-18,3152.172119140625,3182.670826952774,3130.96911193571,3163.9467164708954,2631309
2021-08-20,3151.24267578125,3164.9649012271298,3098.567036166421,3103.8788653712777,2836148
2021-08-23,3220.2080078125,3251.7249492072847,3153.367486803747,3169.391592203125,3744176
2021-08-24,3198.783447265625,3246.7228346734682,3182.139672824167,3237.559843001873,2511141
2021-08-25,3239.330322265625,3273.635883891149,3193.338780294793,3195.9503862746396,2123263
2021-08-26,3250.706298828125,3264.6498484951503,3229.5030773757558,3240.2153511945357,1902533
2021-08-27,3293.466796875,3301.7444837926687,3232.336669047164,3245.527625039261,3944728
2021-08-30,3276.7783203125,3311.3495119800486,3264.6496891836746,3288.9069514413254,2033114
2021-08-31,3352.162841796875,3367.7886036477303,3278.682531887317,3283.9500530446194,3207480
2021-09-01,3288.862548828125,3378.942299226296,3281.82441991176,3360.616535739153,2643336
2021-09-02,3396.693359375,3416.524101420133,3295.1046285511825,3305.728286676549,3403717
2021-09-03,3401.385009765625,3414.531655047008,3368.186083087115,3386.290521208027,1746812
2021-09-06,3410.19482421875,3432.858718436517,3376.5532345717324,3408.158579512332,1723693
2021-09-07,3378.234375,3426.0851408991393,3371.461879985868,3420.817620761608,1585039
2021-09-08,3341.273193359375,3377.4379827229823,3325.2049968827055,3373.0114584992302,4147175
2021-09-09,3356.544677734375,3371.8604946659234,3333.172716457,3355.039702736924,1441148
2021-09-13,3404.30712890625,3410.5483552564024,3334.94340668906,3334.94340668906,1691473
2021-09-14,3440.206298828125,3449.590617426561,3386.291315708096,3408.379630212844,1991188
2021-09-15,3500.982666015625,3523.513633332648,3422.588870970859,3436.842366847689,2461369
2021-09-16,3455.610107421875,3525.062222505283,3445.6947373534676,3479.2477012483864,2946666
2021-09-17,3388.814208984375,3492.527584251267,3368.584906990132,3470.3949633117786,6477148
2021-09-20,3384.96337890625,3427.015362821,3371.1084432930547,3372.126457500695,2002008
2021-09-21,3419.88818359375,3427.5018914398584,3383.325051595029,3415.5059679978876,1568129
2021-09-22,3419.18017578125,3449.9004282075575,3410.592761622935,3419.4901189466127,1744067
2021-09-23,3425.466064453125,3434.0977874300374,3395.1443709188434,3426.130043143657,2003869
2021-09-24,3427.28076171875,3491.996417565266,3412.8502492141406,3443.835919440469,2320754
2021-09-27,3396.870849609375,3456.230590869378,3366.726172257848,3452.689371001684,1673362
2021-09-28,3345.699462890625,3408.4233928218655,3320.999546057928,3408.4233928218655,2253075
2021-09-29,3356.9873046875,3369.4701892693497,3295.2372926797393,3328.56914927478,2489161
2021-09-30,3342.512939453125,3368.58512538238,3319.9819731037724,3368.58512538238,2252412
2021-10-01,3302.364013671875,3373.0113819065105,3297.760471811483,3348.001520610222,1578374
2021-10-04,3340.52099609375,3349.6837720532653,3282.2235824322406,3297.583708781848,1356860
2021-10-05,3393.63916015625,3399.570659485388,3312.456747791628,3323.4344415906635,1877966
2021-10-06,3373.808349609375,3415.0193358424335,3359.732088185577,3396.029589006554,1678154
2021-10-07,3446.403076171875,3451.80352207463,3381.908749178324,3390.7174889832863,1647233
2021-10-08,3484.25,3532.277788850689,3452.688968067958,3474.821589658137,2934339
2021-10-11,3262.879638671875,3326.532970873897,3240.21574807677,3324.319708750894,11845402
2021-10-12,3233.88525390625,3281.8244153851933,3214.1872249765706,3280.9391107141964,5752877
2021-10-13,3235.96630859375,3253.8937321613757,3226.9362421726487,3231.362766510334,3545655
2021-10-14,3203.368896484375,3255.3029971474057,3200.4861349746393,3215.387837781838,6442299
2021-10-18,3235.03515625,3239.958069636793,3194.4991342496655,3196.273141484285,3590107
2021-10-19,3223.50341796875,3273.1314329577704,3215.5647806069323,3254.415574024563,3135441
2021-10-20,3201.06298828125,3219.8230275642086,3173.9649853308347,3203.856962964717,2933693
2021-10-21,3133.340087890625,3199.820961660556,3114.4912621672916,3196.849629655158,4871211
2021-10-22,3103.491943359375,3159.15140690034,3091.2068596057998,3157.732114834045,2691670
2021-10-25,3098.259521484375,3117.4188879694334,3060.1627559922426,3107.1739519538623,2595594
2021-10-26,3089.078857421875,3130.2357382859686,3082.337543367453,3099.634113754694,3878763
2021-10-27,3095.420654296875,3114.491230718505,3089.433380304038,3089.433380304038,2510813
2021-10-28,3035.01611328125,3120.479006110419,3029.117625317533,3120.479006110419,2424942
2021-10-29,3013.81591796875,3069.9188851710232,3003.349234136505,3015.8560691777293,3960501
2021-11-01,3083.5791015625,3092.981425957141,3027.298768768552,3049.4738578562856,2020718
2021-11-02,3090.498046875,3116.5760838881283,3077.6808875558004,3099.1907258793763,3087414
2021-11-03,3097.63818359375,3122.163745415681,3074.39873362359,3108.23783282908,1537639
2021-11-04,3112.184814453125,3116.265117267384,3108.9473382259107,3115.9989729006115,328991
2021-11-08,3106.950927734375,3147.0878285922668,3087.835962578636,3147.0878285922668,2526082
2021-11-09,3109.568603515625,3135.5578533619946,3100.9647115568696,3111.6087551892156,1782692
2021-11-10,3090.58642578125,3121.986263947992,3086.9496247069433,3102.7383307642617,1516489
2021-11-11,3094.046630859375,3113.427750629919,3047.7450755256264,3086.773242965419,1284514
2021-11-12,3127.618896484375,3134.803495274356,3091.8282167841194,3109.83443207749,1747259
2021-11-15,3151.78955078125,3166.2477510085714,3129.3483191275823,3129.3483191275823,1809157
2021-11-16,3154.53955078125,3171.525799838451,3141.7667854235606,3165.7158828844404,2013204
2021-11-17,3123.93798828125,3160.260960061091,3110.189432058475,3149.395165626962,1632914
2021-11-18,3082.9580078125,3123.00634559004,3061.5813534905255,3117.950252419845,2136598
2021-11-22,3067.612548828125,3118.6596390883306,3051.557916817855,3085.352617272779,3167936
2021-11-23,3072.802001953125,3087.614917705007,3022.730695618105,3055.7271838719826,2153461
2021-11-24,3054.218994140625,3098.347415365551,3037.099784404964,3079.8533069845294,2161746
2021-11-25,3056.525634765625,3071.6934830271994,3046.014771982266,3054.7516275562534,1849619
2021-11-26,3057.368896484375,3095.6430208513802,3026.3679428463997,3037.987778342687,1941251
2021-11-29,3106.2861328125,3130.54576418905,3021.5329084651667,3057.633906161152,2981745
2021-11-30,3130.368408203125,3161.0588168343756,3096.529310296403,3096.529310296403,5588446
2021-12-01,3173.52099609375,3184.3423949049957,3135.557205010908,3135.557205010908,2102118
2021-12-02,3231.264892578125,3235.788696950229,3170.2392263609663,3183.6328489847224,3152938
2021-12-03,3229.09228515625,3251.7108774665157,3220.5771803363205,3234.4143068763124,2486263
2021-12-06,3136.799072265625,3244.658783850488,3124.026308562444,3229.091829206644,1849642
2021-12-07,3179.464111328125,3191.4386588251064,3126.06654283749,3159.950033925637,1484458
2021-12-08,3217.0732421875,3234.414205727127,3194.0999357691167,3194.0999357691167,1428660
2021-12-09,3194.76513671875,3224.0362547896098,3163.0547588086524,3202.0829162364653,1567957
2021-12-10,3225.8544921875,3230.46686724847,3171.126417511061,3179.907665866492,1510718
2021-12-13,3201.77197265625,3248.2066906971236,3194.7203384161626,3237.562649111005,1883864
2021-12-14,3214.3232421875,3224.2576378158583,3172.5452918133496,3197.6475335147647,1747007
2021-12-15,3166.91357421875,3213.614229855621,3156.0919564259625,3210.953218900731,1603233
2021-12-16,3176.891845703125,3200.7077599220047,3166.602518405637,3177.2465604843114,2072320
2021-12-17,3179.3310546875,3238.7602886798354,3169.884337561044,3195.4300814535413,4333992
2021-12-20,3154.982177734375,3198.5341295136227,3113.5147704812516,3183.455072330669,2312310
2021-12-21,3200.57421875,3229.7565422308303,3163.4086485964613,3177.822452978272,2340989
2021-12-22,3220.48779296875,3225.8542071800953,3198.7562083298367,3214.500519649866,1224328
2021-12-23,3248.82763671875,3255.746307245518,3219.8226659314073,3235.788728737679,1792861
2021-12-24,3256.101318359375,3286.3482267165896,3232.950655115478,3268.60815531731,2209923
2021-12-27,3278.453857421875,3281.9130845923037,3240.312705357694,3256.189982037391,1534135
2021-12-28,3287.72265625,3304.087826469044,3276.457755830203,3290.7827748188333,1456218
2021-12-29,3277.2119140625,3299.608753298073,3268.6080230926227,3275.0387987147183,1456923
2021-12-30,3311.849609375,3317.393381737529,3264.173167057248,3265.3707085089977,1966475
2021-12-31,3315.9296875,3335.133227039575,3309.676269388582,3319.8768098436235,1207141
2022-01-03,3386.35791015625,3397.2237039875417,3321.828399852048,3326.263417742371,2346158
2022-01-04,3445.786865234375,3449.6895940340164,3380.991215898721,3398.199213823808,2488606
2022-01-05,3424.67626953125,3432.703694867435,3381.6122044154104,3428.2686771738076,1733031
2022-01-06,3377.221923828125,3401.658917117096,3345.777688491704,3381.2578336506826,1810293
2022-01-07,3418.068115234375,3428.1798688915587,3367.4201268665024,3388.353496871756,2460591
2022-01-10,3441.44091796875,3528.500232508882,3424.7208139056797,3528.500232508882,3937092
2022-01-11,3473.416748046875,3481.488566120969,3420.285327633747,3420.285327633747,1906106
2022-01-12,3423.7451171875,3485.037152715186,3403.033713010251,3481.4891383067206,3203744
2022-01-13,3457.451171875,3479.715048380294,3421.1728120323205,3475.2800304751445,6684507
2022-01-14,3519.763427734375,3527.613496615076,3423.878463629816,3439.6671718235552,3348123
2022-01-17,3565.00048828125,3586.1556110947845,3514.5744627618396,3541.539286003683,3442604
2022-01-18,3539.67626953125,3585.002018651542,3530.2739457678194,3578.1277414958386,2389041
2022-01-19,3478.409423828125,3564.911028197739,3474.7219780077917,3564.911028197739,3102539
2022-01-20,3400.12744140625,3483.1635285665043,3386.310256981364,3474.277907320161,6176776
2022-01-21,3406.303466796875,3422.342059179579,3350.8572678451856,3382.7565666090263,3112358
2022-01-24,3351.078857421875,3420.653098273078,3323.3112910112377,3412.078560539118,3258414
2022-01-25,3349.790283203125,3384.888487297155,3307.4059130384235,3349.434945125185,3330501
2022-01-27,3242.585693359375,3317.3581176759967,3221.1270024404544,3315.2256551137434,5718297
2022-01-28,3278.8388671875,3314.159213319958,3239.6976603507437,3239.6976603507437,3143862
2022-01-31,3319.89013671875,3339.2163623389933,3306.694902797494,3331.219303461651,2739393
2022-02-01,3377.11328125,3383.6442991156814,3320.0231693229566,3349.8789410887916,2105169
2022-02-02,3426.473388671875,3433.4042169687295,3377.1137168552855,3401.3270359319927,1984212
2022-02-03,3398.394775390625,3449.842435432575,3390.7975258678207,3421.8527286158005,1960538
2022-02-04,3389.77587890625,3398.4838319273167,3348.990960352186,3390.13143394976,2307366
2022-02-07,3357.876708984375,3404.7928386994317,3337.572975002385,3368.539455877154,1919149
2022-02-08,3326.287841796875,3376.2694613033686,3306.339665487328,3369.02776676185,2946443
2022-02-09,3341.482177734375,3356.9430711731097,3328.6424990482747,3332.1078043912007,1638721
2022-02-10,3350.190185546875,3367.472674927871,3339.2163568872406,3367.472674927871,2112459
2022-02-11,3283.19287109375,3334.3296693022535,3278.794531572369,3334.3296693022535,3851488
2022-02-14,3317.669189453125,3370.538641551541,3296.5658367247656,3309.0057078067457,5951745
2022-02-15,3392.3525390625,3407.6357642925827,3330.3308590791657,3364.09621997698,3931683
2022-02-16,3388.1767578125,3424.6078095847042,3381.867879146584,3415.633244203749,3256906
2022-02-17,3362.4970703125,3407.6360739487654,3357.876590209227,3398.7504518524192,3134372
2022-02-18,3371.116455078125,3390.709297365252,3338.861816830406,3348.9913403725423,3688883
2022-02-21,3304.917724609375,3401.2379845633295,3292.6112699207597,3385.4215360997177,7465922
2022-02-22,3186.7392578125,3259.157074169786,3172.1669250983023,3243.2518982097486,5408531
2022-02-23,3166.657958984375,3219.171853968917,3159.4160470145603,3208.5980507387485,2426203
2022-02-24,3022.57763671875,3095.6176259058466,3013.2034786967215,3086.8652011266936,5039136
2022-02-25,3128.4052734375,3136.6244735452315,3076.20224572623,3081.533618769083,2549723
2022-02-28,3158.12744140625,3166.6132530334003,3070.7817416818107,3101.081796727202,3288942
2022-03-02,3150.974853515625,3173.899802351873,3115.299166886402,3156.617310428963,2761341
2022-03-03,3149.419677734375,3179.8086775840598,3136.713412213718,3165.813823365856,1928039
2022-03-04,3131.60400390625,3164.347387967224,3098.460593342772,3111.3002726289433,2370257
2022-03-07,3096.55078125,3152.619151122834,3049.146111040598,3065.540042664537,3054130
2022-03-08,3198.779541015625,3206.8210725450217,3074.425300915981,3074.425300915981,3300992
2022-03-09,3227.791259765625,3246.8064048099586,3196.202828942838,3203.2668553201697,2719654
2022-03-10,3217.43896484375,3273.4628498933785,3212.152063616874,3273.4628498933785,2005441
2022-03-11,3198.068359375,3234.2330122460926,3192.4705914053425,3201.7115509453934,1623423
2022-03-14,3237.032470703125,3241.786365799121,3181.0530455990083,3181.0530455990083,1765688
2022-03-15,3193.403564453125,3251.2490497339313,3185.8507858462003,3251.2490497339313,3651133
2022-03-16,3248.49462890625,3259.246318858256,3213.263222620275,3234.8108570892805,3090475
2022-03-17,3263.466796875,3296.565738589953,3252.4042409503854,3284.6590919681585,3600452
2022-03-21,3222.54833984375,3300.075388245015,3212.1522059664503,3284.1257408719225,2413831
2022-03-22,3288.524169921875,3297.4542632536477,3221.0379154660395,3234.366348219692,2907611
2022-03-23,3298.69775390625,3314.15886414101,3278.794050239412,3294.788167557653,1596195
2022-03-24,3331.975341796875,3339.394706650704,3283.2376141207724,3287.680425506592,1879046
2022-03-25,3294.29931640625,3358.3202552530456,3262.799835239895,3340.9043523653827,1690133
2022-03-28,3294.522216796875,3299.2316401170783,3253.2040720983982,3283.2375195886357,1760990
2022-03-29,3292.433349609375,3307.227820387987,3279.6823979183396,3283.0145054751515,2689063
2022-03-30,3315.71435546875,3321.445538331854,3293.189216689556,3321.445538331854,1583455
2022-03-31,3323.17822265625,3336.24004386944,3305.6291188569076,3323.2226941539616,2168110
2022-04-01,3339.883056640625,3343.659445863298,3312.604241407199,3330.331013312687,1387014
2022-04-04,3350.190185546875,3358.764722999939,3320.6454958538197,3342.770605271368,1472994
2022-04-05,3389.687255859375,3408.1693937254495,3351.6567488325595,3351.6567488325595,2314947
2022-04-06,3336.861572265625,3384.7994513473627,3315.3581971661897,3384.7994513473627,2051729
2022-04-07,3273.5966796875,3328.1100630485403,3269.0206706596127,3328.1100630485403,2494829
2022-04-08,3274.928955078125,3292.1227192112146,3236.587585621282,3278.7942871496307,2296773
2022-04-11,3284.48095703125,3298.6536964936704,3248.6720768870196,3278.794246196316,2291660
2022-04-12,3279.771728515625,3322.333767297896,3241.78569787856,3272.574288568642,4483476
2022-04-13,3253.870361328125,3296.43262160667,3248.183649923165,3293.9001325191025,1621672
2022-04-18,3134.891845703125,3207.7094730408703,3129.960282212317,3207.7094730408703,3820792
2022-04-19,3084.99853515625,3166.4353782692338,3055.8981276363893,3154.3953189467165,3170014
2022-04-20,3160.43798828125,3171.4116009849918,3092.196369835976,3109.96761334078,2640370
2022-04-21,3224.281005859375,3237.9205218344946,3169.856573377936,3181.0525434049096,2280996
2022-04-22,3209.9755859375,3213.929644546312,3173.500062343697,3182.0303466809823,1581465
2022-04-25,3152.7958984375,3184.6064639812757,3139.378741319467,3161.5038501242684,1960694
2022-04-26,3151.1083984375,3188.07245843862,3126.0952405594826,3176.7432895789925,1943469
2022-04-27,3164.34765625,3170.7897321857427,3115.5656783516138,3150.841554226717,1727648
2022-04-28,3184.873291015625,3202.733259696587,3143.777292437707,3188.160927515036,1703660
2022-04-29,3151.46337890625,3219.4828558444133,3142.7111717645585,3196.1580990746857,2051115
2022-05-02,3147.642578125,3152.574141608423,3103.525552683142,3127.6499290847396,1324161
2022-05-04,3091.974365234375,3150.35285932751,3079.1346846244674,3144.1773953249044,2305825
2022-05-05,3121.87451171875,3139.290418532952,3096.950514238651,3120.719554345007,1612262
2022-05-06,3050.078369140625,3087.309034575563,3042.8809293147265,3073.536321944704,2010812
2022-05-09,3061.185546875,3070.8707875272926,2973.8843157191677,3019.3341828755033,2481830
2022-05-10,3055.542724609375,3078.68980921061,3040.6593103928117,3051.3220549061707,1622685
2022-05-11,3031.774169921875,3064.1622181217003,3005.2505019723253,3052.211100141161,1841769
2022-05-12,3028.79736328125,3065.2728838583857,2976.772221615572,3001.5630194609157,2807195
2022-05-13,3034.350830078125,3056.56488405373,3005.250419370082,3052.21101624816,2187823
2022-05-16,3000.4970703125,3047.7685389584967,2991.4337786855167,3034.440105114655,1195813
2022-05-17,3066.96142578125,3080.645197108395,2977.0387561429793,2994.4546623176498,1754076
2022-05-18,3064.473388671875,3105.5249193259233,3059.3641559719827,3078.8680530656147,1866781
2022-05-19,2898.4453125,3025.5541736674804,2870.055794697786,3018.4456763431513,4642963
2022-05-20,2926.035400390625,2944.6062640779983,2905.6429407592427,2941.1409581818916,3065125
2022-05-23,2951.581787109375,2966.8205436107723,2902.9330017268994,2936.5206996791653,2293690
2022-05-24,2921.5927734375,2954.3363801932683,2910.5746879512376,2945.7171525393956,1711510
2022-05-25,2833.61328125,2945.610802185031,2821.4475663720973,2945.610802185031,3548046
2022-05-26,2886.659912109375,2899.675621465552,2845.152996895877,2854.5009742701145,2813186
2022-05-27,2917.38818359375,2933.132090597313,2888.673117763423,2910.142260546347,3103153
2022-05-30,3019.322021484375,3029.475224891386,2939.7968210238773,2949.3236663458956,2094624
2022-05-31,3009.571044921875,3026.612000510551,2974.3705125505267,3000.446485475332,4840965
2022-06-01,3001.385986328125,3030.727190529451,2987.8336778962866,3030.727190529451,1493835
2022-06-02,3062.0361328125,3070.0870604184925,2993.424382338286,3001.2069020116674,2657939
2022-06-03,3077.378173828125,3110.610751823533,3069.372015615545,3094.5982170029392,1913622
2022-06-06,3069.147705078125,3088.8725211555457,3021.021005842092,3057.5633586184927,1084210
2022-06-07,3008.094970703125,3058.3239461384833,3002.101545860968,3042.400956238807,2308256
2022-06-08,3045.174072265625,3053.940682272369,2993.6034913799344,3023.704930238696,2185707
2022-06-09,3065.703857421875,3074.5597904085103,2999.5073417133417,3028.043319910622,1279197
2022-06-10,3005.5908203125,3035.2004374316516,2998.523980628027,3025.360412435557,1527582
2022-06-13,2880.085693359375,2945.745403330219,2855.7985936915675,2943.061760387616,3030921
2022-06-14,2871.989990234375,2897.350284976145,2839.9203697482353,2853.6069924191734,2611493
2022-06-15,2868.188232421875,2892.9671591535985,2863.4470861010104,2879.1016702955644,1404536
2022-06-16,2810.66845703125,2902.6727617050265,2802.6622999813585,2898.3341186445737,2032028
2022-06-17,2763.16845703125,2789.87079472127,2704.9783006224393,2765.9416424138412,5240434
2022-06-20,2784.189453125,2807.760866274094,2745.366180356892,2767.729867065567,1502769
2022-06-21,2873.241943359375,2896.321313698456,2795.8188096638946,2799.9338157288753,2964461
2022-06-22,2883.082275390625,2907.771877636186,2847.345140817848,2862.462908590004,3336315
2022-06-23,2959.87890625,2968.108699833873,2883.0819135631095,2883.0819135631095,3692578
2022-06-24,2945.83447265625,2992.2614007537363,2931.879444236284,2986.894115729963,2132118
2022-06-27,2965.15673828125,3008.2738867735548,2957.821492005862,2996.734310666759,2037686
2022-06-28,2968.24267578125,2978.8431509287448,2927.49621220182,2958.2685585950026,1400046
2022-06-29,2943.508544921875,2981.5268136224313,2926.064868694561,2926.064868694561,2133994
2022-06-30,2922.575927734375,2961.75692953808,2911.7518167257285,2926.959122680978,2719603
2022-07-01,2965.514892578125,2981.5272075648168,2909.1136216452282,2916.225231521543,1502879
2022-07-04,2893.906005859375,2968.0639081040827,2884.960530635869,2962.741394025175,2622535
2022-07-05,2877.13330078125,2926.9595551529096,2868.7691939118813,2911.752246950709,2170627
2022-07-06,2916.895751953125,2923.8284950575144,2864.564723358704,2879.101120190488,2182144
2022-07-07,2941.138671875,2969.3614764130343,2920.742941127774,2926.06545613533,1989921
2022-07-08,2921.1005859375,2956.479989245835,2907.2798683960555,2952.007250986764,2136916
2022-07-11,2785.442138671875,2884.9157801887623,2778.464624268619,2868.053471913843,6974600
2022-07-12,2759.410400390625,2805.4795928143903,2755.429708025315,2786.4256889678177,3734815
2022-07-13,2718.30615234375,2782.0426602349858,2714.951599296843,2776.675375359934,3863530
2022-07-14,2689.60498046875,2741.8499125612234,2661.1281290707066,2740.953003855773,4764908
2022-07-15,2685.88330078125,2716.6470988263773,2648.5718054355975,2707.364223712299,4574806
2022-07-18,2747.68017578125,2759.7435556409487,2703.552305539903,2711.3553684957465,3202795
2022-07-19,2757.322265625,2761.5376937826195,2717.6789348920574,2717.6789348920574,1865074
2022-07-20,2838.537353515625,2844.950164613829,2778.668683955497,2787.4135458013584,3402251
2022-07-21,2849.748291015625,2855.757536006189,2819.926074284405,2840.5100868503773,2420640
2022-07-22,2844.097900390625,2867.417529974402,2819.4329075616306,2856.6546240126586,2075886
2022-07-25,2840.286376953125,2857.95543922205,2824.45602179989,2838.7167863129835,1797504
2022-07-26,2794.67822265625,2842.214392123494,2777.278278402279,2838.447418714807,2639367
2022-07-27,2860.10791015625,2864.8166816784224,2789.386558848772,2793.871103155603,1389808
2022-07-28,2924.371337890625,2927.5105189004753,2871.5881638933847,2884.4588936225273,2106333
2022-07-29,2961.503173828125,2975.3157011729186,2937.376413925399,2950.8300463555915,2430257
2022-08-01,2958.722412109375,2984.0151932169347,2933.7883068868628,2984.0151932169347,1306913
2022-08-02,2952.444580078125,2971.369225326498,2934.371735466329,2950.8301003625766,1269114
2022-08-03,2995.2265625,3003.747195032939,2939.214658748891,2941.860495583171,2895824
2022-08-04,3009.084228515625,3038.6373306019964,2966.39149968863,3004.64457361168,2150567
2022-08-05,3018.143310546875,3028.861328010929,3009.129332388708,3014.6901237242273,1106933
2022-08-08,3026.573974609375,3030.56517513093,2992.087873696429,3018.098229912615,1068836
2022-08-10,3008.456787109375,3036.036736786237,2991.191290157193,3036.036736786237,1878359
2022-08-11,3069.67041015625,3075.231200998242,3027.1121308061656,3049.4899618791087,1449248
2022-08-12,3050.88037109375,3066.5313868784974,3032.6730774737994,3066.5313868784974,1472354
2022-08-16,3042.942138671875,3062.8087979948655,3038.2782571711045,3059.355611870299,839942
2022-08-17,3050.47705078125,3065.589834875391,3023.56978286917,3036.126507894807,1622326
2022-08-18,3032.673095703125,3042.3148659889093,3015.4076000750924,3040.5210482613215,1430659
2022-08-19,3036.709228515625,3068.773720849505,3023.7040498067786,3037.8303646112154,1398410
2022-08-22,3008.725830078125,3035.229532182766,3002.3127999837025,3018.098484400233,1536532
2022-08-23,2945.986328125,2997.379020140707,2932.8913738517863,2977.691918474511,1849256
2022-08-24,2919.752197265625,2966.974358766676,2915.132985487199,2952.6238177327377,1691923
2022-08-25,2886.431884765625,2940.201524060297,2883.337593169555,2938.2732577100746,1946930
2022-08-26,2890.01953125,2921.23200171297,2885.1763112522453,2900.872215467774,1457962
2022-08-29,2809.611572265625,2818.7151085660375,2763.375882019418,2802.8398673517304,2539173
2022-08-30,2880.1083984375,2893.87603511629,2818.1770254281655,2829.747060527474,3431525
2022-09-01,2808.849365234375,2861.139194303962,2799.252484458516,2861.139194303962,3546935
2022-09-02,2807.68359375,2836.922912111712,2798.624945047044,2836.922912111712,2052900
2022-09-05,2810.37451171875,2823.424581178521,2791.404974371233,2801.62964915947,2147912
2022-09-06,2804.678955078125,2817.0563414080293,2786.112985069215,2812.257791314557,1936453
2022-09-07,2824.904052734375,2835.935855830716,2782.211106134661,2782.211106134661,1291534
2022-09-08,2842.88720703125,2855.309482883852,2834.321902214568,2843.201212734981,1346113
2022-09-09,2885.9384765625,2900.1545684530834,2841.855497183731,2865.6235800858517,1561185
2022-09-12,2908.630859375,2932.7129524680436,2892.531387385331,2905.895243260765,1785928
2022-09-13,2896.432373046875,2927.016830182846,2892.5307323772486,2927.016830182846,1972678
2022-09-14,2798.71435546875,2817.5494417731366,2792.794888299078,2811.809312583414,5090269
2022-09-15,2784.319580078125,2814.276253501851,2780.417938285631,2807.325208656137,2138023
2022-09-16,2698.52978515625,2775.350164437028,2690.726721458401,2758.8917984020136,5322221
2022-09-19,2716.557373046875,2728.3965252199246,2679.7841128450286,2723.015072507459,2072220
2022-09-20,2726.87255859375,2762.4349139256747,2717.6343518212257,2735.5725323613,1544295
2022-09-21,2691.802734375,2727.85842551412,2689.0671186515897,2715.839934791707,2253818
2022-09-22,2697.36328125,2717.5886173125486,2672.16027681335,2681.757156622946,2017983
2022-09-23,2674.627197265625,2710.9071180452506,2671.8915813587437,2694.3143035923686,2652374
2022-09-26,2685.70361328125,2713.9115701152955,2624.4449176434205,2654.715589532401,2925489
2022-09-27,2706.377197265625,2713.148901955787,2669.2003742877428,2699.1570382115037,2227447
2022-09-28,2722.701416015625,2735.5272570862203,2672.7885232951976,2672.7885232951976,2739767
2022-09-29,2688.3046875,2740.8187395314417,2681.757209715352,2739.1593707259813,2493902
2022-09-30,2694.80712890625,2708.3952083772824,2645.9704930699468,2682.5195232802307,2817353
2022-10-03,2677.228271484375,2709.2927657878695,2667.4071624781054,2686.2422500409975,1763331
2022-10-04,2772.47998046875,2778.623894292473,2711.3557238367157,2717.589197171234,2145875
2022-10-06,2782.166259765625,2801.943142965374,2773.645626008208,2790.2833283499613,1790816
2022-10-07,2748.93603515625,2784.902170094704,2742.8372297358187,2778.085574778819,1939879
2022-10-10,2797.055419921875,2804.6342566739895,2695.2113659435045,2699.695910645574,3064063
2022-10-11,2753.10693359375,2820.778670625665,2738.5770522802995,2780.41776754835,4730645
2022-10-12,2781.09033203125,2789.296961055594,2746.3800006423335,2766.8742380689673,1665247
2022-10-13,2783.377197265625,2789.386442591945,2737.679736477988,2781.090035970088,2054781
2022-10-14,2779.655029296875,2825.262932800845,2754.407132263935,2820.778388463066,2245977
2022-10-17,2798.178955078125,2813.15104677649,2761.9399421370213,2763.0189742303005,1517005
2022-10-18,2827.80908203125,2837.386015099938,2813.2866025480944,2832.5750458574003,1793722
2022-10-19,2807.261474609375,2840.6677838083356,2798.403970627268,2840.6677838083356,1194289
2022-10-20,2839.138916015625,2841.566793102016,2792.109143222076,2792.109143222076,1587601
2022-10-21,2821.244384765625,2841.926676749231,2811.8924796841284,2839.5888102481545,1021913
2022-10-24,2843.095703125,2857.753197352684,2837.0709054901563,2850.6493675283837,260949
2022-10-25,2843.455322265625,2863.373179310594,2833.608577956596,2860.001066749578,2069643
2022-10-27,2839.229248046875,2854.156556669097,2818.5021682804067,2842.1967515125716,2438421
2022-10-28,2844.48974609375,2858.2030057564166,2828.078796005641,2832.574946714712,1355739
2022-10-31,2871.37646484375,2876.637048668789,2857.5734147297503,2876.637048668789,1919414
2022-11-01,2931.220703125,2933.828602485197,2880.6390032690038,2890.5755411039963,2991060
2022-11-02,2915.033935546875,2940.4821892267983,2897.364153326128,2940.4821892267983,1405955
2022-11-03,2883.60595703125,2902.7596009654008,2873.040003965025,2902.7596009654008,1422652
2022-11-04,2893.182861328125,2895.565952837209,2847.0973182984712,2892.823257100407,1464013
2022-11-07,2907.84033203125,2916.0234137611046,2873.1301818756806,2903.6139944666893,1474498
2022-11-09,2891.96923828125,2922.318256583237,2879.0201920825657,2922.318256583237,1162267
2022-11-10,2882.616455078125,2900.0166427500517,2850.5589945791207,2850.5589945791207,1573092
2022-11-11,2981.802001953125,3004.8673857085314,2927.038976756328,2940.1228186004687,3265394
2022-11-14,2999.38232421875,3011.5219318868517,2975.552723981365,2989.0411769459224,1342074
2022-11-15,2996.774169921875,3003.3833791047664,2960.26534186353,2986.3430134656087,1400708
2022-11-16,3017.2314453125,3028.5166060956044,2986.7474168217614,3002.4389362944166,1748235
2022-11-17,3011.521484375,3021.4130150791284,2983.420544874636,3003.4284137988952,1417986
2022-11-18,3006.531005859375,3023.886191689514,2986.3433328677056,3012.4210072589017,1164540
2022-11-21,2952.6220703125,2997.7633779898833,2943.180154144301,2987.6920446515246,1304194
2022-11-22,2980.902587890625,2984.4995080635367,2927.218598217636,2949.4745417875265,1149739
2022-11-23,2974.922607421875,2994.435854215807,2959.3658847520182,2994.435854215807,1150011
2022-11-24,3039.532470703125,3051.0426596485013,2974.9229211016186,2982.0717563383823,1296591
2022-11-25,3048.075439453125,3060.395068338358,3010.6225909150426,3042.09564667431,1588981
2022-11-28,3053.111328125,3072.669584921029,3026.404235166422,3026.808844847581,2195437
2022-11-29,3054.99951171875,3083.460056975127,3042.0954717838595,3042.0954717838595,1576028
2022-11-30,3049.109375,3070.7806880330454,3034.9014959409137,3042.095336523885,3410702
2022-12-01,3125.409423828125,3129.321163097448,3075.3673499405954,3079.863501037,2180856
2022-12-02,3092.5869140625,3119.3390078373773,3069.0721362573277,3109.6274990054326,2411749
2022-12-05,3080.67236328125,3092.5871623054572,3063.6770019225387,3087.056984913436,1475065
2022-12-06,3044.208740234375,3064.53120899408,3028.6070100128413,3057.427378941616,1166999
2022-12-07,3039.9375,3051.717283114325,3016.0178904534705,3028.8769253670016,1167505
2022-12-08,3012.91552734375,3039.9374364011487,3002.9339851801747,3021.413208083765,1285619
2022-12-09,2960.939697265625,3034.092148416434,2946.192412509452,3034.092148416434,1797896
2022-12-12,2955.274658203125,2963.8623493913924,2909.9985553110337,2927.4435310812128,1527610
2022-12-13,2996.32470703125,3000.2362262470147,2938.5041676355268,2946.9568427685667,1378016
2022-12-14,3026.22412109375,3036.7000639995404,3004.237769399859,3011.3418189511494,1213311
2022-12-15,2972.04541015625,3025.6843963408824,2966.5150134691307,3020.3340212997255,1415694
2022-12-16,2913.730712890625,2960.265876656412,2900.1972542065696,2944.9789629555735,2703680
2022-12-19,2879.379638671875,2918.4511406152537,2872.590407855624,2901.815384614212,2120965
2022-12-20,2917.057373046875,2921.5985288569414,2844.8491537414297,2876.5470140498965,1529971
2022-12-21,2939.178466796875,2952.2173027124622,2913.5054045863976,2921.598475154693,1432566
2022-12-22,2931.220703125,2962.0643435671373,2918.0920736411094,2962.0643435671373,1384101
2022-12-23,2903.029541015625,2937.649899386993,2892.82319170629,2892.82319170629,1360281
2022-12-26,2925.10546875,2942.2808512656748,2900.0620424940166,2903.0295456954937,870157
2022-12-27,2931.040283203125,2943.8993165416755,2905.861842359533,2939.762770587653,835883
2022-12-28,2928.882568359375,2936.9756395960258,2900.916423270616,2922.318144448592,910795
2022-12-29,2939.3583984375,2941.8312812201243,2902.714771749522,2905.5024728835565,1037927
2022-12-30,2928.522705078125,2966.5601832850143,2919.0807887627284,2954.915197070413,1163131
2023-01-02,2932.79443359375,2937.6504086315626,2909.1896397031755,2932.389823891924,709547
2023-01-03,2977.66552734375,2985.4437794959777,2918.2713383650357,2924.296135819554,1245178
2023-01-04,2980.6328125,2992.05320982366,2955.049761355759,2973.4839774740417,1231668
2023-01-05,2977.440673828125,3001.000456972908,2951.227986433968,2994.615835872255,1826057
2023-01-06,2887.922607421875,2968.8533202291715,2877.53645537055,2967.45946960088,2488376
2023-01-09,2985.3994140625,2991.739031210393,2896.555421767762,2903.6144670208473,2885060
2023-01-10,2955.2294921875,2965.6606483841506,2904.6030169681453,2953.970657956924,3864655
2023-01-11,2993.267333984375,3011.971364872046,2941.5165953316505,2958.5571821774433,2720512
2023-01-12,2998.347900390625,3012.4207633052556,2981.442331005253,2993.5369316546853,2250391
2023-01-13,3034.4970703125,3038.498600471692,2971.9555710443747,3006.036305057248,1742837
2023-01-16,3066.2255859375,3083.6532862672816,3033.1174683396407,3050.5451686694223,1843607
2023-01-17,3107.0126953125,3110.139707684702,3054.2237329495765,3062.5007620361607,1688475
2023-01-18,3117.68115234375,3135.1088531125965,3101.3570106168763,3108.4844527793143,2421189
2023-01-19,3102.13916015625,3114.922484141463,3091.0110626511537,3108.484793740226,1585044
2023-01-20,3092.941650390625,3121.9570534848303,3086.044126765296,3094.688933230869,1529349
2023-01-23,3140.58056640625,3144.3513027053577,3086.044322440379,3115.841536579629,1067916
2023-01-24,3160.261474609375,3174.654217604917,3142.7877478787727,3149.869160648053,1387863
2023-01-25,3154.23828125,3159.066548901159,3131.4764480373938,3150.145794527638,874110
2023-01-27,3137.039794921875,3169.1822103327586,3110.599287508333,3150.788813871164,1785879
2023-01-30,3157.824951171875,3180.632813128412,3113.5889568511743,3145.2715449050534,1953798
2023-01-31,3088.895751953125,3171.9420023718426,3081.8143374740634,3171.9420023718426,2820375
2023-02-01,3134.55712890625,3144.351523952907,3085.492647809887,3092.8500073277646,2205161
2023-02-02,3182.42578125,3190.3350325720744,3145.363262166592,3151.708894962381,1813847
2023-02-03,3202.566650390625,3222.523443017251,3175.5282196617327,3222.523443017251,1804469
2023-02-06,3182.01220703125,3194.151806260683,3160.767964511945,3194.151806260683,1138714
2023-02-07,3193.599853515625,3212.4070586382527,3183.345399100722,3190.2429235610102,1455647
2023-02-08,3237.329833984375,3255.5391168580595,3198.6576730187176,3198.6576730187176,1986946
2023-02-09,3256.4130859375,3262.620857439781,3223.718777786401,3232.639530446887,1655427
2023-02-10,3253.3779296875,3257.7923896112593,3226.339502984949,3237.2376798721584,1187821
2023-02-13,3202.65869140625,3263.9088027055695,3194.3816614754664,3263.9088027055695,1087939
2023-02-14,3218.936767578125,3241.6985980328905,3214.246361188052,3223.4430603616947,1579818
2023-02-15,3237.835693359375,3242.7560170595057,3182.1956652731296,3206.888891516306,1429449
2023-02-16,3272.23193359375,3287.8202954032563,3243.6761347936463,3243.8600238904237,1618931
2023-02-17,3219.902099609375,3254.619637461406,3209.64787029373,3242.89384653125,1061369
2023-02-20,3207.1650390625,3239.0775411980735,3195.8990822539604,3220.6841423269884,1296082
2023-02-21,3173.781005859375,3227.029806293947,3168.0330686566454,3213.326813814157,1139541
2023-02-22,3128.302978515625,3170.101927695676,3122.2790961783635,3140.626464518194,1218430
2023-02-23,3139.56982421875,3175.068955270236,3134.235692746689,3146.1914040159695,1441570
2023-02-24,3127.291748046875,3158.100692470088,3110.599827670895,3147.5705160729894,977592
2023-02-27,3064.202392578125,3117.681110007593,3049.6255341549195,3117.681110007593,1128022
2023-02-28,3046.728515625,3119.52029834111,3034.8186108063605,3061.1212597371414,4116217
2023-03-01,3113.72607421875,3116.761029539812,3048.7054626510703,3056.062821233637,1669307
2023-03-02,3054.6376953125,3099.1956592623837,3051.464878906557,3091.010686559656,1556538
2023-03-03,3073.6748046875,3088.2516630694918,3063.5126314585646,3084.5729833040723,1043190
2023-03-06,3100.989013671875,3131.429952365279,3089.1711657538017,3091.838118627816,1334132
2023-03-08,3118.048828125,3123.199069523481,3063.2826636402224,3093.769631883684,1844590
2023-03-09,3068.800537109375,3113.082552138474,3063.282517814595,3113.082552138474,1648500
2023-03-10,3063.420654296875,3069.16859157978,3025.7141857210204,3046.774538114063,1024404
2023-03-13,3018.310791015625,3099.103887099542,3009.1601197869472,3065.2599875458113,1901233
2023-03-14,2956.693115234375,3038.9575544339746,2951.5889016669603,3016.517695534815,2670334
2023-03-15,2941.931884765625,2998.4457784271503,2935.5862524149616,2988.927105372376,1780522
2023-03-16,2929.148681640625,2961.1532396142297,2917.1929727359693,2950.301089702708,1901060
2023-03-17,2923.906982421875,2962.6249561150617,2891.4425853334556,2897.420440551225,6739966
2023-03-20,2890.798828125,2915.031998513119,2846.424749516427,2915.031998513119,2289468
2023-03-21,2856.5869140625,2903.168107097095,2848.631634298453,2890.798591207588,1815297
2023-03-22,2879.302978515625,2890.9827430058135,2856.587173651309,2878.613225992242,1123939
2023-03-23,2873.646484375,2893.603500974921,2851.896380891422,2864.679702784,1372218
2023-03-24,2869.829833984375,2915.3534926231273,2856.494620847771,2895.9483685231785,1329577
2023-03-27,2871.48583984375,2899.489747939255,2856.4951731343513,2883.1656045641307,1524217
2023-03-28,2865.599365234375,2896.5463922339063,2860.3112632842117,2875.807790984465,1303530
2023-03-29,2886.751708984375,2896.9601345079627,2854.7473766452163,2877.6470669445766,1740616
2023-03-31,2948.369873046875,2954.8996196587623,2898.799751373924,2933.701181901108,2382581
2023-04-03,2942.943603515625,2965.88932201853,2918.802269268036,2965.88932201853,1521830
2023-04-05,2979.546630859375,3002.124572143045,2929.608509647277,2929.608509647277,2655065
2023-04-06,2961.98095703125,2995.686995347432,2956.7388832326774,2965.935582713961,1703464
2023-04-10,3001.2509765625,3009.1602283433854,2956.7390385464496,2961.337388528637,2203187
2023-04-11,2955.63525390625,3010.033640232757,2935.7242652855402,3001.8026392985266,2348779
2023-04-12,2981.247802734375,2998.99747647919,2942.023971821231,2968.6483701740635,2417727
2023-04-13,2932.689453125,2970.5337797333086,2924.550284690997,2952.140381716384,4174070
2023-04-17,2887.3037109375,2909.2837321918887,2823.6165690415223,2882.3375831860076,5505048
2023-04-18,2879.256591796875,2903.260066434997,2860.725332786317,2901.51255887594,2617302
2023-04-19,2841.412109375,2887.763380835499,2824.7659949796926,2879.2564345702986,3298034
2023-04-20,2855.39111328125,2862.9323614573923,2830.7439153761175,2841.7799540325545,2419999
2023-04-21,2906.93896484375,2910.249642075821,2851.7127372827904,2860.173656247601,1929184
2023-04-24,2919.767822265625,2925.423701910702,2875.025750302378,2897.971692192347,1640676
2023-04-25,2920.871826171875,2934.8507648170635,2894.6612320138465,2927.309515965075,2024090
2023-04-26,2941.242431640625,2950.6690488552285,2925.4701814296627,2925.4701814296627,2000029
2023-04-27,2931.861572265625,2942.207858497585,2915.9512383098318,2929.1485910038896,2434446
2023-04-28,2960.6474609375,2968.004820473883,2939.4950522704,2943.311592718381,2931312
2023-05-02,2960.78515625,2975.1320963561516,2952.1403490891025,2975.1320963561516,2321159
2023-05-03,2924.458251953125,2957.658425458373,2918.2504800713327,2957.658425458373,2468285
2023-05-04,2961.98095703125,2965.429719336731,2922.711095151928,2924.688295728886,1953253
2023-05-05,2971.177734375,2983.409389911408,2952.186639259988,2961.3373105779083,1710027
2023-05-08,2989.47900390625,2993.387600899083,2971.7293303036295,2984.3287627630057,928235
2023-05-09,3019.505859375,3033.0709888734486,2985.2481594551896,2991.318069923626,1107375
2023-05-10,3022.771484375,3040.888938969524,3003.6883313480475,3025.7143835505017,1559987
2023-05-11,3018.494384765625,3043.8313346801706,3009.1598253633715,3043.1876106746317,1719623
2023-05-12,3011.275634765625,3025.7144093818356,2998.124308384433,3015.7358997095816,1027479
2023-05-15,2993.571533203125,3027.553290878769,2987.409789819426,3020.1959317271803,1150390
2023-05-16,2996.422607421875,3021.1158357999793,2989.3411935953186,2994.629295895425,986306
2023-05-17,2950.945068359375,3016.517583915495,2941.334561816381,2994.3994756276697,1588815
2023-05-18,2942.805908203125,2969.56816838411,2938.3454192418985,2966.809158600784,1369364
2023-05-19,2963.9580078125,2974.6720715435754,2945.7485002335166,2952.140160660033,1152449
2023-05-22,3033.715087890625,3042.6818695151333,2958.6241295338236,2970.533809965233,1333243
2023-05-23,3032.197998046875,3060.6157110445483,3025.806336495552,3040.4289995858485,1687418
2023-05-24,3037.99169921875,3050.7289928061655,3012.838637267653,3012.838637267653,1016555
2023-05-25,3028.93310546875,3040.428980318715,3004.6539075971464,3029.392940462749,1374917
2023-05-26,3061.4892578125,3070.4560399745756,3026.6338559375918,3028.9330308509448,1791115
2023-05-29,3053.626220703125,3101.127084002137,3045.9468867778996,3090.826825426039,1210372
2023-05-30,3049.809326171875,3059.6957777547364,3036.152362656079,3048.7057671800108,1344224
2023-05-31,3025.254150390625,3060.3854958314014,3002.8600984079567,3043.1877135256354,5815424
2023-06-01,3056.982177734375,3071.6968933913395,3032.6109299275276,3047.785480448772,1177314
2023-06-02,3040.060546875,3067.9263618820232,3032.5651033711206,3059.0516382222463,2030661
2023-06-05,3024.702392578125,3059.7419072973767,3021.1617980068254,3048.7058679563584,1861468
2023-06-06,2972.649169921875,3024.6565495489344,2961.8890766094332,3016.5173808287786,2022849
2023-06-07,3011.826904296875,3015.45978007146,2980.6501840988403,2991.6862230402735,1567196
2023-06-08,2976.4658203125,3007.3207926165123,2973.293003831555,2999.043762912063,1759366
2023-06-09,2951.49658203125,2988.92710113042,2947.8639309217856,2984.3287517440654,1775689
2023-06-12,2986.075439453125,2992.9729621577003,2953.059387252053,2956.7380660278263,2324605
2023-06-13,2983.133544921875,3002.7225608987374,2978.811140811948,2998.124210882047,1371928
2023-06-14,2989.89306640625,2994.3075271171197,2966.7174283351833,2983.1334023931563,1658544
2023-06-15,2979.9326171875,3008.7932982828993,2974.0955619663478,3006.801393292492,2273810
2023-06-16,2941.5751953125,2964.2746801787644,2924.064254609405,2962.0511476509087,4156189
2023-06-19,2974.46630859375,2978.6356017646413,2941.667959462191,2955.565603365162,1468186
2023-06-20,2990.494873046875,2994.942164191664,2965.8034836575825,2977.8017372658956,1528452
2023-06-21,3018.753662109375,3021.718447715978,2987.020706957234,3011.1563283053792,1645987
2023-06-22,3000.501220703125,3027.508883993475,2992.7186308509686,3020.4211763137832,1529603
2023-06-23,2979.979248046875,3010.600209425588,2973.308197955416,2999.389578963673,1119505
2023-06-26,2955.241455078125,2977.7093143980414,2939.8151596740126,2969.4634688796755,1978803
2023-06-27,2962.375732421875,2973.7716202061024,2948.431716890738,2966.6839118331172,863542
2023-06-28,2979.1455078125,2993.5064078645332,2958.715924111652,2972.243055930447,1575872
2023-06-30,3059.56640625,3066.746855836929,2977.8946733632847,2983.3609896661364,2672406
2023-07-03,3031.8173828125,3074.900078835827,3028.5282285215303,3070.7307856722796,1687264
2023-07-04,3065.681640625,3071.3795846691332,3036.450215024391,3048.216842703303,1656681
2023-07-05,3075.965576171875,3084.350533495753,3062.1143025543597,3076.0119468927305,1453008
2023-07-06,3078.69873046875,3083.8409041072446,3059.334769860957,3063.550433878052,1848238
2023-07-07,3084.58251953125,3110.200423093998,3059.3351293811484,3059.3351293811484,1789326
2023-07-10,3031.49365234375,3080.4134143372285,3025.239711281482,3080.4134143372285,1407431
2023-07-11,3031.91015625,3052.8493652895645,3021.1627797878978,3052.8493652895645,1110172
2023-07-12,3020.328369140625,3047.4287732769135,3011.2487565769347,3039.8314402630454,1515240
2023-07-13,3095.0517578125,3119.974776122977,3032.2343603066984,3042.6575935366886,4585146
2023-07-14,3256.357177734375,3265.807757491409,3105.660467771408,3117.7050936905694,6306101
2023-07-17,3235.09326171875,3289.0160708092913,3221.5199876631723,3252.0484312581953,2743228
2023-07-18,3239.865478515625,3265.0201259531977,3210.356054604946,3220.5476611275017,2600090
2023-07-19,3215.03515625,3258.3958571561593,3192.4281829611255,3242.7840776173066,2405370
2023-07-20,3217.125,3231.615999345678,3191.8119589657226,3207.6500721995853,1715404
2023-07-21,3128.87744140625,3190.743301408389,3120.2849419514946,3162.086290650304,3770223
2023-07-24,3153.447265625,3170.818002760362,3132.407344389984,3140.6746314391708,1680132
2023-07-25,3157.5341796875,3164.640544425158,3139.9312141674013,3156.0015544155326,1272980
2023-07-26,3147.4560546875,3177.6924112049487,3144.390576862288,3158.6495731471414,1066803
2023-07-27,3155.444580078125,3169.1461341109766,3144.437026978076,3153.633233546405,1701769
2023-07-28,3116.894287109375,3152.47192520402,3094.228757385738,3144.3903763886888,2599831
2023-07-31,3178.24951171875,3183.0798446211247,3122.003427202266,3125.2546433386306,2743678
2023-08-01,3206.67431640625,3214.0591758025353,3172.2578281403635,3172.2578281403635,1956167
2023-08-02,3196.084716796875,3201.4260004622265,3170.957642026737,3190.7899244338078,1914899
2023-08-03,3158.277587890625,3189.21063084712,3128.59867609207,3176.9024561267456,2026351
2023-08-04,3198.77880859375,3224.277587720079,3159.485492720518,3159.485492720518,2248493
2023-08-07,3236.39990234375,3240.0690865999345,3196.642128515489,3208.439353054858,1853889
2023-08-08,3223.90625,3241.8806958970467,3210.9013844925967,3236.4001647193836,1634225
2023-08-09,3216.3818359375,3220.5619711755417,3181.593866924947,3218.6111506830484,1794589
2023-08-10,3197.431640625,3218.61080881872,3186.2381232080143,3204.770008770933,1096701
2023-08-11,3203.655517578125,3220.236583715237,3171.329094804473,3193.7161307988767,1679974
2023-08-14,3204.631103515625,3209.4149453532923,3168.5425118958265,3196.1313591222456,1190425
2023-08-16,3212.572998046875,3219.6328723246997,3191.0221251590224,3204.770170086617,1328445
2023-08-17,3191.533203125,3214.802667601421,3170.5860359658495,3209.4148924679835,1843241
2023-08-18,3127.762939453125,3167.6134698101937,3117.9163083336994,3167.6134698101937,2526749
2023-08-21,3159.857177734375,3167.3815122350584,3132.314820516641,3135.101577474396,1375579
2023-08-22,3141.742919921875,3168.54232050071,3125.858543041599,3158.3242127535664,1222012
2023-08-23,3156.69873046875,3160.1821764304236,3136.0302844294856,3147.1773115068418,1330046
2023-08-24,3146.945068359375,3170.4467623713062,3137.9810915042904,3165.7556764722162,1152881
2023-08-25,3140.95361328125,3145.133748452828,3112.1106352399906,3135.101378683671,1158046
2023-08-28,3135.612548828125,3152.75105887329,3121.2607957589826,3152.75105887329,1037485
2023-08-29,3136.169677734375,3148.617327956399,3125.812321973633,3140.721516741904,944517
2023-08-30,3149.91748046875,3165.8485755841652,3142.579111915721,3156.4664040334264,1188200
2023-08-31,3118.1953125,3174.4876672491537,3105.9798917034645,3159.2534865205184,3417652
2023-09-01,3139.0029296875,3148.106380926571,3118.1952355297863,3126.741244673602,1277950
2023-09-04,3175.50927734375,3188.839354347761,3130.5032017453473,3137.888061684127,1828332
2023-09-05,3185.58837890625,3201.98370810682,3163.1083582727633,3176.902895771779,1501842
2023-09-06,3186.098876953125,3199.103741686018,3156.5594370607423,3189.907535196781,1314818
2023-09-07,3209.647216796875,3214.059581829734,3179.0393826105205,3186.9351937219517,1885092
2023-09-08,3197.245849609375,3218.703966769239,3190.8828912594386,3209.647007555386,1518917
2023-09-11,3233.24169921875,3237.9327853412556,3200.1258288885356,3215.917451266215,1783604
2023-09-12,3326.2724609375,3334.725485885792,3235.4241575808805,3243.784426721916,4476016
2023-09-13,3314.2431640625,3333.7504596439576,3293.0172779174695,3317.26215028344,1754929
2023-09-14,3306.99755859375,3341.9712621721756,3293.5747267257207,3316.286746985026,2604721
2023-09-15,3342.52880859375,3350.935569707804,3309.2269764561156,3314.243274416184,2952897
2023-09-18,3349.820556640625,3362.0359753584007,3321.117055435085,3325.5759111878315,1395753
2023-09-20,3349.72802734375,3367.3309950501616,3325.52964476678,3325.52964476678,1649396
2023-09-21,3330.453125,3348.7527827829417,3277.2260243157334,3333.472111558681,2004073
2023-09-22,3347.49853515625,3375.45908502732,3311.6424013468136,3329.2453693121192,1989083
2023-09-25,3322.882080078125,3362.6863447912865,3305.697080802258,3346.430264395196,1238778
2023-09-26,3330.824951171875,3339.4174522784638,3284.657720313308,3314.011652646242,1726062
2023-09-27,3334.16845703125,3357.1127071544365,3302.9566931122054,3334.8186548656413,1541134
2023-09-28,3285.35400390625,3346.709144183534,3276.6222567368527,3344.1081258394006,1755753
2023-09-29,3277.78369140625,3314.8009776794106,3256.3720629859226,3285.7722587762732,2243791
2023-10-03,3264.08154296875,3282.984905211429,3232.730532250144,3282.984905211429,1948148
2023-10-04,3286.28271484375,3295.8041332105504,3230.12961480862,3238.4898845941034,1788138
2023-10-05,3334.215087890625,3366.4020365150864,3298.776696384458,3301.37771461772,2990768
2023-10-06,3363.98681640625,3376.573712868575,3320.931561429297,3335.747772538649,2075691
2023-10-09,3379.73193359375,3417.492393516818,3372.9042894426652,3385.955644430069,4233074
2023-10-10,3370.953857421875,3388.696299926251,3345.3623220029544,3381.3114396957885,1848148
2023-10-11,3353.304443359375,3390.554184152061,3348.7528311967617,3390.554184152061,2426417
2023-10-12,3290.741455078125,3333.5644771796983,3286.6078116313074,3320.8848258321595,4241281
2023-10-13,3317.0302734375,3322.7430341793447,3274.4392495057846,3279.0838441859346,2890357
2023-10-16,3273.556640625,3320.5598001135572,3268.958537503607,3312.5247424765194,1671104
2023-10-17,3257.76513671875,3282.9387033243615,3254.32818207953,3279.083780529412,1672065
2023-10-18,3239.372314453125,3272.302442885238,3236.353328139562,3261.434137513778,1408245
2023-10-19,3218.32421875,3238.0684358855883,3214.8317596869083,3231.223125172474,1514545
2023-10-20,3254.55322265625,3259.1632237474687,3207.521434458151,3213.43519615391,1481211
2023-10-23,3175.949462890625,3240.0244989975004,3167.707394851243,3234.4831753695994,1106272
2023-10-25,3157.276611328125,3189.7796767932823,3145.262414223449,3157.6490493920073,1518537
2023-10-26,3107.59033203125,3142.002652711776,3101.3039051963924,3136.740771569839,1984471
2023-10-27,3120.815185546875,3131.1063449752,3107.8232817317794,3119.930474618358,1108851
2023-10-30,3146.51904296875,3150.523774385437,3104.7957579126296,3119.9297454840075,910972
2023-10-31,3137.392578125,3165.5650829081633,3119.976893370138,3165.5650829081633,999811
2023-11-01,3101.9091796875,3140.0470177894435,3083.608783594488,3124.5869734096973,1563475
2023-11-02,3129.336669921875,3144.0979943996585,3113.5971840186144,3113.5971840186144,1245384
2023-11-03,3120.768310546875,3155.2272412387383,3114.621718793595,3149.732529726521,1402598
2023-11-06,3148.103271484375,3159.3257544774574,3128.312665902231,3143.213827752316,1099852
2023-11-07,3138.975830078125,3170.3613524077323,3134.8314904867043,3146.0073603280116,1191144
2023-11-08,3149.3134765625,3168.312363594793,3138.13760716147,3139.9070288671746,992899
2023-11-09,3117.55517578125,3158.579973678366,3112.5261256846,3157.2762132454977,2112352
2023-11-10,3104.5166015625,3117.5551151320815,3094.179059370797,3108.7541639473407,1338557
2023-11-13,3102.74755859375,3125.518348524688,3098.509995691787,3125.518348524688,1030990
2023-11-15,3170.501220703125,3178.603680948949,3125.5649102414236,3150.757229249606,2059802
2023-11-16,3257.62646484375,3286.9631232989923,3179.7212020773018,3194.482754503449,3951984
2023-11-17,3261.91064453125,3282.4463523893537,3252.6906421657363,3257.626697192936,2021292
2023-11-20,3277.88232421875,3291.2000522913654,3251.4792439201733,3251.4792439201733,1475621
2023-11-21,3269.127685546875,3295.996426442188,3260.5595653542873,3277.8822521093884,1807236
2023-11-22,3287.7080078125,3290.036314045069,3242.0268214284124,3259.6287255971747,1798051
2023-11-23,3267.31201171875,3300.606789576356,3259.628601443918,3287.56827517058,2729804
2023-11-24,3219.6748046875,3263.8660077062705,3215.8562918450352,3254.273341378371,1989733
2023-11-28,3231.82861328125,3242.1663837595383,3197.2300740959413,3219.675036815199,1689195
2023-11-29,3272.434326171875,3276.3924466659996,3237.090683940245,3241.9335153053853,1441634
2023-11-30,3248.08056640625,3275.1353041689813,3241.9337467212595,3259.116602029924,3266235
2023-12-01,3270.478515625,3275.4145702734368,3250.3620863601263,3259.6286996171643,1172141
2023-12-04,3271.223388671875,3304.145727168507,3257.76582517753,3301.2119251213085,1625213
2023-12-05,3289.058837890625,3295.019211314365,3262.236702736452,3295.019211314365,1377656
2023-12-06,3356.5791015625,3364.728172438132,3283.051017305754,3289.989550978767,1896572
2023-12-07,3366.6376953125,3381.213029212423,3345.0310582673073,3357.4176932901005,1967653
2023-12-08,3377.62744140625,3394.670689519725,3354.6704315335883,3383.494818936944,1641155
2023-12-11,3392.714599609375,3402.12104768493,3366.7307931511145,3374.0881498547355,1102503
2023-12-12,3419.909423828125,3444.4030235404603,3381.6319783454765,3389.0359467038065,2236866
2023-12-13,3346.753662109375,3399.326766210702,3318.301717262666,3393.319782194453,3850968
2023-12-14,3415.392333984375,3425.404050554102,3378.465488934795,3380.7005719171807,3290396
2023-12-15,3595.8359375,3628.3856112730377,3414.879942101353,3414.879942101353,8531230
2023-12-18,3594.159912109375,3659.1662710789706,3567.104946763213,3593.1355937363787,2521612
2023-12-19,3554.11279296875,3590.341373765734,3529.7121895342984,3580.934925794031,2004435
2023-12-20,3520.445556640625,3631.040100218342,3507.872703265474,3564.403931855312,2586083
2023-12-21,3527.384033203125,3545.265380055125,3486.2662350262744,3498.2802045463336,1517562
2023-12-22,3561.376953125,3581.8194348785914,3503.6349627762156,3539.0252149254707,2413058
2023-12-26,3534.881103515625,3570.6904075901484,3529.8518256722914,3557.51228537649,1285231
2023-12-27,3549.45654296875,3555.975800976492,3509.223453309995,3538.0944530585643,1293976
2023-12-28,3538.932373046875,3574.415852211362,3531.6682392482426,3561.377336856761,1682889
2023-12-29,3532.87890625,3560.073706886277,3506.8018745840577,3531.5751456161715,1574996
2024-01-01,3549.363525390625,3568.828076087877,3513.880044644979,3529.7125282810684,825907
2024-01-02,3523.37890625,3549.3629379884974,3508.5243592421702,3549.3629379884974,1344068
2024-01-03,3438.20947265625,3512.8084878989966,3433.8323028478494,3508.2914833063164,1803075
2024-01-04,3414.972900390625,3463.58788246761,3400.2579615190225,3447.5225716387404,3598144
2024-01-05,3481.1904296875,3490.364047651674,3422.4707254669115,3422.6103328983795,1963127
2024-01-08,3425.68359375,3482.9133158422196,3420.1886545813795,3481.1902782695042,1067805
2024-01-09,3436.486572265625,3494.647840404757,3429.827707784857,3455.159632618118,1370944
2024-01-10,3458.04638671875,3473.133762832251,3434.7167171214965,3436.579361762018,1292227
2024-01-11,3479.001708984375,3513.879690118427,3452.412406909358,3468.244888948058,1777909
2024-01-12,3616.138916015625,3637.0470599000287,3559.142026578151,3583.7288487280734,6813450
2024-01-15,3635.696533203125,3692.6934202169923,3618.1876261142534,3688.036808085571,2801505
2024-01-16,3596.115478515625,3631.2262899610105,3590.760374343459,3631.2262899610105,1432672
2024-01-17,3617.81591796875,3641.424809813843,3550.7140781427956,3556.721063529479,3458696
2024-01-18,3634.578857421875,3640.35301077668,3596.767077362911,3630.294683469867,2239110
2024-01-19,3697.834716796875,3717.059837136614,3671.5760158450357,3699.6634019644803,2941975
2024-01-23,3618.307861328125,3689.2531438679025,3603.771796570635,3657.461455110397,2618854
2024-01-24,3602.881591796875,3642.1288365609107,3568.932886491174,3638.7059187101586,2657709
2024-01-25,3573.340087890625,3620.8870436828015,3543.7051787524156,3601.0991467068993,2205154
2024-01-29,3564.61865234375,3582.4370565517297,3545.7218573588943,3564.4311359857325,1646747
2024-01-30,3564.196533203125,3608.5080891700763,3551.4891523141855,3570.6673355072853,1411621
2024-01-31,3578.63916015625,3595.5666912836496,3560.3518491285945,3574.1845587520775,2459358
2024-02-01,3614.46337890625,3662.0572766858727,3568.417006310839,3582.437231884919,2363107
2024-02-02,3719.638427734375,3736.612663128637,3631.2028376276817,3634.063205902369,2826510
2024-02-05,3726.203125,3771.874458152277,3715.6996914451147,3735.2998425709893,1691523
2024-02-06,3878.784912109375,3891.8203887754125,3741.8645549604466,3748.429229618272,4474396
2024-02-07,3829.4560546875,3896.603391231385,3820.593789517031,3894.7277698637645,2124267
2024-02-08,3877.003173828125,3899.4167572083225,3831.9413254430674,3835.6456317898123,2345173
2024-02-09,3876.628173828125,3924.503225662895,3845.0237708866407,3879.300567921934,2100596
2024-02-12,3864.436767578125,3900.917512535836,3850.2285690197773,3873.1582239962727,1013716
2024-02-13,3891.445556640625,3910.6706762721788,3827.67442810669,3868.891392141469,1257415
2024-02-14,3845.117919921875,3858.9973357555955,3797.6646047310915,3851.588722467118,1391283
2024-02-15,3848.02490234375,3888.444175657724,3829.0809437517446,3871.282423660838,1091582
2024-02-16,3871.56396484375,3889.992312550588,3845.1179762463685,3857.450096117476,1307556
2024-02-19,3848.58740234375,3871.5637647018066,3802.8224229354896,3866.640258482223,772291
2024-02-20,3779.986572265625,3843.1482139238024,3760.6208730684352,3828.2371155114192,1193648
2024-02-21,3743.271728515625,3810.6535246443304,3733.0496825963114,3763.4346602864093,1885939
2024-02-22,3832.92626953125,3840.287946278356,3724.0463538039667,3724.0463538039667,2982052
2024-02-23,3800.1025390625,3873.157895434478,3794.756835314285,3873.157895434478,2538072
2024-02-26,3752.2275390625,3798.1333269385277,3735.065557497388,3785.0039771663946,1379284
2024-02-27,3849.150634765625,3867.531818405149,3750.305466004411,3750.305466004411,2960475
2024-02-28,3862.795654296875,3896.509674983892,3834.7080400231876,3840.8976823678586,1939225
2024-02-29,3840.4287109375,3880.7545712662445,3811.778548098447,3844.08608110517,3772719
2024-03-01,3839.7255859375,3882.536555650418,3832.645068891089,3851.7765458152944,2043265
2024-03-04,3826.923828125,3861.8103380983325,3822.4222912670302,3849.71267244036,1749271
2024-03-05,3762.590576171875,3811.2628621841086,3732.4867597177044,3809.387240696813,2070859
2024-03-06,3811.5439453125,3818.765041667535,3712.2765944807757,3745.662745858388,1744204
2024-03-07,3853.08935546875,3867.5315494972733,3786.598435635506,3812.2007150112554,2688905
2024-03-11,3865.98388671875,3894.7276920199565,3834.707809455719,3834.707809455719,2304068
2024-03-12,3931.536865234375,3966.8925114142617,3864.764560938834,3865.983989585085,4039801
2024-03-13,3890.976806640625,3977.25539574907,3874.9401512123873,3943.4942087066347,2837260
2024-03-14,3945.93212890625,3962.2499424114544,3831.8942638327107,3895.1497744818453,2919608
2024-03-15,3956.85791015625,3975.3796720157243,3917.2354069378816,3931.8653458631275,3373143
2024-03-18,3894.259033203125,3990.1501797762785,3861.7639831846413,3953.106656161222,1526904
2024-03-19,3729.954345703125,3805.6356194004047,3719.919817535177,3799.3053975100765,8931209
2024-03-20,3723.952392578125,3768.123367840969,3713.9178639455963,3738.113425638154,1817913
2024-03-21,3725.874755859375,3759.1200974295043,3702.476426060684,3741.9114094702163,3829582
2024-03-22,3667.68408203125,3693.098845711536,3615.2605510964886,3654.6486037932596,5852485
2024-03-26,3636.361083984375,3701.257540323518,3630.6872833100233,3634.0165571732955,3440925
2024-03-27,3602.037109375,3652.772761001774,3591.252286075508,3646.6769913107573,1968575
2024-03-28,3635.235595703125,3671.5288233376846,3601.661927465741,3610.6650016041267,4311783
2024-04-01,3673.170166015625,3688.690979343402,3646.2550439346555,3655.3048258696854,1569676
2024-04-02,3642.269287109375,3666.6993019354495,3632.140885633653,3648.0836677291272,2142666
2024-04-03,3701.820068359375,3733.4242418469757,3611.5088559037185,3611.5088559037185,3973090
2024-04-04,3754.337646484375,3778.1110105154908,3690.519582126367,3728.6414957560305,3394637
2024-04-05,3731.783203125,3753.1183964079287,3714.199252617092,3730.610939757806,1636819
2024-04-08,3725.5,3781.8622865716975,3713.7304297404708,3735.3000761758317,2302538
2024-04-09,3701.11669921875,3766.1070236289547,3680.953770065772,3736.237662579727,1876992
2024-04-10,3736.847412109375,3742.052307422326,3674.3424188992844,3710.3542591400274,2101965
2024-04-12,3752.5556640625,3763.76268515537,3700.1321372268762,3724.0463102085732,4354821
2024-04-15,3696.099365234375,3811.450077595125,3675.326950485817,3752.555521752734,4200329
2024-04-16,3631.953125,3684.376648663715,3622.6219548397376,3659.337150142385,3051420
2024-04-18,3621.8251953125,3691.2231923226304,3610.571466067614,3635.7048405060677,3476284
2024-04-19,3588.2509765625,3612.962378176155,3564.5243218990936,3599.317187756726,2957749
2024-04-22,3624.26318359375,3636.829754907987,3574.9342510854167,3598.3795176848753,1728883
2024-04-23,3633.735107421875,3652.772710601142,3620.5121138030436,3635.9390541705266,1807586
2024-04-24,3592.799560546875,3655.585938193527,3586.6099186323313,3648.083452943258,1317312
2024-04-25,3612.634521484375,3632.7505162587627,3573.9967644173494,3574.184280775608,2856271
2024-04-26,3583.703125,3635.7046841917695,3566.07223748283,3615.400944510773,2039178
2024-04-29,3629.51513671875,3636.6425900369045,3581.686788233394,3599.3176762116937,1110693
2024-04-30,3583.04638671875,3640.3467125091584,3573.058794270598,3631.2030581143713,2203078
2024-05-02,3623.0439453125,3630.35891420508,3543.0955870607045,3543.0955870607045,2491044
2024-05-03,3604.381591796875,3651.459872612422,3561.430044438285,3648.224242496259,2962234
2024-05-06,3677.20263671875,3694.927167103904,3613.384573734727,3613.384573734727,2053831
2024-05-07,3731.501708984375,3739.988941315255,3670.12204659911,3686.3462169354693,2062112
2024-05-08,3729.6259765625,3736.518976345146,3693.6610759161904,3714.6679426556366,1247685
2024-05-09,3713.917724609375,3724.0461255143723,3666.8866116609574,3715.6058295864877,1726486
2024-05-10,3651.7412109375,3726.484911351382,3643.4417231221314,3716.1689930361385,1672489
2024-05-13,3702.289306640625,3709.0414982162547,3629.327584853832,3642.925840662716,931326
2024-05-14,3658.58740234375,3700.4138550943817,3650.8035270075748,3691.2232635754413,1058317
2024-05-15,3639.080810546875,3682.735947564617,3634.485629369305,3661.682141626229,1115021
2024-05-16,3684.942138671875,3693.0187445265583,3630.67337116967,3675.637702384871,2599399
2024-05-17,3621.7939453125,3702.937300542508,3617.9208829280115,3701.992673680125,2765804
2024-05-21,3608.66357421875,3631.8542103330115,3599.0757035999536,3618.487832180219,1908117
2024-05-22,3619.81005859375,3628.54785688237,3606.16024685102,3622.6439391197887,1311168
2024-05-23,3677.857177734375,3688.767663426612,3613.6698326347005,3628.264270607641,2095742
2024-05-24,3636.341064453125,3668.7418115804035,3631.429050950218,3663.4990864307915,1309452
2024-05-27,3634.02685546875,3691.9325288692844,3628.64252842061,3641.5365929797185,1841538
2024-05-28,3627.272705078125,3655.706066734782,3617.9209911096164,3644.370544047232,1801993
2024-05-29,3593.030029296875,3635.774396680819,3589.582233347775,3635.774396680819,1568095
2024-05-30,3529.220703125,3584.2922676744465,3509.714018991741,3567.8558516313005,2919230
2024-05-31,3467.677978515625,3542.1618998121,3451.430442400017,3532.904510318457,10956800
2024-06-03,3497.8115234375,3543.814803588551,3491.340737451897,3526.103050659108,2156773
2024-06-04,3509.2890625,3537.6278705417226,3392.627636061575,3495.1196584791387,3395997
2024-06-05,3538.997314453125,3574.2792205302862,3495.1194421750433,3510.2334721952598,2799670
2024-06-06,3618.298583984375,3627.2725390345563,3534.3213495003415,3571.634109972148,4328036
2024-06-07,3678.329833984375,3698.2142761529285,3624.8168128885063,3624.8168128885063,4552445
2024-06-10,3645.03173828125,3689.6180814133613,3629.161960387638,3679.3217405498876,1734661
2024-06-11,3638.797119140625,3665.1048380918546,3628.311669035547,3632.0901763711736,1419898
2024-06-12,3619.479248046875,3677.9045088776033,3615.511861543188,3659.862044439457,2177001
2024-06-13,3663.404541015625,3674.598461482482,3638.7026410361236,3643.236896058969,1932323
2024-06-14,3619.857421875,3673.6538756786167,3616.031636949793,3673.6538756786167,1860730
2024-06-18,3603.846435546875,3629.2568087209993,3584.906618726297,3614.1900547154564,1774045
2024-06-19,3591.187744140625,3621.5576348500226,3582.922259445668,3615.7007640544557,1509050
2024-06-20,3577.538330078125,3598.9813152014426,3570.737062326571,3585.8038156912176,2846526
2024-06-21,3599.7373046875,3663.0745905361437,3587.740588030383,3615.0874932858524,4642195
2024-06-24,3605.451904296875,3643.4258585651314,3581.363918973201,3597.8476118252383,1702154
2024-06-25,3625.903076171875,3634.5935975227003,3582.8752747763524,3605.6408753024607,1338808
2024-06-26,3642.33984375,3652.8250643098772,3628.312041577448,3631.618235835589,1639845
2024-06-27,3716.3037109375,3723.7191241208575,3606.679947095457,3618.865541478185,4526556
2024-06-28,3687.965087890625,3740.722593484322,3682.0141228075263,3700.8593836882187,2731571
2024-07-01,3757.91455078125,3780.113282123888,3668.9307461619287,3668.9307461619287,2658723
2024-07-02,3794.944091796875,3800.61185331036,3762.023982045802,3772.462155624164,2307449
2024-07-03,3745.681640625,3803.162277059337,3735.9992153513335,3797.399960989219,1821198
2024-07-04,3798.297607421875,3823.2358967427767,3761.598989570618,3778.3661175753045,2518001
2024-07-05,3789.654052734375,3803.7761780539627,3767.171887521997,3787.953678275629,1668616
2024-07-08,3772.084228515625,3808.0273294957547,3757.7732227074534,3799.2895303521054,1758882
2024-07-09,3764.810302734375,3785.072502499781,3754.9862757638116,3764.3379893103715,1305801
2024-07-10,3692.68798828125,3781.6247453008073,3685.933998497865,3763.109966642414,2669716
2024-07-11,3706.4326171875,3759.615159156207,3679.8887389846327,3713.3284398600626,4872189
2024-07-12,3952.271728515625,3967.3857582493197,3751.396688713167,3759.614896256505,13509164
2024-07-15,3938.338623046875,4005.2180225102193,3926.8610373129627,4001.156311371623,4848030
2024-07-16,3947.07666015625,3962.2847850425974,3915.3841492662273,3940.9836318368075,2029521
2024-07-18,4076.584228515625,4085.51113676854,3929.6477061172545,3929.6477061172545,5613364
2024-07-19,4073.60205078125,4126.955499689888,4057.3641651955472,4087.8043639433604,3903354
2024-07-22,4059.352783203125,4090.219237805453,4038.191243077126,4071.282819315056,1896386
2024-07-23,4073.554931640625,4129.748843691779,4039.421761308917,4055.233855032219,2365208
2024-07-24,4077.24755859375,4108.350718063942,4041.1264332081723,4059.494666466346,1809793
2024-07-25,4092.63330078125,4112.043129044065,4046.902036678233,4066.5957262823526,2810342
2024-07-26,4154.50732421875,4187.26741308513,4106.408555000571,4118.670068060141,3552210
2024-07-29,4148.11767578125,4195.3639523597285,4138.554690987221,4180.214815993727,1746803
2024-07-30,4133.20458984375,4164.118198879963,4097.177778242139,4157.585227320139,1797906
2024-07-31,4152.140625,4179.266948047126,4113.936313834336,4118.670417762799,2330091
2024-08-01,4163.26611328125,4184.285259071731,4132.920227203137,4165.443616342355,2202244
2024-08-02,4055.281005859375,4164.118251496919,4042.9251782382544,4132.873162297419,2811282
2024-08-05,3934.087890625,4013.5736879846177,3891.907205581687,4013.5736879846177,2787771
2024-08-06,3949.379150390625,4031.799717033467,3939.531844107783,3949.1424451879575,2203067
2024-08-07,3977.07373046875,4019.2072572996026,3957.994920939523,4003.1584593448297,1237666
2024-08-08,3950.656982421875,4006.9456644536194,3938.7745661925937,3958.657803185393,2441283
2024-08-09,4003.868408203125,4027.44415336694,3981.901980990388,3992.74326394149,1302536
2024-08-12,3972.52880859375,4013.573584922349,3963.723559610809,4005.0521972685856,936912
2024-08-13,3973.760009765625,4008.839537848005,3960.5516737879557,3988.956299705632,1495593
2024-08-14,4066.83251953125,4077.200393436632,3965.4279074613096,3985.1692159262047,3226545
2024-08-16,4181.2080078125,4191.575880991633,4095.0949293450403,4118.670675923561,3457058
2024-08-19,4251.22607421875,4255.250063264502,4156.875458820732,4185.8954285347645,2055210
2024-08-20,4282.7548828125,4322.23750010525,4260.694140300903,4265.428244901237,2212298
2024-08-21,4309.45458984375,4317.502566118313,4253.6393224018875,4277.736095114591,1896990
2024-08-22,4262.58740234375,4318.402675534502,4258.042847258311,4317.5030108146375,1829872
2024-08-23,4226.51318359375,4266.374430859017,4218.086571122263,4260.693506184104,1809253
2024-08-26,4263.013671875,4310.0703901887255,4246.491463306979,4250.278746663329,1844164
2024-08-27,4257.99560546875,4270.162346746741,4248.1959164894,4265.428242149461,930697
2024-08-28,4266.421875,4319.8700965173775,4220.2643589002255,4259.510267771518,1848058
2024-08-29,4271.86572265625,4313.71538519979,4222.820592184166,4222.820592184166,2133641
2024-08-30,4311.5859375,4348.038544383064,4249.1429103938235,4260.694311007412,3637222
2024-09-02,4280.62451171875,4344.014356887433,4272.055967366194,4332.652505910395,1216500
2024-09-03,4272.38720703125,4313.6210706253505,4256.811818932973,4280.62427113772,1717263
2024-09-04,4241.04736328125,4248.3852249914535,4200.760320366018,4238.869860215786,1265505
2024-09-05,4237.9228515625,4259.746886626945,4217.281880213047,4242.704111797141,1688793
2024-09-06,4219.7431640625,4278.635596658736,4203.883917302406,4236.028665064455,1649179
2024-09-09,4212.9267578125,4251.462553433798,4194.890004562873,4218.0871166522065,1184938
2024-09-10,4268.12646484375,4298.5195066181295,4204.310831961278,4206.204473662924,1385591
2024-09-11,4241.14208984375,4307.419549702135,4233.4727484543055,4281.003340307267,1325919
2024-09-12,4277.45263671875,4291.5601745835365,4195.6469473824145,4270.398636628928,2742216
2024-09-13,4282.09228515625,4305.194622601226,4265.428144890812,4289.098667337487,1458786
2024-09-16,4273.23974609375,4304.295289007335,4255.43969677022,4286.2585344411245,1155120
2024-09-17,4266.04345703125,4294.590014445038,4228.502101148829,4273.239388269134,1699364
2024-09-18,4115.02490234375,4257.9000607847665,4091.2124529893836,4257.9000607847665,2961779
2024-09-19,4067.6845703125,4187.031623708526,4054.0975977566864,4156.590961523186,2927551
2024-09-20,4057.03271484375,4100.397388735434,4002.685288545634,4087.330983142617,5447908
2024-09-23,4041.5048828125,4080.229763925027,4026.8291593303416,4071.3297402117255,1702319
2024-09-24,4044.15576171875,4062.8083176204914,4014.5204536730093,4025.550824249018,3012026
2024-09-25,4047.42236328125,4061.4827451400292,4014.5203392742264,4026.21366904617,2713073
2024-09-26,4064.228271484375,4087.235831927587,4033.456595579135,4033.456595579135,3964251
2024-09-27,4079.567138671875,4145.181637964974,4071.376768553105,4104.468341840603,3012477
2024-09-30,4041.5048828125,4070.1462141244547,4033.504061536598,4058.926294354151,2503416
2024-10-01,4059.873046875,4067.305683040906,4017.3137268821633,4029.243299789114,1823365
2024-10-03,4007.65576171875,4051.446223942952,3986.1155884084665,4035.9184552064203,3350119
2024-10-04,4026.119384765625,4069.4364432295033,3999.4188490488086,4000.3185138773038,2965463
2024-10-07,4045.623291015625,4068.7256257487174,4004.4837429065424,4046.61726791575,1472619
2024-10-08,4027.06591796875,4051.825191579924,3980.3878333935318,4045.3869945057163,1541867
2024-10-09,4026.781982421875,4066.595614866151,4020.8643520160745,4033.456884593668,1082504
2024-10-10,4002.590087890625,4065.5065138830532,3975.3218342504942,4027.065497608203,2378875
2024-10-11,3928.54931640625,4016.3669515997326,3893.7536496314738,3922.6788421196575,5759183
2024-10-14,3916.666259765625,3943.8873583904956,3902.984976280472,3919.8382019814067,2137590
2024-10-15,3897.871826171875,3948.1957233726384,3877.231316907688,3911.364023062213,2759474
2024-10-16,3877.18408203125,3896.1678867388287,3850.9098028436433,3867.7632605900644,2359151
2024-10-17,3890.48681640625,3910.3228978529323,3875.2902957519555,3894.0845506582914,2522659
2024-10-18,3913.313232421875,3935.238244757566,3872.4533402747466,3881.944647481302,2361000
2024-10-21,3872.31103515625,3929.3538837407996,3862.9620049373275,3922.3776803062365,1595450
2024-10-22,3811.234619140625,3881.7550819217454,3802.550165255864,3859.165723179126,1928049
2024-10-23,3859.403076171875,3904.296777177289,3791.9197842909894,3796.143601685057,1966476
2024-10-24,3841.986083984375,3871.504141566946,3800.319338767848,3800.319338767848,2676744
2024-10-25,3851.1455078125,3883.8430156937015,3827.5595160672574,3850.670942439126,1759676
2024-10-28,3882.75146484375,3923.7063623671393,3844.928513292037,3861.9653632236445,1532534
2024-10-29,3867.94482421875,3894.757766071196,3853.565587028902,3887.4970090191655,1445885
2024-10-30,3876.86669921875,3898.079863479923,3853.518222560894,3867.7076804676617,1935002
2024-10-31,3766.577880859375,3870.839986500922,3758.557772361112,3862.962154926698,3740372
2024-11-01,3781.52685546875,3795.5265346519595,3773.7915322018357,3786.889583476844,154895
2024-11-04,3762.496337890625,3788.834714578836,3714.1856783834955,3764.5371079100955,2269192
2024-11-05,3769.330078125,3783.234749379866,3740.6188761258177,3740.6188761258177,967590
2024-11-06,3929.069091796875,3938.7026764053235,3773.032086197068,3799.9400361634475,3792017
2024-11-07,3939.746826171875,3991.8540128312807,3877.246703910295,3957.5907627391994,3724349
2024-11-08,3936.045166015625,3957.6378902806014,3908.1880861984155,3943.6382119110012,1648039
2024-11-11,3985.114990234375,4018.9036701513614,3908.187674053703,3918.201280337874,1406487
2024-11-12,3983.880859375,4003.4330432658335,3952.512277070728,4001.534781984057,1587640
2024-11-13,3939.224853515625,3983.264427096759,3920.9063521955636,3965.5632315109633,1098813
2024-11-14,3935.000732421875,3948.383567490613,3907.049112395529,3924.655300859059,1825432
2024-11-18,3815.031005859375,3998.687803877484,3787.2214288591285,3998.687803877484,3313944
2024-11-19,3834.06103515625,3921.9504005395133,3809.9057047468586,3815.4104775297365,1776233
2024-11-21,3865.6669921875,3884.2698145282143,3819.3018656674813,3839.1386042394874,2384347
2024-11-22,4028.680419921875,4038.504015740722,3847.776008717878,3863.9112312507355,3096553
2024-11-25,4095.593505859375,4107.932203542215,4035.8932843747857,4062.2789294271743,4052167
2024-11-26,4131.28125,4144.47407361588,4090.7531850402665,4101.240893559863,2060669
2024-11-27,4112.15625,4154.724856872267,4104.088638616241,4137.213672581404,1558993
2024-11-28,4028.96533203125,4119.180494692463,4017.6707679424585,4099.2960186022865,2558544
2024-11-29,4053.5947265625,4080.028107836073,3982.219916352583,4005.3313403533516,2017425
2024-12-02,4059.099609375,4070.0623467391047,4014.87002722247,4052.7879830735096,1670944
2024-12-03,4083.87255859375,4104.990718939741,4048.4701650537613,4094.882568586282,2010905
2024-12-04,4132.89453125,4163.789012881952,4070.8687487593297,4094.1224503683907,3302642
2024-12-05,4236.9658203125,4260.646811648703,4138.208977230641,4176.933316227675,3746747
2024-12-06,4219.3603515625,4237.868399443609,4188.276322428843,4226.4788315167725,1842087
2024-12-09,4225.6728515625,4242.045358842877,4190.934569513835,4205.076990034895,2066639
2024-12-10,4207.0693359375,4265.20359458783,4187.659890094591,4200.994991803812,2087828
2024-12-11,4202.22900390625,4222.350297163338,4182.819095248504,4206.405086397892,1635256
2024-12-12,4228.32958984375,4256.850779252977,4200.852073349761,4204.695866937232,1914642
2024-12-13,4246.31640625,4266.248154048947,4170.860503868272,4209.348037802869,1967048
2024-12-16,4190.6025390625,4247.36037614199,4173.328172937727,4232.1742831770125,1646224
2024-12-17,4108.31201171875,4207.44889332409,4098.346139910261,4185.666159565598,3225027
2024-12-18,4126.67822265625,4140.108330075579,4071.3913564877716,4092.3672387441043,1575404
2024-12-19,4054.59130859375,4142.006337975124,4045.1950074358338,4064.177621267067,3015763
2024-12-20,3958.159423828125,4159.090570831168,3941.2650833812017,4108.7866456248585,4116989
2024-12-23,3946.769775390625,4002.4839296244636,3905.577598089669,3986.3959798160035,2195338
2024-12-24,3966.891845703125,4003.4333784366027,3946.7700890546093,3946.7700890546093,1181886
2024-12-26,3957.02099609375,3986.3017716323247,3932.390868416551,3966.8918629397335,1208464
2024-12-27,3952.987060546875,3968.2681573970385,3936.2822676568094,3951.2310760757846,858100
2024-12-30,3947.24462890625,3985.684422832016,3902.825496858013,3939.8415947124545,1527169
2024-12-31,3886.50048828125,3929.353878987766,3826.9425360658684,3924.655496583325,1555429
2025-01-01,3903.2529296875,3923.706511928217,3877.62616777211,3886.1208416217773,763161
2025-01-02,3963.332275390625,3970.213472540019,3888.5409662336,3910.4182421383885,1720835
2025-01-03,3891.3408203125,3967.3190100554248,3884.127566106747,3967.3190100554248,1791953
2025-01-06,3886.690185546875,3938.5600852002444,3859.5449550545113,3896.6560578175076,2085593
2025-01-07,3823.38330078125,3929.7334436078268,3807.4853613249484,3905.6256161656233,2669054
2025-01-08,3899.408447265625,3916.113240154538,3813.3698426153405,3829.6473413152235,2181277
2025-01-09,3833.396484375,3927.265414585994,3820.5357175020263,3892.384862598553,2392472
2025-01-10,4048.65966796875,4078.4150109700595,3957.875400452676,3986.34932419694,7894300
2025-01-13,4072.81494140625,4103.044847646488,4012.355128925775,4029.059922352462,4003771
2025-01-14,4017.717529296875,4094.4548391766625,4004.4296994802094,4083.160276521042,3441709
2025-01-15,4033.426025390625,4039.9276635514543,3993.4202579833063,4003.4334017642514,1653474
2025-01-16,3992.328125,4075.5670695763956,3978.6134649763417,4043.2966270133784,2637705
2025-01-17,3986.528564453125,4021.616254890533,3963.0886298542596,4020.939449433567,1761466
2025-01-20,3941.582275390625,4007.3105183689017,3932.2063483825796,4007.3105183689017,1287799
2025-01-21,3901.033935546875,3973.6734816653625,3895.379258358407,3958.497981875744,1971591
2025-01-22,4017.750244140625,4024.0812547656583,3909.104787428617,3914.711087541146,2409223
2025-01-23,4006.97265625,4051.339285916404,4001.7526640783626,4028.7691913739204,1822998
2025-01-24,4013.64208984375,4038.4351649039104,3966.9071126772737,3966.9071126772737,1910099
2025-01-27,3929.354736328125,4017.5084152856,3906.0599315038703,3964.973867046099,1551782
2025-01-28,3905.334716796875,3964.9735947079557,3893.73557415024,3934.815871023738,2468272
2025-01-29,3962.84716796875,3970.6285432095738,3918.5772926221866,3918.5772926221866,1217089
2025-01-30,3963.0888671875,3991.941831258984,3922.927021299046,3962.943972286711,1531251
2025-01-31,3975.026611328125,3990.540749832513,3948.7836420464023,3972.706876888982,1492943
2025-02-01,3937.08740234375,3997.741255116248,3920.510387972108,3975.6063179805924,437172
2025-02-03,3932.73779296875,3940.8089579536745,3865.1245003058734,3896.2488211358454,1265713
2025-02-04,3969.855224609375,3981.2613328675334,3930.2250514324437,3947.285364884988,2547132
2025-02-05,3954.43798828125,4011.3703550712034,3939.8423053663196,4011.3703550712034,1693912
2025-02-06,3946.36669921875,4001.2209788539626,3916.2089750568643,3968.259986916976,2284536
2025-02-07,3894.798828125,3953.374595002479,3874.113784051329,3953.374595002479,1548940
2025-02-10,3902.096923828125,3916.644230568612,3880.2520112210996,3905.045086746592,1339511
2025-02-11,3831.148681640625,3905.044841909931,3822.8842449885587,3884.1662899452554,1810908
2025-02-12,3818.1962890625,3887.404606196338,3808.5303361658844,3838.446649169052,1678002
2025-02-13,3779.532470703125,3851.3505477933163,3771.896462322554,3835.4501025039126,2277310
2025-02-14,3803.407470703125,3816.1181040365336,3769.72153134308,3793.886412954254,1681975
2025-02-17,3774.071533203125,3802.5860959459837,3727.3849307355754,3727.674956536778,1799806
2025-02-18,3743.817138671875,3793.306774402773,3735.407806152644,3768.1752947909295,2149879
2025-02-19,3657.693359375,3745.508400554833,3642.2759755929487,3742.850263486918,4366672
2025-02-20,3653.150146484375,3661.4629603766616,3625.988960412709,3635.848185178673,2888572
2025-02-21,3659.52978515625,3689.4942392872176,3648.8972369162293,3649.960586134303,1833931
2025-02-24,3552.817626953125,3637.491230016548,3547.4045991108223,3618.1109478843173,2508516
2025-02-25,3508.30615234375,3535.8057424823114,3500.2833638502107,3503.90809636369,4101954
2025-02-27,3491.873779296875,3516.4735816470966,3480.419530987875,3491.0520789257853,3823856
2025-02-28,3366.892822265625,3479.7428149447355,3341.5196975733197,3465.1955095907815,7085018
2025-03-03,3376.36572265625,3405.5568531975428,3360.0301206751515,3368.584583379958,4990439
2025-03-04,3414.062744140625,3432.379676631615,3348.5759170238152,3357.951843598488,2797737
2025-03-05,3428.561767578125,3480.081342184221,3403.2370189380595,3403.2370189380595,2501894
2025-03-06,3481.28955078125,3488.877181911339,3417.9775618337376,3438.1793081878077,2786513
2025-03-07,3490.56884765625,3503.9079097926337,3454.998093954285,3479.743027656133,2051315
2025-03-10,3469.73876953125,3501.1049762137254,3462.9244613654673,3486.0259949428714,1004626
2025-03-11,3455.8681640625,3468.8688234276665,3419.4757100500633,3439.146018462038,1995450
2025-03-12,3389.076416015625,3450.020297279617,3370.3729384283747,3445.912267227522,3174167
2025-03-13,3393.76416015625,3406.5715466921038,3367.7144664369603,3385.3064520665353,1693004
2025-03-17,3380.860107421875,3412.516101378981,3361.1900359739784,3372.450776071524,2690906
2025-03-18,3380.860107421875,3380.860107421875,3380.860107421875,3380.860107421875,0
2025-03-19,3380.2802734375,3428.5132810234372,3347.0776328908673,3428.5132810234372,3051244
2025-03-20,3444.123779296875,3459.3960314822807,3394.68252652922,3394.68252652922,2845192
2025-03-21,3458.57470703125,3495.450223009194,3349.252685164703,3358.9186380800415,4161925
2025-03-24,3507.725830078125,3527.831058731868,3447.4587570622184,3479.7429444303652,1834751
2025-03-25,3535.56396484375,3586.0685693582973,3516.473707634902,3523.2398747468987,3135390
2025-03-26,3514.34716796875,3557.553929809202,3504.7295921250025,3525.897934373459,1734499
2025-03-27,3529.232666015625,3540.638537603521,3489.892285017066,3494.0970689111577,2528474
2025-03-28,3485.687255859375,3538.656721076703,3471.9132739836596,3529.0391458412178,2051919
2025-04-01,3432.186279296875,3464.2771927018816,3407.248075969345,3453.354619757771,2618493
2025-04-02,3425.565185546875,3445.0422214056125,3412.129605979645,3425.6135625063594,1764313
2025-04-03,3289.46875,3385.0167912281404,3282.702582798802,3374.3842427691143,4537821
2025-04-04,3189.184326171875,3286.085501586113,3185.414699028632,3250.2733357697866,5317367
2025-04-07,3164.681396484375,3181.4516833870694,2953.963620596823,2996.4454369330797,6623955
2025-04-08,3182.949951171875,3237.127665022999,3146.5577324611054,3191.7460628104113,5557558
2025-04-09,3138.148193359375,3160.76642752928,3104.752280697163,3151.6321497293247,2990265
2025-04-11,3123.552734375,3188.749540631033,3098.904554048043,3179.6636391398747,7108961
2025-04-15,3139.69482421875,3203.683386247662,3130.415650876791,3203.683386247662,3512160
2025-04-16,3164.43994140625,3168.596348657385,3121.136422017699,3139.695005759879,2384391
2025-04-17,3188.701171875,3193.2443586174536,3110.50370573642,3137.085076745666,2932346
2025-04-21,3210.64306640625,3241.9606599617177,3174.3957423905777,3180.1953142330854,2432946
2025-04-22,3203.683349609375,3222.531957851611,3184.931495290658,3211.6096198122023,2710498
2025-04-23,3298.98974609375,3306.625754540036,3225.818529364827,3252.593171873855,3543923
2025-04-24,3287.970458984375,3298.5062526941524,3274.534643572778,3287.487161364933,2252175
2025-04-25,3332.820556640625,3361.625143451318,3291.256959211522,3305.7558885472554,2742991
2025-04-28,3328.470703125,3342.2930622298845,3291.2567864500143,3320.2546435993536,1593296
2025-04-29,3356.502197265625,3378.250591632357,3315.808440523134,3339.586779424834,1578332
2025-04-30,3338.329833984375,3392.652437661013,3253.5594811525652,3356.018573547744,2809332
2025-05-02,3316.38818359375,3374.867194117627,3305.7556362257724,3356.0185874198487,1721761
2025-05-05,3338.909912109375,3387.4329449049897,3331.27366828836,3334.753505470742,1284443
2025-05-06,3344.419921875,3356.9856614658597,3322.1882287527096,3344.419921875,1324763
2025-05-07,3330.017333984375,3343.9362109554654,3306.335750758935,3306.335750758935,1477128
2025-05-08,3333.6904296875,3360.851851961966,3314.1652518601954,3332.820588313161,2543591
2025-05-09,3325.377685546875,3331.0805031274213,3284.5874131966707,3285.457254527544,2531757
2025-05-12,3499.46142578125,3509.22413241534,3385.209911911905,3387.916425868549,2228678
2025-05-13,3397.582275390625,3501.97456151927,3393.232596801932,3499.4613194961807,3062887
2025-05-14,3430.15673828125,3442.0459078220697,3391.396407841002,3403.3820953219624,2119499
2025-05-15,3460.314453125,3479.7431132346333,3396.712670565691,3444.945682102287,3548330
2025-05-16,3442.335693359375,3473.8465567565913,3427.6434928317944,3473.8465567565913,1666727
2025-05-19,3401.255615234375,3431.413341631395,3386.659931697025,3431.413341631395,2537377
2025-05-20,3381.440673828125,3439.1463709668697,3377.2842664862965,3413.821619142175,2038374
2025-05-21,3408.021484375,3418.847303675328,3381.4401157430884,3390.816042208948,1440153
2025-05-22,3360.8515625,3380.956790168703,3336.0101126719387,3378.2502763697153,2034383
2025-05-23,3397.196044921875,3416.9144952813326,3349.8328737001534,3360.851966080111,1274331
2025-05-26,3419.137451171875,3426.5801874567637,3392.8461073678304,3403.3819012793415,967470
2025-05-27,3381.826904296875,3421.747337093333,3366.7481593177404,3414.014574749619,2467680
2025-05-28,3380.860107421875,3411.114585484783,3376.31715701285,3402.4152283668,1222933
2025-05-29,3381.2470703125,3414.4978538154573,3370.034470581059,3387.626457620242,3188072
2025-05-30,3347.7060546875,3389.5596782127777,3337.7503119241223,3373.4175839622008,3404365
2025-06-02,3334.560302734375,3344.419526975246,3304.4025784742903,3334.7535745851437,1877585
2025-06-03,3291.449951171875,3357.4684509968274,3286.907000896707,3330.887082808426,2848125
2025-06-04,3297.008544921875,3310.563782597761,3286.3791053631217,3304.907652247958,2544807
2025-06-05,3287.451904296875,3324.4113841471617,3280.235380032571,3324.4113841471617,3584683
2025-06-06,3300.226806640625,3306.7605099618336,3275.359545608902,3287.4520036268846,2070390
2025-06-09,3336.991455078125,3348.791310023286,3306.760665733127,3315.634960419095,1718678
2025-06-10,3376.973876953125,3399.305794893864,3338.259013167141,3354.642197095073,2419874
2025-06-11,3385.750732421875,3402.4265208353168,3363.516665314218,3383.8979728571367,2847013
2025-06-12,3348.986083984375,3388.481144938844,3338.259030391803,3385.7505745896515,4060134
2025-06-13,3360.20068359375,3364.881627257479,3309.003383077588,3309.003383077588,2178493
2025-06-16,3409.54541015625,3421.9302340050463,3341.1847251814343,3354.642349665819,1934088
2025-06-17,3428.07373046875,3432.6570601768817,3401.5487008021014,3422.905193528652,2111940
2025-06-18,3365.75927734375,3450.2105407013996,3357.665418209048,3431.7796073253016,2696327
2025-06-19,3339.0390625,3365.3691018363024,3328.312009437062,3364.3939151942172,2672768
2025-06-20,3350.448974609375,3360.786049100129,3326.2642962767654,3340.0145242959966,2351248
2025-06-23,3309.3935546875,3340.0143206716803,3286.3790542083398,3330.262454041982,3123421
2025-06-24,3306.27294921875,3356.690292940616,3298.081476031171,3349.376392565029,3403048
2025-06-25,3359.3232421875,3364.3941654870573,3315.634829755361,3322.7537403887272,1757699
2025-06-26,3356.397705078125,3365.759354753242,3330.555256962972,3359.3232652421043,2879106
2025-06-27,3355.71533203125,3380.387367158931,3345.8658502962735,3369.2703330730474,1778433
2025-06-30,3376.09619140625,3378.924137465807,3344.890218522079,3354.544471150048,1468351
2025-07-01,3344.59765625,3398.525526423559,3328.7996798986564,3369.2699264830403,2375183
2025-07-02,3338.356689453125,3403.3039810516498,3335.1385257152824,3400.671024568939,3090585
2025-07-03,3316.4150390625,3350.058980842342,3313.294489180619,3344.8904436190446,2531870
2025-07-04,3334.943603515625,3341.964900305915,3305.980605453995,3323.4363525656718,1109320
2025-07-07,3327.044677734375,3341.0875101654565,3323.8265137554163,3333.481005692293,1639174
2025-07-08,3321.68115234375,3340.0147113686808,3309.1987139810713,3320.510975827842,2325242
2025-07-09,3299.836669921875,3329.28725945695,3283.4534864064294,3325.3865128143525,2034938
2025-07-10,3298.08154296875,3314.659717489882,3272.7266878187834,3296.1311694956757,3035012
2025-07-11,3184.959716796875,3252.247598137654,3180.1813972680684,3218.0184502225306,7635550
2025-07-14,3142.734130859375,3190.8108827918168,3120.5974403831947,3184.9597625910983,3924009
2025-07-15,3171.599853515625,3178.523536457564,3126.448660244279,3126.448660244279,2590889
2025-07-16,3163.576171875,3175.1222359666176,3151.344969328223,3157.607249475903,2540733
2025-07-17,3140.18994140625,3172.2846643823304,3135.199754145851,3154.7696780470374,2947640
2025-07-18,3121.304931640625,3159.3685771406017,3118.46738821797,3155.6502438038765,3432645
2025-07-21,3090.286865234375,3128.83976152069,3084.2202361520617,3121.4030943290218,3844346
2025-07-22,3091.65673828125,3111.7159107005,3086.764257203384,3091.65673828125,3198036
2025-07-23,3110.7373046875,3113.5748480562365,3089.6996367952283,3091.6566291573,1922875
2025-07-24,3080.30615234375,3105.4534578423713,3072.478182452152,3097.0385335433134,2934778
2025-07-25,3068.368408203125,3089.014534530361,3058.3877948178133,3072.4780444334683,2568917
2025-07-28,3013.08349609375,3050.9512525080645,3003.885488175128,3043.12328264916,3374473
2025-07-29,2990.284423828125,3007.8973556438664,2975.802632112602,2994.1984086760676,4785312
2025-07-30,2987.93603515625,3003.0047807939304,2981.673516260727,2994.1983151611034,2880121
2025-07-31,2971.497314453125,2994.0027271024683,2950.166049468222,2976.2918502873677,2968371
2025-08-01,2938.424072265625,2971.4972914199097,2935.488583681943,2964.7455243430377,2053847
2025-08-04,3008.28857421875,3013.181055141491,2927.2692812506943,2944.392964480288,2519252
2025-08-05,2998.014404296875,3011.322048140622,2976.5854331255146,3008.2886143717656,1927996
2025-08-06,2967.093994140625,3000.8521121202134,2960.9294204705666,2997.1337788834585,1487081
2025-08-07,2981.47802734375,2985.9792055799644,2946.154217712285,2951.1446440658847,2543076
2025-08-08,2971.105712890625,2994.002666894786,2959.9509519667536,2982.5543093380406,2762140
2025-08-11,2975.4111328125,2984.3153044195046,2956.3304579380692,2971.105606429514,1884215
2025-08-12,2970.127197265625,3029.8154640054736,2961.809979769089,2975.6068714078456,3358232
2025-08-13,2970.91015625,2978.9337774241835,2963.473728360306,2970.812449963036,2148166
2025-08-14,2957.30908203125,2990.1864106721328,2954.1779420022144,2968.757439673081,3342174
2025-08-18,2946.44775390625,2983.434958599791,2938.815435653507,2980.988718063058,2945609
2025-08-19,2951.340087890625,2959.950901928915,2946.349900778797,2946.4476070609903,2650784
2025-08-20,3031.96826171875,3036.664852119672,2946.1539583708727,2946.1539583708727,4952358
2025-08-21,3035.882568359375,3062.693270119804,3016.801891436903,3062.693270119804,3230726
2025-08-22,2988.327392578125,3029.1306363096523,2984.4134077810354,3019.639270954844,1593791
2025-08-25,3073.0654296875,3084.220191422538,3010.9309175823823,3020.9115315912086,3448370
2025-08-26,3089.30810546875,3094.0049349317896,3052.9080951888627,3061.7145608480614,5522097
2025-08-28,3027.173828125,3078.838478368692,3020.1287028396528,3077.370733980466,3116051
2025-08-29,3018.3671875,3048.0156702082504,3011.028465982645,3026.4887537573413,2271789
2025-09-01,3045.667236328125,3063.7694152474464,3023.5531276055535,3023.5531276055535,1246862
2025-09-02,3044.591064453125,3087.1556510845603,3036.371791556432,3053.9847239556466,2185229
2025-09-03,3030.89208984375,3074.33722714916,3021.5963756053266,3062.595272321678,1799774
2025-09-04,3029.130615234375,3050.951128104469,3024.3360794475675,3048.99413571954,1481391
2025-09-05,2982.75,3036.664997028233,2963.47367273015,3030.5006621101975,2802055
2025-09-08,2954.079833984375,2998.9927110613953,2951.144345576971,2984.413214194218,2626187
2025-09-09,2983.826171875,2994.19832699537,2965.62628616296,2966.898378981974,2489301
2025-09-10,3043.123291015625,3055.550145422665,2987.740308555338,2990.675797260498,2079428
2025-09-11,3057.017822265625,3071.4996140027415,3043.221168990462,3071.4996140027415,2263446
2025-09-12,3066.019775390625,3080.990814432397,3053.886518550216,3076.3919302537256,1447167
2025-09-15,3044.982421875,3066.607284819441,3029.4244268669395,3066.607284819441,1732539
2025-09-16,3078.055419921875,3082.26300132086,3042.242602669502,3060.736085121159,2573429
2025-09-17,3104.57275390625,3113.966173979194,3074.8263264485827,3084.2199854121977,2418271
2025-09-18,3108.388916015625,3134.1234145595795,3093.4178759668794,3116.51048247651,2633138
2025-09-19,3101.050048828125,3112.107103450778,3076.3919928468,3101.8328935510035,4901694
2025-09-22,3007.70166015625,3040.089740964508,2999.090845838676,3028.445731768582,3634901
2025-09-23,2996.546875,3014.4534044791503,2986.3706093710016,3003.983542191669,3177741
2025-09-24,2970.127197265625,2991.262810224855,2967.778901999341,2984.4133369924134,1625714
2025-09-25,2893.804443359375,2964.4520571099356,2887.5421635017433,2957.015390749667,4974361
2025-09-26,2836.758544921875,2891.260737711385,2829.126226471788,2877.7574418213358,3934636
2025-09-29,2833.82275390625,2866.3087778304835,2831.7678164651984,2853.2947314486933,3110035
2025-09-30,2826.288330078125,2852.610021207006,2823.0594837288886,2848.402439766557,2253458
2025-10-01,2851.53369140625,2861.9058470940704,2804.957413772581,2828.8326264436423,1952902
2025-10-03,2839.498046875,2861.1229086009284,2828.9304789544044,2861.1229086009284,2899519
2025-10-06,2924.137939453125,2929.22631078988,2833.3336834873367,2839.5959635916415,2112774
2025-10-07,2909.75390625,2939.891634958981,2891.9453243871753,2930.5959216848555,3062943
2025-10-08,2962.103759765625,2977.5640480826064,2904.176830334925,2911.0263039913752,4121889
2025-10-09,2995.86181640625,3000.069397912704,2955.0585719818546,2968.757519004287,3211304
2025-10-10,2963.179931640625,3003.983173218589,2942.239970746985,2984.413250266025,8817365
2025-10-13,2942.53369140625,2970.225181329542,2933.7272257063764,2961.9079637241057,2866865
2025-10-14,2896.642333984375,2962.1036338769445,2891.9455044700007,2956.0370052457697,3611416
2025-10-15,2916.7763671875,2926.499513769408,2898.31197994854,2917.954894078994,4282226
2025-10-16,2917.66015625,2921.883430677564,2890.553079047838,2916.87439174088,3251495
2025-10-17,2909.311767578125,2935.4369375213087,2902.6331292681275,2916.972551528368,4374683
2025-10-20,2961.365478515625,2969.0262624451843,2925.320781572273,2932.1958010354274,3133039
2025-10-21,2953.017333984375,2977.669286180243,2942.508423286113,2976.981832168517,310644
2025-10-23,3018.330078125,3042.687339125331,2981.892616996725,3000.4550745732363,5564758
2025-10-24,3008.508544921875,3034.8300966289034,3003.6961270890743,3025.0086400055093,2684318
2025-10-27,3029.821044921875,3038.9550474990237,3005.5620951218402,3011.7496607245316,1946312
2025-10-28,3003.30322265625,3035.0265765381446,2985.919291823652,3021.0801556355614,3470737
2025-10-29,3003.0087890625,3021.080174034828,2991.714113509379,3003.3032409472494,2895420
2025-10-30,2981.106689453125,3009.0978400091353,2978.6513253692647,2994.6603471523654,2241536
2025-10-31,3003.4013671875,3012.6334402910475,2971.088871543434,2980.8120174669925,1868085
2025-11-03,2962.93701171875,3003.4013640895914,2956.2583734171585,2992.499451583931,2194877
2025-11-04,2936.81201171875,2975.214004338424,2922.8655907942766,2965.6872390451917,2670720
2025-11-06,2957.142333984375,2970.0085383136757,2936.61558517126,2936.7138956519902,2542721
2025-11-07,2938.383544921875,2950.3656744717186,2907.6423366423182,2947.419237380036,1830520
2025-11-10,2971.18701171875,2993.4816703122747,2938.579823663838,2939.5619693268272,1556656
2025-11-11,2992.597900390625,3001.142519888641,2964.1156755427983,2990.633609021809,2806868
2025-11-12,3075.8837890625,3080.4015151753365,3002.51755709654,3005.3656835637266,4460315
2025-11-13,3050.249755859375,3075.9819244274895,3046.61586484088,3075.8838537295965,1740435
2025-11-14,3050.54443359375,3057.517763723578,3022.356900982103,3034.830102963518,2210794
2025-11-17,3046.812255859375,3067.7320066302495,3031.4909272444793,3050.544457369475,2232853
2025-11-18,3031.98193359375,3049.5622448251693,3023.0443122614724,3046.6158078736476,2548350
2025-11-19,3091.499755859375,3098.6694669245953,3028.4460542827223,3041.705020306013,3151053
2025-11-20,3088.65185546875,3108.0000778660146,3082.0715272134535,3091.794673762747,2700767
2025-11-21,3094.34814453125,3113.4016740052466,3079.2229578295533,3088.6516518716926,4177037
2025-11-24,3085.115966796875,3122.1428110333977,3075.0981288018247,3101.616062202543,6703764
2025-11-25,3063.5087890625,3093.562543096727,3059.3838251197944,3089.142887490615,2737920
2025-11-26,3106.428466796875,3121.2589624366606,3061.348076121797,3063.115986297256,2508527
2025-11-27,3080.59814453125,3123.223169867727,3069.205159068128,3123.223169867727,2836233
2025-11-28,3081.48193359375,3091.1070087848907,3069.205113141185,3083.937297684263,1616690
2025-12-01,3077.455078125,3097.687374390369,3066.4550948216056,3081.8747335418534,1747647
2025-12-02,3079.714111328125,3087.8659682974553,3064.6872347092776,3075.0980746626374,2512003
2025-12-03,3123.22314453125,3154.5534946281955,3082.9551731709416,3083.9373188138757,3952112
2025-12-04,3171.544677734375,3191.9733551637537,3130.4909417024,3136.9731988901626,5025905
2025-12-05,3180.384033203125,3213.187842167148,3164.866083794654,3172.330486734928,5244013
2025-12-08,3178.71435546875,3201.6964674714213,3151.3125880977464,3185.0983021118977,2544725
2025-12-09,3151.01806640625,3175.964471029267,3124.401822284255,3172.330579931189,2734893
2025-12-10,3132.259033203125,3167.41989738469,3121.357359750894,3167.41989738469,1386849
2025-12-11,3134.91064453125,3151.1160479641035,3096.8035846478047,3147.7768486239356,1914362
2025-12-12,3163.0,3165.4553640739014,3128.8212841349605,3140.607031689688,1146554
2025-12-15,3172.52685546875,3180.384020730158,3140.2143592438706,3153.7680172761306,1562190
2025-12-16,3147.875244140625,3162.509118995985,3134.1252044928165,3162.509118995985,1734623
2025-12-17,3160.348388671875,3179.107227122374,3143.3572206041695,3143.3572206041695,1376350
2025-12-18,3222.2236328125,3229.09865265339,3163.4912725011322,3170.366292342023,2307422
2025-12-19,3223.402099609375,3258.661033366418,3220.259281411304,3240.09857605464,3902511
2025-12-22,3265.5361328125,3269.170263717588,3232.2414895890165,3250.9022578364156,2632816
2025-12-23,3250.902099609375,3260.625245626059,3234.6966963938,3260.625245626059,2365420
2025-12-24,3259.741455078125,3267.696930860065,3237.2504153109776,3245.107580613968,1367708
2025-12-26,3221.437744140625,3260.7235702886815,3213.384197736604,3253.9468611908032,1176664
2025-12-29,3193.446533203125,3229.294848891858,3184.9999848268185,3221.437683809396,2079473
2025-12-30,3188.83056640625,3209.160933545371,3181.6608551553877,3191.973384551631,2807593
2025-12-31,3148.955322265625,3188.0447669329633,3141.392848747715,3182.151893056932,3362634
2026-01-01,3169.77685546875,3176.3574233163417,3141.0982497161094,3157.59834501185,1255735
2026-01-02,3192.660888671875,3196.196709004467,3162.017991655493,3176.2591039024273,1184324
2026-01-05,3158.6787109375,3189.026915514335,3134.026759287417,3182.642968809425,2341703
2026-01-06,3197.669921875,3204.9377039238207,3147.7768738587542,3152.6876022111082,2912325
2026-01-07,3236.75927734375,3241.6700055592964,3165.651788913644,3185.0000101265678,1989442
2026-01-08,3146.6962890625,3228.2143763788763,3125.1873956711997,3228.2143763788763,4159336
2026-01-09,3150.52685546875,3172.0357492326657,3134.0267606372377,3134.0267606372377,1938673
2026-01-12,3181.75927734375,3193.937788002805,3117.6251157476318,3145.8126491306843,2228342
2026-01-13,3209.652099609375,3221.437847833155,3153.1787227037635,3187.0627488471305,5645341
2026-01-14,3135.5,3201.7948316366483,3126.1696162881753,3201.7948316366483,3539511
2026-01-15,3135.5,3135.5,3135.5,3135.5,0
2026-01-16,3206.699951171875,3221.89990234375,3171.0,3219.39990234375,4293470
2026-01-19,3163.60009765625,3220.0,3152.10009765625,3188.0,3387562
2026-01-20,3102.300048828125,3160.0,3091.10009765625,3151.60009765625,4499273
2026-01-21,3122.60009765625,3138.5,3082.0,3100.0,2015150
2026-01-22,3150.39990234375,3160.0,3122.300048828125,3150.0,2269827
2026-01-23,3162.5,3194.5,3152.0,3190.300048828125,2068857
2026-01-27,3158.0,3175.0,3130.0,3175.0,4279874
2026-01-28,3200.10009765625,3205.199951171875,3170.60009765625,3176.0,2751234
2026-01-29,3144.39990234375,3200.10009765625,3125.60009765625,3200.10009765625,2457641
2026-01-30,3123.89990234375,3141.0,3092.0,3141.0,3022068
2026-02-02,3169.60009765625,3198.0,3134.0,3198.0,2636272
2026-02-03,3225.300048828125,3350.0,3186.300048828125,3350.0,4366060
2026-02-04,2999.10009765625,3120.0,2986.0,3120.0,10852595
2026-02-05,2991.5,3029.699951171875,2972.300048828125,2990.0,3521545
2026-02-06,2941.60009765625,2985.0,2916.0,2976.60009765625,4687389
2026-02-09,2948.199951171875,2977.0,2937.5,2959.10009765625,2380318
2026-02-10,2984.60009765625,3011.60009765625,2943.5,2949.800048828125,3547763
2026-02-11,2909.800048828125,2998.0,2904.199951171875,2980.0,3363513
2026-02-12,2750.10009765625,2880.0,2740.0,2869.800048828125,10612156
2026-02-13,2692.199951171875,2713.0,2585.0,2585.0,11168735
2026-02-16,2706.60009765625,2719.800048828125,2671.0,2700.0,2918730
2026-02-17,2717.39990234375,2760.0,2695.199951171875,2716.0,4209118
2026-02-18,2694.89990234375,2730.0,2657.300048828125,2730.0,2950820
2026-02-19,2677.89990234375,2748.699951171875,2666.60009765625,2708.0,3238849
2026-02-20,2686.199951171875,2702.60009765625,2647.5,2667.0,2293482
2026-02-23,2676.300048828125,2704.0,2660.199951171875,2686.0,4699596
2026-02-24,2573.699951171875,2647.5,2561.300048828125,2641.0,7798833
2026-02-25,2629.300048828125,2654.199951171875,2595.0,2596.0,3621285
2026-02-26,2647.699951171875,2671.0,2635.0,2650.0,3464267
2026-02-27,2637.39990234375,2688.60009765625,2626.10009765625,2681.60009765625,5083717
2026-03-02,2613.5,2623.800048828125,2580.300048828125,2592.0,3374385
2026-03-04,2587.800048828125,2635.0,2580.39990234375,2625.0,3446434
2026-03-05,2578.800048828125,2609.5,2546.39990234375,2600.0,2960636
2026-03-06,2557.60009765625,2619.199951171875,2553.60009765625,2572.0,3998643
2026-03-09,2527.39990234375,2560.0,2505.0,2530.0,3653428
2026-03-10,2513.10009765625,2545.199951171875,2490.10009765625,2541.0,4323710
2026-03-11,2464.89990234375,2521.0,2460.10009765625,2508.10009765625,2720664
2026-03-12,2442.39990234375,2472.89990234375,2436.0,2459.800048828125,2752075
2026-03-13,2410.5,2445.89990234375,2397.0,2437.0,2466488
2026-03-16,2409.199951171875,2425.0,2366.10009765625,2410.0,3807451
